year,month,units,load,total_services,billed_services,circle_count,division_count,subdivision_count,charging_station_count,latitude,longitude,district_area_sqkm,quarter,year_index,month_of_year,is_first_month,is_last_month,stations_per_sqkm,units_per_station,load_per_station,services_per_station,billed_service_ratio,average_units_per_service,average_load_per_service,average_units_per_billed_service,previous_month_units,previous_month_load,rolling_average_3m,rolling_average_6m,rolling_average_12m,rolling_std_3m,rolling_std_6m,rolling_max_6m,rolling_min_6m,monthly_growth_rate,monthly_load_growth,cumulative_units,cumulative_load
2023,1,600.0,105.0,3,3.0,1,1,1,3,19.519845239095925,78.5658902721029,3999.9751418715546,1,2,1,1,0,0.000750004660928049,200.0,35.0,1.0,1.0,200.0,35.0,200.0,,,,,,,,,,,,,
2023,2,566.0,105.0,3,3.0,1,1,1,3,19.519845239095925,78.5658902721029,3999.9751418715546,1,2,2,0,0,0.000750004660928049,188.66666666666666,35.0,1.0,1.0,188.66666666666666,35.0,188.66666666666666,600.0,105.0,600.0,600.0,600.0,,,,,-5.666666666666667,0.0,600.0,105.0
2023,3,600.0,105.0,3,3.0,1,1,1,3,19.519845239095925,78.5658902721029,3999.9751418715546,1,2,3,0,0,0.000750004660928049,200.0,35.0,1.0,1.0,200.0,35.0,200.0,566.0,105.0,583.0,583.0,583.0,,,,,6.007067137809187,0.0,1166.0,210.0
2023,4,1075.0,105.0,3,3.0,1,1,1,3,19.519845239095925,78.5658902721029,3999.9751418715546,2,2,4,0,0,0.000750004660928049,358.3333333333333,35.0,1.0,1.0,358.3333333333333,35.0,358.3333333333333,600.0,105.0,588.6666666666666,588.6666666666666,588.6666666666666,19.629909152447283,,,,79.16666666666667,0.0,1766.0,315.0
2023,5,847.0,105.0,3,3.0,1,1,1,3,19.519845239095925,78.5658902721029,3999.9751418715546,2,2,5,0,0,0.000750004660928049,282.3333333333333,35.0,1.0,1.0,282.3333333333333,35.0,282.3333333333333,1075.0,105.0,747.0,710.25,710.25,284.56457966514387,,,,-21.209302325581394,0.0,2841.0,420.0
2023,6,711.0,105.0,3,3.0,1,1,1,3,19.519845239095925,78.5658902721029,3999.9751418715546,2,2,6,0,0,0.000750004660928049,237.0,35.0,1.0,1.0,237.0,35.0,237.0,847.0,105.0,840.6666666666666,737.6,737.6,237.56332489113998,,,,-16.05667060212515,0.0,3688.0,525.0
2023,7,804.0,105.0,3,3.0,1,1,1,3,19.519845239095925,78.5658902721029,3999.9751418715546,3,2,7,0,0,0.000750004660928049,268.0,35.0,1.0,1.0,268.0,35.0,268.0,711.0,105.0,877.6666666666666,733.1666666666666,733.1666666666666,183.92752195724634,196.8302991580988,1075.0,566.0,13.080168776371307,0.0,4399.0,630.0
2023,8,698.0,105.0,3,3.0,1,1,1,3,19.519845239095925,78.5658902721029,3999.9751418715546,3,2,8,0,0,0.000750004660928049,232.66666666666666,35.0,1.0,1.0,232.66666666666666,35.0,232.66666666666666,804.0,105.0,787.3333333333334,767.1666666666666,743.2857142857143,69.51498639382251,186.57911637336764,1075.0,566.0,-13.18407960199005,0.0,5203.0,735.0
2023,9,986.0,105.0,3,3.0,1,1,1,3,19.519845239095925,78.5658902721029,3999.9751418715546,3,2,9,0,0,0.000750004660928049,328.6666666666667,35.0,1.0,1.0,328.6666666666667,35.0,328.6666666666667,698.0,105.0,737.6666666666666,789.1666666666666,737.625,57.81291666516515,164.6030578897812,1075.0,600.0,41.260744985673355,0.0,5901.0,840.0
2023,10,987.0,105.0,3,3.0,1,1,1,3,19.519845239095925,78.5658902721029,3999.9751418715546,4,2,10,0,0,0.000750004660928049,329.0,35.0,1.0,1.0,329.0,35.0,329.0,986.0,105.0,829.3333333333334,853.5,765.2222222222222,145.66170853499324,150.72989086442007,1075.0,698.0,0.10141987829614604,0.0,6887.0,945.0
2023,11,930.0,105.0,3,3.0,1,1,1,3,19.519845239095925,78.5658902721029,3999.9751418715546,4,2,11,0,0,0.000750004660928049,310.0,35.0,1.0,1.0,310.0,35.0,310.0,987.0,105.0,890.3333333333334,838.8333333333334,787.4,166.56630311480566,127.33171901245444,987.0,698.0,-5.775075987841945,0.0,7874.0,1050.0
2023,12,1315.0,105.0,3,3.0,1,1,1,3,19.519845239095925,78.5658902721029,3999.9751418715546,4,2,12,0,0,0.000750004660928049,438.3333333333333,35.0,1.0,1.0,438.3333333333333,35.0,438.3333333333333,930.0,105.0,967.6666666666666,852.6666666666666,800.3636363636364,32.62412195497856,132.78805167132563,987.0,698.0,41.39784946236559,0.0,8804.0,1155.0
2024,1,1211.0,105.0,3,3.0,1,1,1,3,19.519845239095925,78.5658902721029,3999.9751418715546,1,3,1,0,0,0.000750004660928049,403.6666666666667,35.0,1.0,1.0,403.6666666666667,35.0,403.6666666666667,1315.0,105.0,1077.3333333333333,953.3333333333334,843.25,207.78915595702614,210.25857097076118,1315.0,698.0,-7.908745247148289,0.0,10119.0,1260.0
2024,2,1239.0,105.0,3,3.0,1,1,1,3,19.519845239095925,78.5658902721029,3999.9751418715546,1,3,2,0,0,0.000750004660928049,413.0,35.0,1.0,1.0,413.0,35.0,413.0,1211.0,105.0,1152.0,1021.1666666666666,894.1666666666666,199.1657601095128,217.95725880701153,1315.0,698.0,2.3121387283236996,0.0,11330.0,1365.0
2024,3,729.0,105.0,3,3.0,1,1,1,3,19.519845239095925,78.5658902721029,3999.9751418715546,1,3,3,0,0,0.000750004660928049,243.0,35.0,1.0,1.0,243.0,35.0,243.0,1239.0,105.0,1255.0,1111.3333333333333,950.25,53.81449618829484,162.33381245651373,1315.0,930.0,-41.16222760290557,0.0,12569.0,1470.0
2024,4,1007.0,105.0,3,3.0,1,1,1,3,19.519845239095925,78.5658902721029,3999.9751418715546,2,3,4,0,0,0.000750004660928049,335.6666666666667,35.0,1.0,1.0,335.6666666666667,35.0,335.6666666666667,729.0,105.0,1059.6666666666667,1068.5,961.0,286.7077489942212,224.1532957598436,1315.0,729.0,38.13443072702332,0.0,13298.0,1575.0
2024,5,1162.0,105.0,3,3.0,1,1,1,3,19.519845239095925,78.5658902721029,3999.9751418715546,2,3,5,0,0,0.000750004660928049,387.3333333333333,35.0,1.0,1.0,387.3333333333333,35.0,387.3333333333333,1007.0,105.0,991.6666666666666,1071.8333333333333,955.3333333333334,255.34551755089294,222.84381675663917,1315.0,729.0,15.392254220456802,0.0,14305.0,1680.0
2024,6,1419.0,105.0,3,3.0,1,1,1,3,19.519845239095925,78.5658902721029,3999.9751418715546,2,3,6,0,0,0.000750004660928049,473.0,35.0,1.0,1.0,473.0,35.0,473.0,1162.0,105.0,966.0,1110.5,981.5833333333334,219.3923426193358,213.2320332407866,1315.0,729.0,22.117039586919105,0.0,15467.0,1785.0
2024,7,694.0,105.0,3,3.0,1,1,1,3,19.519845239095925,78.5658902721029,3999.9751418715546,3,3,7,0,0,0.000750004660928049,231.33333333333334,35.0,1.0,1.0,231.33333333333334,35.0,231.33333333333334,1419.0,105.0,1196.0,1127.8333333333333,1040.5833333333333,208.09372888196302,236.17317092901683,1419.0,729.0,-51.092318534179,0.0,16886.0,1890.0
2024,8,1101.0,105.0,3,3.0,1,1,1,3,19.519845239095925,78.5658902721029,3999.9751418715546,3,3,8,0,0,0.000750004660928049,367.0,35.0,1.0,1.0,367.0,35.0,367.0,694.0,105.0,1091.6666666666667,1041.6666666666667,1031.4166666666667,367.58173694204856,288.3176488990338,1419.0,694.0,58.64553314121037,0.0,17580.0,1995.0
2024,9,711.0,105.0,3,3.0,1,1,1,3,19.519845239095925,78.5658902721029,3999.9751418715546,3,3,9,0,0,0.000750004660928049,237.0,35.0,1.0,1.0,237.0,35.0,237.0,1101.0,105.0,1071.3333333333333,1018.6666666666666,1065.0,363.4093192714427,274.60565665453163,1419.0,694.0,-35.42234332425068,0.0,18681.0,2100.0
2024,10,683.0,105.0,3,3.0,1,1,1,3,19.519845239095925,78.5658902721029,3999.9751418715546,4,3,10,0,0,0.000750004660928049,227.66666666666666,35.0,1.0,1.0,227.66666666666666,35.0,227.66666666666666,711.0,105.0,835.3333333333334,1015.6666666666666,1042.0833333333333,230.23104337454936,278.47417594216256,1419.0,694.0,-3.938115330520394,0.0,19392.0,2205.0
2024,11,1086.0,105.0,3,3.0,1,1,1,3,19.519845239095925,78.5658902721029,3999.9751418715546,4,3,11,0,0,0.000750004660928049,362.0,35.0,1.0,1.0,362.0,35.0,362.0,683.0,105.0,831.6666666666666,961.6666666666666,1016.75,233.6692819634914,310.1081531767045,1419.0,683.0,59.004392386530014,0.0,20075.0,2310.0
2024,12,976.0,105.0,3,3.0,1,1,1,3,19.519845239095925,78.5658902721029,3999.9751418715546,4,3,12,0,0,0.000750004660928049,325.3333333333333,35.0,1.0,1.0,325.3333333333333,35.0,325.3333333333333,1086.0,105.0,826.6666666666666,949.0,1029.75,225.02518377580242,301.72769180173,1419.0,683.0,-10.128913443830571,0.0,21161.0,2415.0
2025,1,1300.0,105.0,3,3.0,1,1,1,3,19.519845239095925,78.5658902721029,3999.9751418715546,1,4,1,0,0,0.000750004660928049,433.3333333333333,35.0,1.0,1.0,433.3333333333333,35.0,433.3333333333333,976.0,105.0,915.0,875.1666666666666,1001.5,208.3098653448756,201.15607539089225,1101.0,683.0,33.19672131147541,0.0,22137.0,2520.0
2025,2,1029.0,105.0,3,3.0,1,1,1,3,19.519845239095925,78.5658902721029,3999.9751418715546,1,4,2,0,0,0.000750004660928049,343.0,35.0,1.0,1.0,343.0,35.0,343.0,1300.0,105.0,1120.6666666666667,976.1666666666666,1008.9166666666666,164.75840899126587,240.32263036731777,1300.0,683.0,-20.846153846153847,0.0,23437.0,2625.0
2025,3,1820.0,105.0,3,3.0,1,1,1,3,19.519845239095925,78.5658902721029,3999.9751418715546,1,4,3,0,0,0.000750004660928049,606.6666666666666,35.0,1.0,1.0,606.6666666666666,35.0,606.6666666666666,1029.0,105.0,1101.6666666666667,964.1666666666666,991.4166666666666,173.79393928826536,234.57145322196905,1300.0,683.0,76.87074829931973,0.0,24466.0,2730.0
2025,4,936.0,105.0,3,3.0,1,1,1,3,19.519845239095925,78.5658902721029,3999.9751418715546,2,4,4,0,0,0.000750004660928049,312.0,35.0,1.0,1.0,312.0,35.0,312.0,1820.0,105.0,1383.0,1149.0,1082.3333333333333,401.9788551652927,384.3165362042075,1820.0,683.0,-48.57142857142857,0.0,26286.0,2835.0
2025,5,1844.0,105.0,3,3.0,1,1,1,3,19.519845239095925,78.5658902721029,3999.9751418715546,2,4,5,0,0,0.000750004660928049,614.6666666666666,35.0,1.0,1.0,614.6666666666666,35.0,614.6666666666666,936.0,105.0,1261.6666666666667,1191.1666666666667,1076.4166666666667,485.76160133684186,333.47888488878374,1820.0,936.0,97.00854700854701,0.0,27222.0,2940.0
2025,6,1458.0,105.0,3,3.0,1,1,1,3,19.519845239095925,78.5658902721029,3999.9751418715546,2,4,6,0,0,0.000750004660928049,486.0,35.0,1.0,1.0,486.0,35.0,486.0,1844.0,105.0,1533.3333333333333,1317.5,1133.25,517.4450051293687,418.42836901911915,1844.0,936.0,-20.932754880694144,0.0,29066.0,3045.0
2025,7,1317.0,105.0,3,3.0,1,1,1,3,19.519845239095925,78.5658902721029,3999.9751418715546,3,4,7,0,0,0.000750004660928049,439.0,35.0,1.0,1.0,439.0,35.0,439.0,1458.0,105.0,1412.6666666666667,1397.8333333333333,1136.5,455.69434200276464,384.6579866149498,1844.0,936.0,-9.670781893004115,0.0,30524.0,3150.0
2025,8,1106.0,105.0,3,3.0,1,1,1,3,19.519845239095925,78.5658902721029,3999.9751418715546,3,4,8,0,0,0.000750004660928049,368.6666666666667,35.0,1.0,1.0,368.6666666666667,35.0,368.6666666666667,1317.0,105.0,1539.6666666666667,1400.6666666666667,1188.4166666666667,272.82656273415245,383.85500734869527,1844.0,936.0,-16.021260440394837,0.0,31841.0,3255.0
2025,9,1413.0,105.0,3,3.0,1,1,1,3,19.519845239095925,78.5658902721029,3999.9751418715546,3,4,9,0,0,0.000750004660928049,471.0,35.0,1.0,1.0,471.0,35.0,471.0,1106.0,105.0,1293.6666666666667,1413.5,1188.8333333333333,177.1562398938655,369.9804048865294,1844.0,936.0,27.75768535262206,0.0,32947.0,3360.0
2025,10,1469.0,255.0,6,4.0,1,2,3,3,19.519845239095925,78.5658902721029,3999.9751418715546,4,4,10,0,0,0.000750004660928049,489.6666666666667,85.0,2.0,0.6666666666666666,244.83333333333334,42.5,367.25,1413.0,105.0,1278.6666666666667,1345.6666666666667,1247.3333333333333,157.0488246798837,313.55297266437583,1844.0,936.0,3.9631988676574665,142.85714285714286,34360.0,3465.0
2025,11,1639.0,305.0,7,7.0,1,2,3,3,19.519845239095925,78.5658902721029,3999.9751418715546,4,4,11,0,0,0.000750004660928049,546.3333333333334,101.66666666666667,2.3333333333333335,1.0,234.14285714285714,43.57142857142857,234.14285714285714,1469.0,255.0,1329.3333333333333,1434.5,1312.8333333333333,195.42858883319184,241.5009316752221,1844.0,1106.0,11.572498298162015,19.607843137254903,35829.0,3720.0
2025,12,1934.0,305.0,7,7.0,1,2,3,3,19.519845239095925,78.5658902721029,3999.9751418715546,4,4,12,0,0,0.000750004660928049,644.6666666666666,101.66666666666667,2.3333333333333335,1.0,276.2857142857143,43.57142857142857,276.2857142857143,1639.0,305.0,1507.0,1400.3333333333333,1358.9166666666667,117.6945198384321,178.17931043380685,1639.0,1106.0,17.998779743746187,0.0,37468.0,4025.0
2026,1,2232.0,425.0,8,7.0,1,2,3,3,19.519845239095925,78.5658902721029,3999.9751418715546,1,5,1,0,0,0.000750004660928049,744.0,141.66666666666666,2.6666666666666665,0.875,279.0,53.125,318.85714285714283,1934.0,305.0,1680.6666666666667,1479.6666666666667,1438.75,235.2835169180623,283.7080659175327,1934.0,1106.0,15.408479834539813,39.34426229508197,39402.0,4330.0
2026,2,3121.0,425.0,8,8.0,1,2,3,3,19.519845239095925,78.5658902721029,3999.9751418715546,1,5,2,0,0,0.000750004660928049,1040.3333333333333,141.66666666666666,2.6666666666666665,1.0,390.125,53.125,390.125,2232.0,425.0,1935.0,1632.1666666666667,1516.4166666666667,296.5012647527803,400.6142367248915,2232.0,1106.0,39.82974910394265,0.0,41634.0,4755.0
2026,3,4219.0,545.0,9,8.0,1,2,3,3,19.519845239095925,78.5658902721029,3999.9751418715546,1,5,3,0,0,0.000750004660928049,1406.3333333333333,181.66666666666666,3.0,0.8888888888888888,468.77777777777777,60.55555555555556,527.375,3121.0,425.0,2429.0,1968.0,1690.75,617.5346144144452,642.7329149810217,3121.0,1413.0,35.18103172060237,28.235294117647058,44755.0,5180.0
2026,4,7663.0,545.0,9,9.0,1,2,3,3,19.519845239095925,78.5658902721029,3999.9751418715546,2,5,4,0,0,0.000750004660928049,2554.3333333333335,181.66666666666666,3.0,1.0,851.4444444444445,60.55555555555556,851.4444444444445,4219.0,545.0,3190.6666666666665,2435.6666666666665,1890.6666666666667,995.3302634469271,1049.9744123866394,4219.0,1469.0,81.63071817966343,0.0,48974.0,5725.0
2026,5,8337.0,545.0,9,9.0,1,2,3,3,19.519845239095925,78.5658902721029,3999.9751418715546,2,5,5,0,0,0.000750004660928049,2779.0,181.66666666666666,3.0,1.0,926.3333333333334,60.55555555555556,926.3333333333334,7663.0,545.0,5001.0,3468.0,2451.25,2369.827841848431,2258.6955527472055,7663.0,1639.0,8.795510896515724,0.0,56637.0,6270.0
2026,6,7310.0,545.0,9,9.0,1,2,3,3,19.519845239095925,78.5658902721029,3999.9751418715546,2,5,6,0,1,0.000750004660928049,2436.6666666666665,181.66666666666666,3.0,1.0,812.2222222222222,60.55555555555556,812.2222222222222,8337.0,545.0,6739.666666666667,4584.333333333333,2992.3333333333335,2208.820801543964,2771.0376155272006,8337.0,1934.0,-12.318579824877053,0.0,64974.0,6815.0
2023,1,222.0,60.0,2,1.0,1,2,2,5,17.690286621315373,80.71671358448195,6901.593506517005,1,2,1,1,0,0.0007244703698180171,44.4,12.0,0.4,0.5,111.0,30.0,222.0,,,,,,,,,,,,,
2023,2,233.0,145.0,5,3.0,1,2,5,5,17.690286621315373,80.71671358448195,6901.593506517005,1,2,2,0,0,0.0007244703698180171,46.6,29.0,1.0,0.6,46.6,29.0,77.66666666666667,222.0,60.0,222.0,222.0,222.0,,,,,4.954954954954955,141.66666666666666,222.0,60.0
2023,3,738.0,145.0,5,5.0,1,2,5,5,17.690286621315373,80.71671358448195,6901.593506517005,1,2,3,0,0,0.0007244703698180171,147.6,29.0,1.0,1.0,147.6,29.0,147.6,233.0,145.0,227.5,227.5,227.5,,,,,216.73819742489272,0.0,455.0,205.0
2023,4,861.0,145.0,5,5.0,1,2,5,5,17.690286621315373,80.71671358448195,6901.593506517005,2,2,4,0,0,0.0007244703698180171,172.2,29.0,1.0,1.0,172.2,29.0,172.2,738.0,145.0,397.6666666666667,397.6666666666667,397.6666666666667,294.7886248370743,,,,16.666666666666668,0.0,1193.0,350.0
2023,5,1097.0,145.0,5,5.0,1,2,5,5,17.690286621315373,80.71671358448195,6901.593506517005,2,2,5,0,0,0.0007244703698180171,219.4,29.0,1.0,1.0,219.4,29.0,219.4,861.0,145.0,610.6666666666666,513.5,513.5,332.8007411850721,,,,27.40998838559814,0.0,2054.0,495.0
2023,6,1353.0,145.0,5,5.0,1,2,5,5,17.690286621315373,80.71671358448195,6901.593506517005,2,2,6,0,0,0.0007244703698180171,270.6,29.0,1.0,1.0,270.6,29.0,270.6,1097.0,145.0,898.6666666666666,630.2,630.2,182.4399444566167,,,,23.336371923427528,0.0,3151.0,640.0
2023,7,1266.0,145.0,5,5.0,1,2,5,5,17.690286621315373,80.71671358448195,6901.593506517005,3,2,7,0,0,0.0007244703698180171,253.2,29.0,1.0,1.0,253.2,29.0,253.2,1353.0,145.0,1103.6666666666667,750.6666666666666,750.6666666666666,246.06774135049352,456.62968220065005,1353.0,222.0,-6.430155210643015,0.0,4504.0,785.0
2023,8,1109.0,145.0,5,5.0,1,2,5,5,17.690286621315373,80.71671358448195,6901.593506517005,3,2,8,0,0,0.0007244703698180171,221.8,29.0,1.0,1.0,221.8,29.0,221.8,1266.0,145.0,1238.6666666666667,924.6666666666666,824.2857142857143,130.17040114147824,411.5768053069398,1353.0,233.0,-12.40126382306477,0.0,5770.0,930.0
2023,9,1052.0,175.0,6,6.0,1,2,5,5,17.690286621315373,80.71671358448195,6901.593506517005,3,2,9,0,0,0.0007244703698180171,210.4,35.0,1.2,1.0,175.33333333333334,29.166666666666668,175.33333333333334,1109.0,145.0,1242.6666666666667,1070.6666666666667,859.875,123.66217422208523,234.37462888859497,1353.0,738.0,-5.139765554553652,20.689655172413794,6879.0,1075.0
2023,10,988.0,175.0,6,6.0,1,2,5,5,17.690286621315373,80.71671358448195,6901.593506517005,4,2,10,0,0,0.0007244703698180171,197.6,35.0,1.2,1.0,164.66666666666666,29.166666666666668,164.66666666666666,1052.0,175.0,1142.3333333333333,1123.0,881.2222222222222,110.82568895943469,171.9918602725139,1353.0,861.0,-6.083650190114068,0.0,7931.0,1250.0
2023,11,974.0,175.0,6,6.0,1,2,5,5,17.690286621315373,80.71671358448195,6901.593506517005,4,2,11,0,0,0.0007244703698180171,194.8,35.0,1.2,1.0,162.33333333333334,29.166666666666668,162.33333333333334,988.0,175.0,1049.6666666666667,1144.1666666666667,891.9,60.53373714990145,137.6944685405576,1353.0,988.0,-1.417004048582996,0.0,8919.0,1425.0
2023,12,946.0,175.0,6,6.0,1,2,5,5,17.690286621315373,80.71671358448195,6901.593506517005,4,2,12,0,0,0.0007244703698180171,189.2,35.0,1.2,1.0,157.66666666666666,29.166666666666668,157.66666666666666,974.0,175.0,1004.6666666666666,1123.6666666666667,899.3636363636364,41.58525379666894,154.27853598821392,1353.0,974.0,-2.8747433264887063,0.0,9893.0,1600.0
2024,1,950.0,175.0,6,6.0,1,2,5,5,17.690286621315373,80.71671358448195,6901.593506517005,1,3,1,0,0,0.0007244703698180171,190.0,35.0,1.2,1.0,158.33333333333334,29.166666666666668,158.33333333333334,946.0,175.0,969.3333333333334,1055.8333333333333,903.25,21.385353243128247,118.63627888073124,1266.0,946.0,0.42283298097251587,0.0,10839.0,1775.0
2024,2,1534.0,175.0,6,6.0,1,2,5,5,17.690286621315373,80.71671358448195,6901.593506517005,1,3,2,0,0,0.0007244703698180171,306.8,35.0,1.2,1.0,255.66666666666666,29.166666666666668,255.66666666666666,950.0,175.0,956.6666666666666,1003.1666666666666,963.9166666666666,15.143755588802142,64.4373080339849,1109.0,946.0,61.473684210526315,0.0,11789.0,1950.0
2024,3,1252.0,175.0,6,6.0,1,2,5,5,17.690286621315373,80.71671358448195,6901.593506517005,1,3,3,0,0,0.0007244703698180171,250.4,35.0,1.2,1.0,208.66666666666666,29.166666666666668,208.66666666666666,1534.0,175.0,1143.3333333333333,1074.0,1072.3333333333333,338.3331691296811,228.57821418499174,1534.0,946.0,-18.383311603650586,0.0,13323.0,2125.0
2024,4,1354.0,175.0,6,6.0,1,2,5,5,17.690286621315373,80.71671358448195,6901.593506517005,2,3,4,0,0,0.0007244703698180171,270.8,35.0,1.2,1.0,225.66666666666666,29.166666666666668,225.66666666666666,1252.0,175.0,1245.3333333333333,1107.3333333333333,1115.1666666666667,292.05707204814166,239.0704219820315,1534.0,946.0,8.146964856230031,0.0,14575.0,2300.0
2024,5,1616.0,175.0,6,6.0,1,2,5,5,17.690286621315373,80.71671358448195,6901.593506517005,2,3,5,0,0,0.0007244703698180171,323.2,35.0,1.2,1.0,269.3333333333333,29.166666666666668,269.3333333333333,1354.0,175.0,1380.0,1168.3333333333333,1156.25,142.7865539888126,249.01860706916378,1534.0,946.0,19.35007385524372,0.0,15929.0,2475.0
2024,6,1317.0,175.0,6,6.0,1,2,5,5,17.690286621315373,80.71671358448195,6901.593506517005,2,3,6,0,0,0.0007244703698180171,263.4,35.0,1.2,1.0,219.5,29.166666666666668,219.5,1616.0,175.0,1407.3333333333333,1275.3333333333333,1199.5,187.7693620730854,284.25246993942994,1616.0,946.0,-18.502475247524753,0.0,17545.0,2650.0
2024,7,1221.0,175.0,6,6.0,1,2,5,5,17.690286621315373,80.71671358448195,6901.593506517005,3,3,7,0,0,0.0007244703698180171,244.2,35.0,1.2,1.0,203.5,29.166666666666668,203.5,1317.0,175.0,1429.0,1337.1666666666667,1196.5,163.00000000000037,234.23613441710162,1616.0,950.0,-7.289293849658314,0.0,18862.0,2825.0
2024,8,1071.0,175.0,6,6.0,1,2,5,5,17.690286621315373,80.71671358448195,6901.593506517005,3,3,8,0,0,0.0007244703698180171,214.2,35.0,1.2,1.0,178.5,29.166666666666668,178.5,1221.0,175.0,1384.6666666666667,1382.3333333333333,1192.75,206.01051753086165,158.54925627913386,1616.0,1221.0,-12.285012285012286,0.0,20083.0,3000.0
2024,9,1380.0,175.0,6,6.0,1,2,5,5,17.690286621315373,80.71671358448195,6901.593506517005,3,3,9,0,0,0.0007244703698180171,276.0,35.0,1.2,1.0,230.0,29.166666666666668,230.0,1071.0,175.0,1203.0,1305.1666666666667,1189.5833333333333,123.9838699186315,181.04520614108105,1616.0,1071.0,28.8515406162465,0.0,21154.0,3175.0
2024,10,1449.0,175.0,6,6.0,1,3,5,5,17.690286621315373,80.71671358448195,6901.593506517005,4,3,10,0,0,0.0007244703698180171,289.8,35.0,1.2,1.0,241.5,29.166666666666668,241.5,1380.0,175.0,1224.0,1326.5,1216.9166666666667,154.52184311611137,181.06877146542925,1616.0,1071.0,5.0,0.0,22534.0,3350.0
2024,11,1938.0,175.0,6,6.0,1,3,5,5,17.690286621315373,80.71671358448195,6901.593506517005,4,3,11,0,0,0.0007244703698180171,387.6,35.0,1.2,1.0,323.0,29.166666666666668,323.0,1449.0,175.0,1300.0,1342.3333333333333,1255.3333333333333,201.29828613279383,187.97623963327518,1616.0,1071.0,33.74741200828157,0.0,23983.0,3525.0
2024,12,1626.0,175.0,6,6.0,1,3,5,5,17.690286621315373,80.71671358448195,6901.593506517005,4,3,12,0,0,0.0007244703698180171,325.2,35.0,1.2,1.0,271.0,29.166666666666668,271.0,1938.0,175.0,1589.0,1396.0,1335.6666666666667,304.20552263231536,296.4186228967401,1938.0,1071.0,-16.09907120743034,0.0,25921.0,3700.0
2025,1,1838.0,175.0,6,6.0,1,3,5,5,17.690286621315373,80.71671358448195,6901.593506517005,1,4,1,0,0,0.0007244703698180171,367.6,35.0,1.2,1.0,306.3333333333333,29.166666666666668,306.3333333333333,1626.0,175.0,1671.0,1447.5,1392.3333333333333,247.58634857358382,306.6155573352399,1938.0,1071.0,13.038130381303812,0.0,27547.0,3875.0
2025,2,3055.0,175.0,6,6.0,1,3,5,5,17.690286621315373,80.71671358448195,6901.593506517005,1,4,2,0,0,0.0007244703698180171,611.0,35.0,1.2,1.0,509.1666666666667,29.166666666666668,509.1666666666667,1838.0,175.0,1800.6666666666667,1550.3333333333333,1466.3333333333333,159.31520119980226,318.68647079326473,1938.0,1071.0,66.2132752992383,0.0,29385.0,4050.0
2025,3,2668.0,175.0,6,6.0,1,3,5,5,17.690286621315373,80.71671358448195,6901.593506517005,1,4,3,0,0,0.0007244703698180171,533.6,35.0,1.2,1.0,444.6666666666667,29.166666666666668,444.6666666666667,3055.0,175.0,2173.0,1881.0,1593.0833333333333,771.1543295605621,614.1700090365855,3055.0,1380.0,-12.667757774140753,0.0,32440.0,4225.0
2025,4,3335.0,175.0,6,6.0,1,3,5,5,17.690286621315373,80.71671358448195,6901.593506517005,2,4,4,0,0,0.0007244703698180171,667.0,35.0,1.2,1.0,555.8333333333334,29.166666666666668,555.8333333333334,2668.0,175.0,2520.3333333333335,2095.6666666666665,1711.0833333333333,621.7928379559654,628.9517204576724,3055.0,1449.0,25.0,0.0,35108.0,4400.0
2025,5,2920.0,175.0,6,6.0,1,3,5,5,17.690286621315373,80.71671358448195,6901.593506517005,2,4,5,0,0,0.0007244703698180171,584.0,35.0,1.2,1.0,486.6666666666667,29.166666666666668,486.6666666666667,3335.0,175.0,3019.3333333333335,2410.0,1876.1666666666667,334.927355307585,707.5080211559437,3335.0,1626.0,-12.443778110944528,0.0,38443.0,4575.0
2025,6,4371.0,175.0,6,6.0,1,3,5,5,17.690286621315373,80.71671358448195,6901.593506517005,2,4,6,0,0,0.0007244703698180171,874.2,35.0,1.2,1.0,728.5,29.166666666666668,728.5,2920.0,175.0,2974.3333333333335,2573.6666666666665,1984.8333333333333,336.80310766578935,689.8453933068378,3335.0,1626.0,49.69178082191781,0.0,41363.0,4750.0
2025,7,2969.0,175.0,6,6.0,1,3,5,5,17.690286621315373,80.71671358448195,6901.593506517005,3,4,7,0,0,0.0007244703698180171,593.8,35.0,1.2,1.0,494.8333333333333,29.166666666666668,494.8333333333333,4371.0,175.0,3542.0,3031.1666666666665,2239.3333333333335,747.3198779639145,831.3760681344306,4371.0,1838.0,-32.075040036604896,0.0,45734.0,4925.0
2025,8,2608.0,205.0,7,6.0,1,3,6,5,17.690286621315373,80.71671358448195,6901.593506517005,3,4,8,0,0,0.0007244703698180171,521.6,41.0,1.4,0.8571428571428571,372.57142857142856,29.285714285714285,434.6666666666667,2969.0,175.0,3420.0,3219.6666666666665,2385.0,823.9544890344368,603.8137681989913,4371.0,2668.0,-12.158976086224317,17.142857142857142,48703.0,5100.0
2025,9,3417.0,205.0,7,7.0,1,3,6,5,17.690286621315373,80.71671358448195,6901.593506517005,3,4,9,0,0,0.0007244703698180171,683.4,41.0,1.4,1.0,488.14285714285717,29.285714285714285,488.14285714285717,2608.0,205.0,3316.0,3145.1666666666665,2513.0833333333335,931.3157359349191,653.7086252044295,4371.0,2608.0,31.01993865030675,0.0,51311.0,5305.0
2025,10,4592.0,328.0,8,7.0,1,3,7,5,17.690286621315373,80.71671358448195,6901.593506517005,4,4,10,0,0,0.0007244703698180171,918.4,65.6,1.6,0.875,574.0,41.0,656.0,3417.0,205.0,2998.0,3270.0,2682.8333333333335,405.27891630332806,614.7161946784861,4371.0,2608.0,34.386889083991804,60.0,54728.0,5510.0
2025,11,3250.0,328.0,8,8.0,1,3,7,5,17.690286621315373,80.71671358448195,6901.593506517005,4,4,11,0,0,0.0007244703698180171,650.0,65.6,1.6,1.0,406.25,41.0,406.25,4592.0,328.0,3539.0,3479.5,2944.75,997.6106454925188,820.9138200810107,4592.0,2608.0,-29.22473867595819,0.0,59320.0,5838.0
2025,12,3632.0,328.0,8,8.0,1,3,7,5,17.690286621315373,80.71671358448195,6901.593506517005,4,4,12,0,0,0.0007244703698180171,726.4,65.6,1.6,1.0,454.0,41.0,454.0,3250.0,328.0,3753.0,3534.5,3054.0833333333335,731.377467522756,786.2540937890232,4592.0,2608.0,11.753846153846155,0.0,62570.0,6166.0
2026,1,5146.0,328.0,8,8.0,1,3,7,5,17.690286621315373,80.71671358448195,6901.593506517005,1,5,1,0,0,0.0007244703698180171,1029.2,65.6,1.6,1.0,643.25,41.0,643.25,3632.0,328.0,3824.6666666666665,3411.3333333333335,3221.25,691.4342581426909,679.6662906652535,4592.0,2608.0,41.68502202643172,0.0,66202.0,6494.0
2026,2,5762.0,328.0,8,8.0,1,3,7,5,17.690286621315373,80.71671358448195,6901.593506517005,1,5,2,0,0,0.0007244703698180171,1152.4,65.6,1.6,1.0,720.25,41.0,720.25,5146.0,328.0,4009.3333333333335,3774.1666666666665,3496.9166666666665,1002.7409103718334,930.9406891239981,5146.0,2608.0,11.970462495141858,0.0,71348.0,6822.0
2026,3,3065.0,328.0,8,8.0,1,3,7,5,17.690286621315373,80.71671358448195,6901.593506517005,1,5,3,0,0,0.0007244703698180171,613.0,65.6,1.6,1.0,383.125,41.0,383.125,5762.0,328.0,4846.666666666667,4299.833333333333,3722.5,1096.0954946232252,1026.3368680246579,5762.0,3250.0,-46.806664352655325,0.0,77110.0,7150.0
2026,4,5491.0,328.0,8,8.0,1,3,7,5,17.690286621315373,80.71671358448195,6901.593506517005,2,5,4,0,0,0.0007244703698180171,1098.2,65.6,1.6,1.0,686.375,41.0,686.375,3065.0,328.0,4657.666666666667,4241.166666666667,3755.5833333333335,1413.2601789243668,1094.6784763877765,5762.0,3065.0,79.15171288743882,0.0,80175.0,7478.0
2026,5,5081.0,358.0,9,8.0,1,3,7,5,17.690286621315373,80.71671358448195,6901.593506517005,2,5,5,0,0,0.0007244703698180171,1016.2,71.6,1.8,0.8888888888888888,564.5555555555555,39.77777777777778,635.125,5491.0,328.0,4772.666666666667,4391.0,3935.25,1485.0772146031104,1207.9655624230343,5762.0,3065.0,-7.466763795301402,9.146341463414634,85666.0,7806.0
2026,6,6356.0,358.0,9,9.0,1,3,7,5,17.690286621315373,80.71671358448195,6901.593506517005,2,5,6,0,1,0.0007244703698180171,1271.2,71.6,1.8,1.0,706.2222222222222,39.77777777777778,706.2222222222222,5081.0,358.0,4545.666666666667,4696.166666666667,4115.333333333333,1298.5781968496674,1087.3235795597666,5762.0,3065.0,25.093485534343632,0.0,90747.0,8164.0
2023,1,1559.0,150.0,4,4.0,1,2,2,13,18.06227040848216,79.53282021082931,1656.7747108353926,1,2,1,1,0,0.007846570758823952,119.92307692307692,11.538461538461538,0.3076923076923077,1.0,389.75,37.5,389.75,,,,,,,,,,,,,
2023,2,1026.0,180.0,5,5.0,1,2,2,13,18.06227040848216,79.53282021082931,1656.7747108353926,1,2,2,0,0,0.007846570758823952,78.92307692307692,13.846153846153847,0.38461538461538464,1.0,205.2,36.0,205.2,1559.0,150.0,1559.0,1559.0,1559.0,,,,,-34.18858242463117,20.0,1559.0,150.0
2023,3,1022.0,180.0,5,5.0,1,2,2,13,18.06227040848216,79.53282021082931,1656.7747108353926,1,2,3,0,0,0.007846570758823952,78.61538461538461,13.846153846153847,0.38461538461538464,1.0,204.4,36.0,204.4,1026.0,180.0,1292.5,1292.5,1292.5,,,,,-0.3898635477582846,0.0,2585.0,330.0
2023,4,776.0,210.0,6,5.0,1,2,3,13,18.06227040848216,79.53282021082931,1656.7747108353926,2,2,4,0,0,0.007846570758823952,59.69230769230769,16.153846153846153,0.46153846153846156,0.8333333333333334,129.33333333333334,35.0,155.2,1022.0,180.0,1202.3333333333333,1202.3333333333333,1202.3333333333333,308.88886890487544,,,,-24.07045009784736,16.666666666666668,3607.0,510.0
2023,5,3268.0,210.0,6,6.0,1,2,3,13,18.06227040848216,79.53282021082931,1656.7747108353926,2,2,5,0,0,0.007846570758823952,251.3846153846154,16.153846153846153,0.46153846153846156,1.0,544.6666666666666,35.0,544.6666666666666,776.0,210.0,941.3333333333334,1095.75,1095.75,143.19683422943842,,,,321.1340206185567,0.0,4383.0,720.0
2023,6,1301.0,205.0,6,6.0,1,2,3,13,18.06227040848216,79.53282021082931,1656.7747108353926,2,2,6,0,0,0.007846570758823952,100.07692307692308,15.76923076923077,0.46153846153846156,1.0,216.83333333333334,34.166666666666664,216.83333333333334,3268.0,210.0,1688.6666666666667,1530.2,1530.2,1373.2622958973764,,,,-60.18971848225214,-2.380952380952381,7651.0,930.0
2023,7,2072.0,235.0,7,6.0,1,2,3,13,18.06227040848216,79.53282021082931,1656.7747108353926,3,2,7,0,0,0.007846570758823952,159.3846153846154,18.076923076923077,0.5384615384615384,0.8571428571428571,296.0,33.57142857142857,345.3333333333333,1301.0,205.0,1781.6666666666667,1492.0,1492.0,1313.695677595589,910.5886008511198,3268.0,776.0,59.26210607225212,14.634146341463415,8952.0,1135.0
2023,8,1955.0,235.0,7,7.0,1,2,3,13,18.06227040848216,79.53282021082931,1656.7747108353926,3,2,8,0,0,0.007846570758823952,150.3846153846154,18.076923076923077,0.5384615384615384,1.0,279.2857142857143,33.57142857142857,279.2857142857143,2072.0,235.0,2213.6666666666665,1577.5,1574.857142857143,991.1227640072311,941.6907666532576,3268.0,776.0,-5.646718146718147,0.0,11024.0,1370.0
2023,9,2359.0,235.0,7,7.0,1,2,3,13,18.06227040848216,79.53282021082931,1656.7747108353926,3,2,9,0,0,0.007846570758823952,181.46153846153845,18.076923076923077,0.5384615384615384,1.0,337.0,33.57142857142857,337.0,1955.0,235.0,1776.0,1732.3333333333333,1622.375,415.5009025260957,908.6717045592795,3268.0,776.0,20.664961636828643,0.0,12979.0,1605.0
2023,10,1881.0,235.0,7,7.0,1,2,3,13,18.06227040848216,79.53282021082931,1656.7747108353926,4,2,10,0,0,0.007846570758823952,144.69230769230768,18.076923076923077,0.5384615384615384,1.0,268.7142857142857,33.57142857142857,268.7142857142857,2359.0,235.0,2128.6666666666665,1955.1666666666667,1704.2222222222222,207.87576417979477,862.3955975459677,3268.0,776.0,-20.26282323018228,0.0,15338.0,1840.0
2023,11,2591.0,235.0,7,7.0,1,2,3,13,18.06227040848216,79.53282021082931,1656.7747108353926,4,2,11,0,0,0.007846570758823952,199.30769230769232,18.076923076923077,0.5384615384615384,1.0,370.14285714285717,33.57142857142857,370.14285714285717,1881.0,235.0,2065.0,2139.3333333333335,1721.9,257.2858332672056,652.7163753627349,3268.0,1301.0,37.74587985114301,0.0,17219.0,2075.0
2023,12,3719.0,265.0,8,8.0,1,2,4,13,18.06227040848216,79.53282021082931,1656.7747108353926,4,2,12,0,0,0.007846570758823952,286.0769230769231,20.384615384615383,0.6153846153846154,1.0,464.875,33.125,464.875,2591.0,235.0,2277.0,2026.5,1800.909090909091,362.0331476536373,443.6033137838356,2591.0,1301.0,43.53531455036666,12.76595744680851,19810.0,2310.0
2024,1,3738.0,265.0,8,8.0,1,2,4,13,18.06227040848216,79.53282021082931,1656.7747108353926,1,3,1,0,0,0.007846570758823952,287.53846153846155,20.384615384615383,0.6153846153846154,1.0,467.25,33.125,467.25,3719.0,265.0,2730.3333333333335,2429.5,1960.75,926.8879831637336,685.2257292308865,3719.0,1881.0,0.5108900242000538,0.0,23529.0,2575.0
2024,2,3362.0,265.0,8,8.0,1,2,4,13,18.06227040848216,79.53282021082931,1656.7747108353926,1,3,2,0,0,0.007846570758823952,258.61538461538464,20.384615384615383,0.6153846153846154,1.0,420.25,33.125,420.25,3738.0,265.0,3349.3333333333335,2707.1666666666665,2142.3333333333335,656.8046386356704,832.9999799919966,3738.0,1881.0,-10.058855002675227,0.0,27267.0,2840.0
2024,3,4006.0,315.0,9,9.0,1,2,4,13,18.06227040848216,79.53282021082931,1656.7747108353926,1,3,3,0,0,0.007846570758823952,308.15384615384613,24.23076923076923,0.6923076923076923,1.0,445.1111111111111,35.0,445.1111111111111,3362.0,265.0,3606.3333333333335,2941.6666666666665,2337.0,211.81202358065846,774.9264911374928,3738.0,1881.0,19.15526472337894,18.867924528301888,30629.0,3105.0
2024,4,3858.0,315.0,9,9.0,1,2,4,13,18.06227040848216,79.53282021082931,1656.7747108353926,2,3,4,0,0,0.007846570758823952,296.7692307692308,24.23076923076923,0.6923076923076923,1.0,428.6666666666667,35.0,428.6666666666667,4006.0,315.0,3702.0,3216.1666666666665,2585.6666666666665,323.50579592953216,817.7724418606113,4006.0,1881.0,-3.694458312531203,0.0,34635.0,3420.0
2024,5,5416.0,315.0,9,9.0,1,2,4,13,18.06227040848216,79.53282021082931,1656.7747108353926,2,3,5,0,0,0.007846570758823952,416.61538461538464,24.23076923076923,0.6923076923076923,1.0,601.7777777777778,35.0,601.7777777777778,3858.0,315.0,3742.0,3545.6666666666665,2842.5,337.3069818429498,514.1239798595929,4006.0,2591.0,40.383618455158114,0.0,38493.0,3735.0
2024,6,4020.0,315.0,9,9.0,1,2,4,13,18.06227040848216,79.53282021082931,1656.7747108353926,2,3,6,0,0,0.007846570758823952,309.2307692307692,24.23076923076923,0.6923076923076923,1.0,446.6666666666667,35.0,446.6666666666667,5416.0,315.0,4426.666666666667,4016.5,3021.5,859.9775190860126,718.0907324287095,5416.0,3362.0,-25.775480059084195,0.0,43909.0,4050.0
2024,7,3569.0,315.0,9,9.0,1,2,4,13,18.06227040848216,79.53282021082931,1656.7747108353926,3,3,7,0,0,0.007846570758823952,274.53846153846155,24.23076923076923,0.6923076923076923,1.0,396.55555555555554,35.0,396.55555555555554,4020.0,315.0,4431.333333333333,4066.6666666666665,3248.0833333333335,856.5846912788793,703.516500635676,5416.0,3362.0,-11.218905472636816,0.0,47929.0,4365.0
2024,8,4242.0,345.0,10,10.0,1,2,5,13,18.06227040848216,79.53282021082931,1656.7747108353926,3,3,8,0,0,0.007846570758823952,326.3076923076923,26.53846153846154,0.7692307692307693,1.0,424.2,34.5,424.2,3569.0,315.0,4335.0,4038.5,3372.8333333333335,962.9491159973095,722.4358102973581,5416.0,3362.0,18.85682263939479,9.523809523809524,51498.0,4680.0
2024,9,5931.0,375.0,11,11.0,1,2,6,13,18.06227040848216,79.53282021082931,1656.7747108353926,3,3,9,0,0,0.007846570758823952,456.2307692307692,28.846153846153847,0.8461538461538461,1.0,539.1818181818181,34.09090909090909,539.1818181818181,4242.0,345.0,3943.6666666666665,4185.166666666667,3563.4166666666665,342.9319660418567,642.5357318209371,5416.0,3569.0,39.816124469589816,8.695652173913043,55740.0,5025.0
2024,10,4176.0,375.0,11,11.0,1,2,6,13,18.06227040848216,79.53282021082931,1656.7747108353926,4,3,10,0,0,0.007846570758823952,321.2307692307692,28.846153846153847,0.8461538461538461,1.0,379.6363636363636,34.09090909090909,379.6363636363636,5931.0,375.0,4580.666666666667,4506.0,3861.0833333333335,1216.8740005988018,944.7211228717188,5931.0,3569.0,-29.590288315629742,0.0,61671.0,5400.0
2024,11,7243.0,375.0,11,11.0,1,2,6,13,18.06227040848216,79.53282021082931,1656.7747108353926,4,3,11,0,0,0.007846570758823952,557.1538461538462,28.846153846153847,0.8461538461538461,1.0,658.4545454545455,34.09090909090909,658.4545454545455,4176.0,375.0,4783.0,4559.0,4052.3333333333335,994.7446908629365,909.3549362047809,5931.0,3569.0,73.44348659003832,0.0,65847.0,5775.0
2024,12,6911.0,375.0,11,11.0,1,2,6,13,18.06227040848216,79.53282021082931,1656.7747108353926,4,3,12,0,0,0.007846570758823952,531.6153846153846,28.846153846153847,0.8461538461538461,1.0,628.2727272727273,34.09090909090909,628.2727272727273,7243.0,375.0,5783.333333333333,4863.5,4440.0,1538.8230350931626,1417.5836835968457,7243.0,3569.0,-4.583736020985779,0.0,73090.0,6150.0
2025,1,9961.0,375.0,11,11.0,1,2,6,13,18.06227040848216,79.53282021082931,1656.7747108353926,1,4,1,0,0,0.007846570758823952,766.2307692307693,28.846153846153847,0.8461538461538461,1.0,905.5454545454545,34.09090909090909,905.5454545454545,6911.0,375.0,6110.0,5345.333333333333,4706.0,1683.0992246448216,1557.9153592755513,7243.0,3569.0,44.13254232383157,0.0,80001.0,6525.0
2025,2,11133.0,428.0,12,12.0,1,2,6,13,18.06227040848216,79.53282021082931,1656.7747108353926,1,4,2,0,0,0.007846570758823952,856.3846153846154,32.92307692307692,0.9230769230769231,1.0,927.75,35.666666666666664,927.75,9961.0,375.0,8038.333333333333,6410.666666666667,5224.583333333333,1673.3324037182012,2166.7906836302104,9961.0,4176.0,11.765886959140648,14.133333333333333,89962.0,6900.0
2025,3,8103.0,428.0,12,12.0,1,2,6,13,18.06227040848216,79.53282021082931,1656.7747108353926,1,4,3,0,0,0.007846570758823952,623.3076923076923,32.92307692307692,0.9230769230769231,1.0,675.25,35.666666666666664,675.25,11133.0,428.0,9335.0,7559.166666666667,5872.166666666667,2179.501777929993,2575.1859285625724,11133.0,4176.0,-27.216383724063594,0.0,101095.0,7328.0
2025,4,10322.0,481.0,13,12.0,1,2,6,13,18.06227040848216,79.53282021082931,1656.7747108353926,2,4,4,0,0,0.007846570758823952,794.0,37.0,1.0,0.9230769230769231,794.0,37.0,860.1666666666666,8103.0,428.0,9732.333333333334,7921.166666666667,6213.583333333333,1527.887866740663,2450.1623143511697,11133.0,4176.0,27.384919165741085,12.383177570093459,109198.0,7756.0
2025,5,15766.0,634.053,17,16.0,1,2,6,13,18.06227040848216,79.53282021082931,1656.7747108353926,2,4,5,0,0,0.007846570758823952,1212.7692307692307,48.77330769230769,1.3076923076923077,0.9411764705882353,927.4117647058823,37.29723529411765,985.375,10322.0,481.0,9852.666666666666,8945.5,6752.25,1568.5758933929,1758.331680883904,11133.0,6911.0,52.74171672156559,31.819750519750517,119520.0,8237.0
2025,6,16364.0,790.0,19,19.0,1,2,6,13,18.06227040848216,79.53282021082931,1656.7747108353926,2,4,6,0,0,0.007846570758823952,1258.7692307692307,60.76923076923077,1.4615384615384615,1.0,861.2631578947369,41.578947368421055,861.2631578947369,15766.0,634.053,11397.0,10366.0,7614.75,3942.982500595203,3065.0430339556433,15766.0,6911.0,3.792972218698465,24.595262541144038,135286.0,8871.053
2025,7,9387.0,790.0,19,19.0,1,2,6,13,18.06227040848216,79.53282021082931,1656.7747108353926,3,4,7,0,0,0.007846570758823952,722.0769230769231,60.76923076923077,1.4615384615384615,1.0,494.05263157894734,41.578947368421055,494.05263157894734,16364.0,790.0,14150.666666666666,11941.5,8643.416666666666,3329.176674995386,3350.1707866913316,16364.0,8103.0,-42.63627474945001,0.0,151650.0,9661.053
2025,8,13155.0,790.0,19,19.0,1,2,6,13,18.06227040848216,79.53282021082931,1656.7747108353926,3,4,8,0,0,0.007846570758823952,1011.9230769230769,60.76923076923077,1.4615384615384615,1.0,692.3684210526316,41.578947368421055,692.3684210526316,9387.0,790.0,13839.0,11845.833333333334,9128.25,3867.1215393364614,3425.387535253009,16364.0,8103.0,40.14062000639182,0.0,161037.0,10451.053
2025,9,17041.0,869.0,20,20.0,1,2,6,13,18.06227040848216,79.53282021082931,1656.7747108353926,3,4,9,0,0,0.007846570758823952,1310.8461538461538,66.84615384615384,1.5384615384615385,1.0,852.05,43.45,852.05,13155.0,790.0,12968.666666666666,12182.833333333334,9871.0,3492.230280685015,3440.6618791544574,16364.0,8103.0,29.540098821740784,10.0,174192.0,11241.053
2025,10,21314.0,1037.0,23,21.0,1,2,6,13,18.06227040848216,79.53282021082931,1656.7747108353926,4,4,10,0,0,0.007846570758823952,1639.5384615384614,79.76923076923077,1.7692307692307692,0.9130434782608695,926.695652173913,45.08695652173913,1014.952380952381,17041.0,869.0,13194.333333333334,13672.5,10796.833333333334,3827.151595290332,3250.626816477095,17041.0,9387.0,25.07481955284314,19.332566168009205,191233.0,12110.053
2025,11,23063.0,1037.0,23,23.0,1,2,6,13,18.06227040848216,79.53282021082931,1656.7747108353926,4,4,11,0,0,0.007846570758823952,1774.076923076923,79.76923076923077,1.7692307692307692,1.0,1002.7391304347826,45.08695652173913,1002.7391304347826,21314.0,1037.0,17170.0,15504.5,12225.0,4081.0294044517736,3996.5535527501706,21314.0,9387.0,8.205874073379,0.0,212547.0,13147.053
2025,12,22165.0,1277.0,25,23.0,1,2,6,13,18.06227040848216,79.53282021082931,1656.7747108353926,4,4,12,0,0,0.007846570758823952,1705.0,98.23076923076923,1.9230769230769231,0.92,886.6,51.08,963.695652173913,23063.0,1037.0,20472.666666666668,16720.666666666668,13543.333333333334,3097.9028928185157,5060.639748753775,23063.0,9387.0,-3.8936825217881457,23.143683702989392,235610.0,14184.053
2026,1,29773.0,1453.0,27,26.0,1,2,6,13,18.06227040848216,79.53282021082931,1656.7747108353926,1,5,1,0,0,0.007846570758823952,2290.230769230769,111.76923076923077,2.076923076923077,0.9629629629629629,1102.7037037037037,53.81481481481482,1145.1153846153845,22165.0,1277.0,22180.666666666668,17687.5,14814.5,874.60524428643,5512.80922035218,23063.0,9387.0,34.324385292127225,13.782302270947532,257775.0,15461.053
2026,2,37461.0,1453.0,27,27.0,1,2,6,13,18.06227040848216,79.53282021082931,1656.7747108353926,1,5,2,0,0,0.007846570758823952,2881.6153846153848,111.76923076923077,2.076923076923077,1.0,1387.4444444444443,53.81481481481482,1387.4444444444443,29773.0,1453.0,25000.333333333332,21085.166666666668,16465.5,4157.5667563291545,5654.228591653037,29773.0,13155.0,25.82205353844087,0.0,287548.0,16914.053
2026,3,30807.0,1453.0,27,27.0,1,2,6,13,18.06227040848216,79.53282021082931,1656.7747108353926,1,5,3,0,0,0.007846570758823952,2369.769230769231,111.76923076923077,2.076923076923077,1.0,1141.0,53.81481481481482,1141.0,37461.0,1453.0,29799.666666666668,25136.166666666668,18659.5,7648.034867424006,7302.989426711962,37461.0,17041.0,-17.762472971890766,0.0,325009.0,18367.053
2026,4,34159.0,1509.0,28,28.0,1,2,6,13,18.06227040848216,79.53282021082931,1656.7747108353926,2,5,4,0,0,0.007846570758823952,2627.6153846153848,116.07692307692308,2.1538461538461537,1.0,1219.9642857142858,53.892857142857146,1219.9642857142858,30807.0,1453.0,32680.333333333332,27430.5,20551.5,4172.333799366167,6351.552684186761,37461.0,21314.0,10.880644009478365,3.8540949759119063,355816.0,19820.053
2026,5,45087.0,1509.0,28,28.0,1,2,6,13,18.06227040848216,79.53282021082931,1656.7747108353926,2,5,5,0,0,0.007846570758823952,3468.230769230769,116.07692307692308,2.1538461538461537,1.0,1610.25,53.892857142857146,1610.25,34159.0,1509.0,34142.333333333336,29571.333333333332,22537.916666666668,3327.0313093407044,6034.455125913751,37461.0,22165.0,31.99156883983723,0.0,389975.0,21329.053
2026,6,43952.0,1539.0,29,28.0,1,2,6,13,18.06227040848216,79.53282021082931,1656.7747108353926,2,5,6,0,1,0.007846570758823952,3380.923076923077,118.38461538461539,2.230769230769231,0.9655172413793104,1515.5862068965516,53.06896551724138,1569.7142857142858,45087.0,1509.0,36684.333333333336,33242.0,24981.333333333332,7467.434722401884,7740.904210749551,45087.0,22165.0,-2.5173553352407567,1.9880715705765408,435062.0,22838.053
2021,6,734.0,224.0,11,9.0,6,9,10,101,17.395106162143417,78.47016567600058,191.62214001208864,2,0,6,1,0,0.5270789690253346,7.267326732673268,2.217821782178218,0.10891089108910891,0.8181818181818182,66.72727272727273,20.363636363636363,81.55555555555556,,,,,,,,,,,,,
2021,7,1093.0,224.0,11,11.0,6,9,10,101,17.395106162143417,78.47016567600058,191.62214001208864,3,0,7,0,0,0.5270789690253346,10.821782178217822,2.217821782178218,0.10891089108910891,1.0,99.36363636363636,20.363636363636363,99.36363636363636,734.0,224.0,734.0,734.0,734.0,,,,,48.91008174386921,0.0,734.0,224.0
2021,8,3661.0,256.0,13,12.0,6,11,12,101,17.395106162143417,78.47016567600058,191.62214001208864,3,0,8,0,0,0.5270789690253346,36.24752475247525,2.5346534653465347,0.12871287128712872,0.9230769230769231,281.61538461538464,19.692307692307693,305.0833333333333,1093.0,224.0,913.5,913.5,913.5,,,,,234.94967978042087,14.285714285714286,1827.0,448.0
2021,9,3251.0,278.0,14,14.0,6,12,13,101,17.395106162143417,78.47016567600058,191.62214001208864,3,0,9,0,0,0.5270789690253346,32.18811881188119,2.7524752475247523,0.13861386138613863,1.0,232.21428571428572,19.857142857142858,232.21428571428572,3661.0,256.0,1829.3333333333333,1829.3333333333333,1829.3333333333333,1596.393539617764,,,,-11.199125921879268,8.59375,5488.0,704.0
2021,10,5494.0,293.0,15,15.0,6,12,14,101,17.395106162143417,78.47016567600058,191.62214001208864,4,0,10,0,0,0.5270789690253346,54.396039603960396,2.900990099009901,0.1485148514851485,1.0,366.26666666666665,19.533333333333335,366.26666666666665,3251.0,278.0,2668.3333333333335,2184.75,2184.75,1379.5946264513111,,,,68.9941556444171,5.39568345323741,8739.0,982.0
2021,11,4310.0,298.0,16,15.0,6,12,15,101,17.395106162143417,78.47016567600058,191.62214001208864,4,0,11,0,0,0.5270789690253346,42.67326732673267,2.9504950495049505,0.15841584158415842,0.9375,269.375,18.625,287.3333333333333,5494.0,293.0,4135.333333333333,2846.6,2846.6,1194.3644055870607,,,,-21.550782672005823,1.7064846416382253,14233.0,1275.0
2021,12,3935.0,318.0,17,16.0,6,12,15,101,17.395106162143417,78.47016567600058,191.62214001208864,4,0,12,0,0,0.5270789690253346,38.960396039603964,3.1485148514851486,0.16831683168316833,0.9411764705882353,231.47058823529412,18.705882352941178,245.9375,4310.0,298.0,4351.666666666667,3090.5,3090.5,1122.0803595702641,1852.4751820199913,5494.0,734.0,-8.700696055684455,6.7114093959731544,18543.0,1573.0
2022,1,7769.0,335.0,20,17.0,6,13,16,101,17.395106162143417,78.47016567600058,191.62214001208864,1,1,1,0,0,0.5270789690253346,76.92079207920793,3.3168316831683167,0.19801980198019803,0.85,388.45,16.75,457.0,3935.0,318.0,4579.666666666667,3624.0,3211.1428571428573,813.7323474787843,1456.755024017422,5494.0,1093.0,97.43329097839899,5.345911949685535,22478.0,1891.0
2022,2,7184.0,339.0,22,20.0,6,13,16,101,17.395106162143417,78.47016567600058,191.62214001208864,1,1,2,0,0,0.5270789690253346,71.12871287128714,3.3564356435643563,0.21782178217821782,0.9090909090909091,326.54545454545456,15.409090909090908,359.2,7769.0,335.0,5338.0,4736.666666666667,3780.875,2113.64069794277,1670.7828903441248,7769.0,3251.0,-7.529926631484104,1.1940298507462686,30247.0,2226.0
2022,3,10811.0,345.0,25,22.0,6,13,16,101,17.395106162143417,78.47016567600058,191.62214001208864,1,1,3,0,0,0.5270789690253346,107.03960396039604,3.4158415841584158,0.24752475247524752,0.88,432.44,13.8,491.40909090909093,7184.0,339.0,6296.0,5323.833333333333,4159.0,2065.501633986282,1828.735674357196,7769.0,3251.0,50.48719376391982,1.7699115044247788,37431.0,2565.0
2022,4,11027.0,357.0,30,25.0,6,13,17,101,17.395106162143417,78.47016567600058,191.62214001208864,2,1,4,0,0,0.5270789690253346,109.17821782178218,3.5346534653465347,0.297029702970297,0.8333333333333334,367.56666666666666,11.9,441.08,10811.0,345.0,8588.0,6583.833333333333,4824.2,1947.268086319909,2569.3629884986412,10811.0,3935.0,1.9979650356118768,3.4782608695652173,48242.0,2910.0
2022,6,16742.0,431.0,35,34.0,6,13,19,101,17.395106162143417,78.47016567600058,191.62214001208864,2,1,6,0,0,0.5270789690253346,165.76237623762376,4.267326732673268,0.3465346534653465,0.9714285714285714,478.34285714285716,12.314285714285715,492.4117647058824,11027.0,357.0,9674.0,7506.0,5388.090909090909,2159.1060650185764,3048.270854107293,11027.0,3935.0,51.827332910129684,20.72829131652661,59269.0,3267.0
2022,7,18593.0,450.0,37,35.0,6,13,19,101,17.395106162143417,78.47016567600058,191.62214001208864,3,1,7,0,0,0.5270789690253346,184.0891089108911,4.455445544554456,0.36633663366336633,0.9459459459459459,502.5135135135135,12.162162162162161,531.2285714285714,16742.0,431.0,12860.0,9578.0,6334.25,3363.644898023571,4376.984167209199,16742.0,3935.0,11.056026759049098,4.408352668213457,76011.0,3698.0
2022,8,15651.0,505.0,40,37.0,6,13,20,101,17.395106162143417,78.47016567600058,191.62214001208864,3,1,8,0,0,0.5270789690253346,154.96039603960395,5.0,0.39603960396039606,0.925,391.275,12.625,423.0,18593.0,450.0,15454.0,12021.0,7822.5,3944.020410697693,4677.760874606568,18593.0,7184.0,-15.823159253482494,12.222222222222221,94604.0,4148.0
2022,9,16199.0,505.0,40,40.0,6,13,20,101,17.395106162143417,78.47016567600058,191.62214001208864,3,1,9,0,0,0.5270789690253346,160.3861386138614,5.0,0.39603960396039606,1.0,404.975,12.625,404.975,15651.0,505.0,16995.333333333332,13334.666666666666,9035.666666666666,1487.2707666505557,4339.361919299504,18593.0,7184.0,3.5013737141396715,0.0,110255.0,4653.0
2022,10,21791.0,505.0,40,40.0,6,13,20,101,17.395106162143417,78.47016567600058,191.62214001208864,4,1,10,0,0,0.5270789690253346,215.75247524752476,5.0,0.39603960396039606,1.0,544.775,12.625,544.775,16199.0,505.0,16814.333333333332,14837.166666666666,10080.5,1564.5502016021512,3193.085555801266,18593.0,10811.0,34.52064942280388,0.0,126454.0,5158.0
2022,11,22985.0,520.0,42,41.0,6,13,21,101,17.395106162143417,78.47016567600058,191.62214001208864,4,1,11,0,0,0.5270789690253346,227.5742574257426,5.148514851485149,0.4158415841584158,0.9761904761904762,547.2619047619048,12.380952380952381,560.609756097561,21791.0,505.0,17880.333333333332,16667.166666666668,11625.5,3397.8024270597807,3550.531138670196,21791.0,11027.0,5.479326327382864,2.9702970297029703,148245.0,5663.0
2022,12,30044.0,582.0,44,43.0,6,13,21,101,17.395106162143417,78.47016567600058,191.62214001208864,4,1,12,0,0,0.5270789690253346,297.46534653465346,5.762376237623762,0.43564356435643564,0.9772727272727273,682.8181818181819,13.227272727272727,698.6976744186046,22985.0,520.0,20325.0,18660.166666666668,13083.083333333334,3622.7497843489004,3075.7958590691082,22985.0,15651.0,30.71133347835545,11.923076923076923,171230.0,6183.0
2023,1,28527.0,582.0,44,44.0,6,13,21,101,17.395106162143417,78.47016567600058,191.62214001208864,1,2,1,0,0,0.5270789690253346,282.44554455445547,5.762376237623762,0.43564356435643564,1.0,648.3409090909091,13.227272727272727,648.3409090909091,30044.0,582.0,24940.0,20877.166666666668,15227.583333333334,4460.327454346822,5361.424527741359,30044.0,15651.0,-5.0492610837438425,0.0,201274.0,6765.0
2023,2,30828.0,597.0,45,44.0,6,13,21,101,17.395106162143417,78.47016567600058,191.62214001208864,1,2,2,0,0,0.5270789690253346,305.2277227722772,5.910891089108911,0.44554455445544555,0.9777777777777777,685.0666666666667,13.266666666666667,700.6363636363636,28527.0,582.0,27185.333333333332,22532.833333333332,17276.916666666668,3715.834002392106,6009.650652630871,30044.0,15651.0,8.066042696392891,2.577319587628866,229801.0,7347.0
2023,3,32215.0,616.92,47,46.0,6,13,23,101,17.395106162143417,78.47016567600058,191.62214001208864,1,2,3,0,0,0.5270789690253346,318.96039603960395,6.108118811881187,0.46534653465346537,0.9787234042553191,685.4255319148937,13.12595744680851,700.3260869565217,30828.0,597.0,29799.666666666668,25062.333333333332,19198.5,1169.796705984993,5720.829368777457,30828.0,16199.0,4.499156610873232,3.3366834170854203,260629.0,7944.0
2023,4,38008.0,699.92,52,47.0,6,14,25,101,17.395106162143417,78.47016567600058,191.62214001208864,2,2,4,0,0,0.5270789690253346,376.3168316831683,6.92990099009901,0.5148514851485149,0.9038461538461539,730.9230769230769,13.459999999999999,808.6808510638298,32215.0,616.92,30523.333333333332,27731.666666666668,21284.416666666668,1862.7808065720835,4324.103683616603,32215.0,21791.0,17.982306379015988,13.45393243856578,292844.0,8560.92
2023,5,34803.0,930.92,61,54.0,6,15,27,101,17.395106162143417,78.47016567600058,191.62214001208864,2,2,5,0,0,0.5270789690253346,344.58415841584156,9.217029702970297,0.6039603960396039,0.8852459016393442,570.5409836065573,15.260983606557376,644.5,38008.0,699.92,33683.666666666664,30434.5,23550.833333333332,3808.6528239435725,4898.347098767093,38008.0,22985.0,-8.432435276783835,33.003771859641105,330852.0,9260.84
2023,6,47229.0,967.92,62,61.0,6,15,28,101,17.395106162143417,78.47016567600058,191.62214001208864,2,2,6,0,0,0.5270789690253346,467.61386138613864,9.583366336633663,0.6138613861386139,0.9838709677419355,761.758064516129,15.611612903225806,774.2459016393443,34803.0,930.92,35008.666666666664,32404.166666666668,25532.166666666668,2901.9711117330844,3472.182104479349,38008.0,28527.0,35.703818636324456,3.9745627980922102,365655.0,10191.76
2023,7,45380.0,1040.57,64,62.0,6,15,28,101,17.395106162143417,78.47016567600058,191.62214001208864,3,2,7,0,0,0.5270789690253346,449.3069306930693,10.302673267326732,0.6336633663366337,0.96875,709.0625,16.25890625,731.9354838709677,47229.0,967.92,40013.333333333336,35268.333333333336,28072.75,6451.154186138581,6712.150703512743,47229.0,28527.0,-3.9149674987825276,7.505785602115876,412884.0,11159.68
2023,8,57237.0,1418.57,71,64.0,6,15,29,101,17.395106162143417,78.47016567600058,191.62214001208864,3,2,8,0,0,0.5270789690253346,566.7029702970297,14.045247524752474,0.7029702970297029,0.9014084507042254,806.1549295774648,19.979859154929578,894.328125,45380.0,1040.57,42470.666666666664,38077.166666666664,30305.0,6704.441388611981,6851.68292951933,47229.0,30828.0,26.128250330542087,36.326244269967425,458264.0,12200.25
2023,9,70291.0,1734.57,77,70.0,6,15,31,101,17.395106162143417,78.47016567600058,191.62214001208864,3,2,9,0,0,0.5270789690253346,695.950495049505,17.173960396039604,0.7623762376237624,0.9090909090909091,912.8701298701299,22.526883116883116,1004.1571428571428,57237.0,1418.57,49948.666666666664,42478.666666666664,33770.5,6379.228192605542,9306.313742114358,57237.0,32215.0,22.806925590090326,22.27595395362936,515501.0,13618.82
2023,10,68241.0,2173.57,85,77.0,6,16,31,101,17.395106162143417,78.47016567600058,191.62214001208864,4,2,10,0,0,0.5270789690253346,675.6534653465346,21.52049504950495,0.8415841584158416,0.9058823529411765,802.8352941176471,25.571411764705886,886.2467532467532,70291.0,1734.57,57636.0,48824.666666666664,38278.166666666664,12460.292171534344,13111.751319586047,70291.0,34803.0,-2.9164473403422915,25.30886617432564,585792.0,15353.39
2023,11,102752.0,2453.57,91,86.0,6,16,32,101,17.395106162143417,78.47016567600058,191.62214001208864,4,2,11,0,0,0.5270789690253346,1017.3465346534654,24.292772277227723,0.900990099009901,0.945054945054945,1129.142857142857,26.962307692307693,1194.7906976744187,68241.0,2173.57,65256.333333333336,53863.5,42149.0,7020.178440277238,13908.592937461348,70291.0,34803.0,50.57223663193681,12.882032784773436,654033.0,17526.96
2023,12,131436.0,2795.57,98,91.0,6,16,32,101,17.395106162143417,78.47016567600058,191.62214001208864,4,2,12,0,0,0.5270789690253346,1301.3465346534654,27.67891089108911,0.9702970297029703,0.9285714285714286,1341.1836734693877,28.52622448979592,1444.3516483516485,102752.0,2453.57,80428.0,65188.333333333336,48796.25,19360.303639147813,21092.73078258636,102752.0,45380.0,27.915758330738086,13.93887274461295,756785.0,19980.53
2024,1,130854.0,3019.57,103,98.0,6,16,33,101,17.395106162143417,78.47016567600058,191.62214001208864,1,3,1,0,0,0.5270789690253346,1295.5841584158416,29.89673267326733,1.0198019801980198,0.9514563106796117,1270.4271844660195,29.316213592233012,1335.2448979591836,131436.0,2795.57,100809.66666666667,79222.83333333333,57245.583333333336,31642.242340474753,31965.38441137016,131436.0,45380.0,-0.44280105907057427,8.012677199998569,888221.0,22776.1
2024,2,182367.0,3238.57,108,104.0,6,17,35,101,17.395106162143417,78.47016567600058,191.62214001208864,1,3,2,0,0,0.5270789690253346,1805.6138613861385,32.065049504950494,1.0693069306930694,0.9629629629629629,1688.5833333333333,29.986759259259262,1753.5288461538462,130854.0,3019.57,121680.66666666667,93468.5,65772.83333333333,16395.288876178212,32899.04221554178,131436.0,57237.0,39.366775184556836,7.252688296678003,1019075.0,25795.67
2024,3,148109.0,3261.57,108,106.0,6,17,35,101,17.395106162143417,78.47016567600058,191.62214001208864,1,3,3,0,0,0.5270789690253346,1466.4257425742574,32.292772277227726,1.0693069306930694,0.9814814814814815,1371.3796296296296,30.199722222222224,1397.254716981132,182367.0,3238.57,148219.0,114323.5,78401.08333333333,29574.467180322958,43341.36696852096,182367.0,68241.0,-18.785196883208037,0.7101899912615753,1201442.0,29034.239999999998
2024,4,193883.0,3384.57,114,107.0,6,17,37,101,17.395106162143417,78.47016567600058,191.62214001208864,2,3,4,0,0,0.5270789690253346,1919.6336633663366,33.51059405940594,1.1287128712871286,0.9385964912280702,1700.7280701754387,29.68921052631579,1811.9906542056074,148109.0,3261.57,153776.66666666666,127293.16666666667,88058.91666666667,26220.0138507464,38950.470823427364,182367.0,68241.0,30.90561680924184,3.771189948399084,1349551.0,32295.809999999998
2024,5,223169.0,3402.57,115,112.0,6,17,38,101,17.395106162143417,78.47016567600058,191.62214001208864,2,3,5,0,0,0.5270789690253346,2209.5940594059407,33.68881188118812,1.1386138613861385,0.9739130434782609,1940.6,29.587565217391305,1992.580357142857,193883.0,3384.57,174786.33333333334,148233.5,101048.5,23809.96953658977,34356.24555011796,193883.0,102752.0,15.104985996709356,0.5318253131121531,1543434.0,35680.38
2024,6,252903.0,3476.57,117,113.0,6,17,38,101,17.395106162143417,78.47016567600058,191.62214001208864,2,3,6,0,0,0.5270789690253346,2503.990099009901,34.421485148514854,1.1584158415841583,0.9658119658119658,2161.5641025641025,29.714273504273507,2238.079646017699,223169.0,3402.57,188387.0,168303.0,116745.66666666667,37830.614745203384,37501.496978120755,223169.0,130854.0,13.323535078796786,2.174826675130857,1766603.0,39082.95
2024,7,242108.0,3715.57,123,117.0,6,17,38,101,17.395106162143417,78.47016567600058,191.62214001208864,3,3,7,0,0,0.5270789690253346,2397.108910891089,36.78782178217822,1.2178217821782178,0.9512195121951219,1968.3577235772357,30.20788617886179,2069.2991452991455,252903.0,3476.57,223318.33333333334,188547.5,133885.16666666666,29510.2833828029,45542.85236455881,252903.0,130854.0,-4.268434933551599,6.874591910992731,2019506.0,42559.52
2024,8,252540.0,3770.57,124,119.0,6,17,38,101,17.395106162143417,78.47016567600058,191.62214001208864,3,3,8,0,0,0.5270789690253346,2500.3960396039606,37.33237623762376,1.2277227722772277,0.9596774193548387,2036.6129032258063,30.407822580645163,2122.18487394958,242108.0,3715.57,239393.33333333334,207089.83333333334,150279.16666666666,15051.73579137412,39618.26718278661,252903.0,148109.0,4.3088208568077055,1.4802574033055493,2261614.0,46275.09
2024,9,290460.0,4039.57,129,121.0,6,17,38,101,17.395106162143417,78.47016567600058,191.62214001208864,3,3,9,0,0,0.5270789690253346,2875.841584158416,39.99574257425743,1.2772277227722773,0.937984496124031,2251.6279069767443,31.31449612403101,2400.495867768595,252540.0,3770.57,249183.66666666666,218785.33333333334,166554.41666666666,6130.394468003883,41186.95500600483,252903.0,148109.0,15.01544309812307,7.134199868985325,2514154.0,50045.659999999996
2024,10,264642.0,4207.57,135,128.0,6,17,38,101,17.395106162143417,78.47016567600058,191.62214001208864,4,3,10,0,0,0.5270789690253346,2620.2178217821784,41.659108910891085,1.3366336633663367,0.9481481481481482,1960.3111111111111,31.167185185185183,2067.515625,290460.0,4039.57,261702.66666666666,242510.5,184901.83333333334,25444.937047148156,32393.32913270878,290460.0,193883.0,-8.888659367899194,4.158858492364275,2804614.0,54085.229999999996
2024,11,251971.0,4492.57,141,132.0,6,17,38,101,17.395106162143417,78.47016567600058,191.62214001208864,4,3,11,0,0,0.5270789690253346,2494.762376237624,44.48089108910891,1.396039603960396,0.9361702127659575,1787.0283687943263,31.862198581560282,1908.871212121212,264642.0,4207.57,269214.0,254303.66666666666,201268.58333333334,19369.021348534872,22527.031394896796,290460.0,223169.0,-4.78797772084552,6.773505847793382,3069256.0,58292.799999999996
2024,12,264298.0,4623.57,144,140.0,6,17,38,101,17.395106162143417,78.47016567600058,191.62214001208864,4,3,12,0,0,0.5270789690253346,2616.8118811881186,45.77792079207921,1.4257425742574257,0.9722222222222222,1835.4027777777778,32.108125,1887.8428571428572,251971.0,4492.57,269024.3333333333,259104.0,213703.5,19615.157769779285,16941.961999721265,290460.0,242108.0,4.892229661349917,2.915925628315196,3321227.0,62785.369999999995
2025,1,300494.0,5266.57,155,139.0,6,17,38,101,17.395106162143417,78.47016567600058,191.62214001208864,1,4,1,0,0,0.5270789690253346,2975.1881188118814,52.14425742574257,1.5346534653465347,0.896774193548387,1938.6709677419356,33.977870967741936,2161.827338129496,264298.0,4623.57,260303.66666666666,261003.16666666666,224775.33333333334,7218.350527186395,16745.35525352228,290460.0,242108.0,13.69514714451112,13.907002597559895,3585525.0,67408.94
2025,2,340600.0,5754.57,164,154.0,6,17,38,101,17.395106162143417,78.47016567600058,191.62214001208864,1,4,2,0,0,0.5270789690253346,3372.2772277227723,56.9759405940594,1.6237623762376239,0.9390243902439024,2076.829268292683,35.08884146341463,2211.688311688312,300494.0,5266.57,272254.3333333333,270734.1666666667,238912.0,25220.979606933044,20181.07549578731,300494.0,251971.0,13.346689118584731,9.265992856830916,3886019.0,72675.51000000001
2025,3,369997.0,6276.57,174,161.0,6,17,39,101,17.395106162143417,78.47016567600058,191.62214001208864,1,4,3,0,0,0.5270789690253346,3663.3366336633662,62.14425742574257,1.7227722772277227,0.9252873563218391,2126.419540229885,36.07224137931034,2298.11801242236,340600.0,5754.57,301797.3333333333,285410.8333333333,252098.08333333334,38167.69326712493,32539.6949611804,340600.0,251971.0,8.630945390487375,9.071051355705118,4226619.0,78430.08000000002
2025,4,465728.0,7561.57,198,176.0,6,17,41,101,17.395106162143417,78.47016567600058,191.62214001208864,2,4,4,0,0,0.5270789690253346,4611.168316831683,74.8670297029703,1.9603960396039604,0.8888888888888888,2352.161616161616,38.18974747474747,2646.181818181818,369997.0,6276.57,337030.3333333333,298667.0,270588.75,34888.73231192751,47684.64851500959,369997.0,251971.0,25.873453027997524,20.472965329789997,4596616.0,84706.65000000002
2025,5,494118.0,8444.57,215,199.0,6,17,41,101,17.395106162143417,78.47016567600058,191.62214001208864,2,4,5,0,0,0.5270789690253346,4892.257425742574,83.60960396039604,2.128712871287129,0.9255813953488372,2298.2232558139535,39.27706976744186,2483.005025125628,465728.0,7561.57,392108.3333333333,332181.3333333333,293242.5,65428.87277290765,79223.15618975731,465728.0,251971.0,6.095832760753058,11.677469097026147,5062344.0,92268.22000000003
2025,6,521304.0,8849.57,223,214.0,6,17,42,101,17.395106162143417,78.47016567600058,191.62214001208864,2,4,6,0,0,0.5270789690253346,5161.425742574257,87.61950495049504,2.207920792079208,0.9596412556053812,2337.6860986547085,39.684170403587444,2436.0,494118.0,8444.57,443281.0,372539.1666666667,315821.5833333333,65033.88745108202,90993.18716567021,494118.0,264298.0,5.501924641482399,4.795981322909278,5556462.0,100712.79000000004
2025,7,545865.0,9278.57,231,219.0,6,17,42,101,17.395106162143417,78.47016567600058,191.62214001208864,3,4,7,0,0,0.5270789690253346,5404.60396039604,91.8670297029703,2.287128712871287,0.948051948051948,2363.051948051948,40.166969696969694,2492.5342465753424,521304.0,8849.57,493716.6666666667,415373.5,338188.3333333333,27790.173539100764,90338.19275976265,521304.0,300494.0,4.711454352930344,4.847693164752638,6077766.0,109562.36000000004
2025,8,569536.0,9492.57,234,226.0,6,17,43,101,17.395106162143417,78.47016567600058,191.62214001208864,3,4,8,0,0,0.5270789690253346,5638.970297029703,93.98584158415841,2.3168316831683167,0.9658119658119658,2433.91452991453,40.56653846153846,2520.070796460177,545865.0,9278.57,520429.0,456268.6666666667,363501.4166666667,25884.594279223355,83187.96723965977,545865.0,340600.0,4.336420177150028,2.306389885510375,6623631.0,118840.93000000005
2025,10,651610.0,9642.57,236,228.0,6,17,43,101,17.395106162143417,78.47016567600058,191.62214001208864,4,4,10,0,0,0.5270789690253346,6451.584158415842,95.4709900990099,2.3366336633663365,0.9661016949152542,2761.0593220338983,40.85834745762712,2857.938596491228,569536.0,9492.57,545568.3333333334,494424.6666666667,389917.75,24117.36852007978,71156.3852417105,569536.0,369997.0,14.410678166086077,1.580183238048284,7193167.0,128333.50000000006
2025,11,672783.0,9880.57,240,230.0,6,17,43,101,17.395106162143417,78.47016567600058,191.62214001208864,4,4,11,0,0,0.5270789690253346,6661.217821782178,97.82742574257425,2.376237623762376,0.9583333333333334,2803.2625,41.169041666666665,2925.1434782608694,651610.0,9642.57,589003.6666666666,541360.1666666666,420013.5833333333,55495.439365170685,65304.6608211598,651610.0,465728.0,3.2493362594189774,2.4682216463038382,7844777.0,137976.07000000007
2025,12,790849.0,10019.57,242,231.0,6,17,43,101,17.395106162143417,78.47016567600058,191.62214001208864,4,4,12,0,0,0.5270789690253346,7830.188118811881,99.20366336633663,2.396039603960396,0.9545454545454546,3267.971074380165,41.403181818181814,3423.5887445887447,672783.0,9880.57,631309.6666666666,575869.3333333334,454025.3333333333,54534.97412058924,71735.5345799188,672783.0,494118.0,17.54889763861453,1.4068014294721864,8517560.0,147856.64000000007
2026,1,913479.0,10344.57,246,232.0,6,17,44,101,17.395106162143417,78.47016567600058,191.62214001208864,1,5,1,0,0,0.5270789690253346,9044.346534653465,102.42148514851485,2.4356435643564356,0.943089430894309,3713.329268292683,42.051097560975606,3937.4094827586205,790849.0,10019.57,705080.6666666666,625324.5,498931.8333333333,75028.1895978661,100586.3113206766,790849.0,521304.0,15.506120637441535,3.24365217269803,9308409.0,157876.21000000008
2026,2,961229.0,10504.57,249,236.0,6,17,44,101,17.395106162143417,78.47016567600058,191.62214001208864,1,5,2,0,0,0.5270789690253346,9517.118811881188,104.00564356435643,2.4653465346534653,0.9477911646586346,3860.3574297188757,42.187028112449795,4073.0042372881358,913479.0,10344.57,792370.3333333334,690687.0,553030.25,120355.21154205721,139403.90463541576,913479.0,545865.0,5.227268497688508,1.5467051796256395,10221888.0,168220.7800000001
2026,3,1040626.0,10939.37,256,241.0,6,17,44,101,17.395106162143417,78.47016567600058,191.62214001208864,1,5,3,0,0,0.5270789690253346,10303.227722772277,108.31059405940594,2.5346534653465347,0.94140625,4064.9453125,42.7319140625,4317.95020746888,961229.0,10504.57,888519.0,759914.3333333334,608091.5,87889.63135660545,155326.9217716838,961229.0,569536.0,8.259946381143306,4.139150864814087,11183117.0,178725.3500000001
2026,4,1265202.0,11211.37,261,247.0,6,17,44,101,17.395106162143417,78.47016567600058,191.62214001208864,2,5,4,0,0,0.5270789690253346,12526.752475247526,111.00366336633664,2.5841584158415842,0.946360153256705,4847.517241379311,42.95544061302682,5122.275303643724,1040626.0,10939.37,971778.0,838429.3333333334,666427.0,64226.55956066777,158870.86692363326,1040626.0,651610.0,21.580856138516623,2.4864320340202406,12223743.0,189664.7200000001
2026,5,1468422.0,11573.37,265,252.0,6,17,44,101,17.395106162143417,78.47016567600058,191.62214001208864,2,5,5,0,0,0.5270789690253346,14538.831683168317,114.58782178217822,2.623762376237624,0.9509433962264151,5541.215094339623,43.673094339622644,5827.071428571428,1265202.0,11211.37,1089019.0,940694.6666666666,741027.4166666666,157658.83425612407,205272.51013291284,1265202.0,672783.0,16.062257252201626,3.2288649826024827,13488945.0,200876.09000000008
2026,6,1653178.0,12013.37,273,255.0,6,17,44,101,17.395106162143417,78.47016567600058,191.62214001208864,2,5,6,0,1,0.5270789690253346,16368.09900990099,118.94425742574258,2.702970297029703,0.9340659340659341,6055.59706959707,44.00501831501832,6483.050980392157,1468422.0,11573.37,1258083.3333333333,1073301.1666666667,824585.25,213986.82427975175,249758.51987022744,1468422.0,790849.0,12.581941703406786,3.801831272999999,14957367.0,212449.46000000008
2025,3,0.0,100.0,2,0.0,1,1,2,0,18.83224678074875,78.87786620557705,2886.422432997821,1,4,3,1,0,0.0,,,,0.0,0.0,50.0,,,,,,,,,,,,,,
2025,4,0.0,150.0,3,2.0,1,1,2,0,18.83224678074875,78.87786620557705,2886.422432997821,2,4,4,0,0,0.0,,,,0.6666666666666666,0.0,50.0,0.0,0.0,100.0,0.0,0.0,0.0,,,,,,50.0,0.0,100.0
2025,5,0.0,200.0,4,3.0,1,1,2,0,18.83224678074875,78.87786620557705,2886.422432997821,2,4,5,0,0,0.0,,,,0.75,0.0,50.0,0.0,0.0,150.0,0.0,0.0,0.0,,,,,,33.333333333333336,0.0,250.0
2025,6,55.0,200.0,4,4.0,1,1,2,0,18.83224678074875,78.87786620557705,2886.422432997821,2,4,6,0,0,0.0,,,,1.0,13.75,50.0,13.75,0.0,200.0,0.0,0.0,0.0,0.0,,,,,0.0,0.0,450.0
2025,7,300.0,200.0,4,4.0,1,1,2,0,18.83224678074875,78.87786620557705,2886.422432997821,3,4,7,0,0,0.0,,,,1.0,75.0,50.0,75.0,55.0,200.0,18.333333333333332,13.75,13.75,31.75426480542942,,,,445.45454545454544,0.0,55.0,650.0
2025,8,52.0,200.0,4,4.0,1,1,2,0,18.83224678074875,78.87786620557705,2886.422432997821,3,4,8,0,0,0.0,,,,1.0,13.0,50.0,13.0,300.0,200.0,118.33333333333333,71.0,71.0,159.7132847741018,,,,-82.66666666666667,0.0,355.0,850.0
2025,9,409.0,200.0,4,4.0,1,1,2,0,18.83224678074875,78.87786620557705,2886.422432997821,3,4,9,0,0,0.0,,,,1.0,102.25,50.0,102.25,52.0,200.0,135.66666666666666,67.83333333333333,67.83333333333333,142.32474603291354,116.72260563689737,300.0,0.0,686.5384615384615,0.0,407.0,1050.0
2025,10,1487.0,250.0,5,4.0,1,2,3,0,18.83224678074875,78.87786620557705,2886.422432997821,4,4,10,0,0,0.0,,,,0.8,297.4,50.0,371.75,409.0,200.0,253.66666666666666,136.0,116.57142857142857,182.9544569922617,174.3754569886485,409.0,0.0,263.56968215158923,25.0,816.0,1250.0
2025,11,621.0,250.0,5,5.0,1,2,3,0,18.83224678074875,78.87786620557705,2886.422432997821,4,4,11,0,0,0.0,,,,1.0,124.2,50.0,124.2,1487.0,250.0,649.3333333333334,383.8333333333333,287.875,747.078532239639,563.9522733943597,1487.0,0.0,-58.238063214525894,0.0,2303.0,1500.0
2025,12,948.0,250.0,5,5.0,1,2,3,0,18.83224678074875,78.87786620557705,2886.422432997821,4,4,12,0,0,0.0,,,,1.0,189.6,50.0,189.6,621.0,250.0,839.0,487.3333333333333,324.8888888888889,571.1076956231634,535.6971781395406,1487.0,52.0,52.65700483091788,0.0,2924.0,1750.0
2026,1,991.0,370.0,6,6.0,1,2,3,0,18.83224678074875,78.87786620557705,2886.422432997821,1,5,1,0,0,0.0,,,,1.0,165.16666666666666,61.666666666666664,165.16666666666666,948.0,250.0,1018.6666666666666,636.1666666666666,387.2,437.30347967210736,515.2185620362166,1487.0,52.0,4.5358649789029535,48.0,3872.0,2000.0
2026,2,1769.0,370.0,6,6.0,1,2,3,0,18.83224678074875,78.87786620557705,2886.422432997821,1,5,2,0,0,0.0,,,,1.0,294.8333333333333,61.666666666666664,294.8333333333333,991.0,370.0,853.3333333333334,751.3333333333334,442.09090909090907,202.35200353179906,502.10941702647517,1487.0,52.0,78.50655903128154,0.0,4863.0,2370.0
2026,3,1637.0,370.0,6,6.0,1,2,3,0,18.83224678074875,78.87786620557705,2886.422432997821,1,5,3,0,0,0.0,,,,1.0,272.8333333333333,61.666666666666664,272.8333333333333,1769.0,370.0,1236.0,1037.5,552.6666666666666,462.0919821853652,512.9911305276146,1769.0,409.0,-7.46184284906727,0.0,6632.0,2740.0
2026,4,1447.0,370.0,6,6.0,1,2,3,0,18.83224678074875,78.87786620557705,2886.422432997821,2,5,4,0,0,0.0,,,,1.0,241.16666666666666,61.666666666666664,241.16666666666666,1637.0,370.0,1465.6666666666667,1242.1666666666667,689.0833333333334,416.3380037101264,453.6202890818121,1769.0,621.0,-11.606597434331093,0.0,8269.0,3110.0
2026,5,2722.0,370.0,6,6.0,1,2,3,0,18.83224678074875,78.87786620557705,2886.422432997821,2,5,5,0,0,0.0,,,,1.0,453.6666666666667,61.666666666666664,453.6666666666667,1447.0,370.0,1617.6666666666667,1235.5,809.6666666666666,161.8682591904082,449.57835802004536,1769.0,621.0,88.1133379405667,0.0,9716.0,3480.0
2026,6,6730.0,370.0,6,6.0,1,2,3,0,18.83224678074875,78.87786620557705,2886.422432997821,2,5,6,0,1,0.0,,,,1.0,1121.6666666666667,61.666666666666664,1121.6666666666667,2722.0,370.0,1935.3333333333333,1585.6666666666667,1036.5,687.8650545952551,649.1494948520461,2722.0,948.0,147.24467303453343,0.0,12438.0,3850.0
2024,12,0.0,1.5,1,0.0,1,1,1,2,17.72633261028821,79.2818344756412,2396.601392407076,4,3,12,1,0,0.0008345150788681044,0.0,0.75,0.5,0.0,0.0,1.5,,,,,,,,,,,,,,
2025,1,121.0,1.5,1,1.0,1,1,1,2,17.72633261028821,79.2818344756412,2396.601392407076,1,4,1,0,0,0.0008345150788681044,60.5,0.75,0.5,1.0,121.0,1.5,121.0,0.0,1.5,0.0,0.0,0.0,,,,,,0.0,0.0,1.5
2025,2,209.0,1.5,1,1.0,1,1,1,2,17.72633261028821,79.2818344756412,2396.601392407076,1,4,2,0,0,0.0008345150788681044,104.5,0.75,0.5,1.0,209.0,1.5,209.0,121.0,1.5,60.5,60.5,60.5,,,,,72.72727272727273,0.0,121.0,3.0
2025,3,221.0,1.5,1,1.0,1,1,1,2,17.72633261028821,79.2818344756412,2396.601392407076,1,4,3,0,0,0.0008345150788681044,110.5,0.75,0.5,1.0,221.0,1.5,221.0,209.0,1.5,110.0,110.0,110.0,104.93331215586402,,,,5.741626794258373,0.0,330.0,4.5
2025,4,187.0,51.5,2,2.0,1,2,2,2,17.72633261028821,79.2818344756412,2396.601392407076,2,4,4,0,0,0.0008345150788681044,93.5,25.75,1.0,1.0,93.5,25.75,93.5,221.0,1.5,183.66666666666666,137.75,137.75,54.60158727851539,,,,-15.384615384615385,3333.3333333333335,551.0,6.0
2025,5,56.0,51.5,2,2.0,1,2,2,2,17.72633261028821,79.2818344756412,2396.601392407076,2,4,5,0,0,0.0008345150788681044,28.0,25.75,1.0,1.0,28.0,25.75,28.0,187.0,51.5,205.66666666666666,147.6,147.6,17.243356208503425,,,,-70.05347593582887,0.0,738.0,57.5
2025,6,123.0,101.55,4,2.0,1,2,3,2,17.72633261028821,79.2818344756412,2396.601392407076,2,4,6,0,0,0.0008345150788681044,61.5,50.775,2.0,0.5,30.75,25.3875,61.5,56.0,51.5,154.66666666666666,132.33333333333334,132.33333333333334,87.12251909428086,89.66084243785949,221.0,0.0,119.64285714285714,97.18446601941747,794.0,109.0
2025,7,246.0,103.05,5,5.0,1,2,3,2,17.72633261028821,79.2818344756412,2396.601392407076,3,4,7,0,0,0.0008345150788681044,123.0,51.525,2.5,1.0,49.2,20.61,49.2,123.0,101.55,122.0,152.83333333333334,131.0,65.50572494064926,63.63777704058075,221.0,56.0,100.0,1.4771048744460857,917.0,210.55
2025,8,69.0,101.55,4,4.0,1,2,3,2,17.72633261028821,79.2818344756412,2396.601392407076,3,4,8,0,0,0.0008345150788681044,34.5,50.775,2.0,1.0,17.25,25.3875,17.25,246.0,103.05,141.66666666666666,173.66666666666666,145.375,96.36562319278245,71.14960763536695,246.0,56.0,-71.95121951219512,-1.455604075691412,1163.0,313.6
2025,9,134.0,101.55,4,4.0,1,2,3,2,17.72633261028821,79.2818344756412,2396.601392407076,3,4,9,0,0,0.0008345150788681044,67.0,50.775,2.0,1.0,33.5,25.3875,33.5,69.0,101.55,146.0,150.33333333333334,136.88888888888889,90.71383576941281,79.6885604504603,246.0,56.0,94.20289855072464,0.0,1232.0,415.15000000000003
2025,10,719.0,221.55,5,4.0,1,2,3,2,17.72633261028821,79.2818344756412,2396.601392407076,4,4,10,0,0,0.0008345150788681044,359.5,110.775,2.5,0.8,143.8,44.31,179.75,134.0,101.55,149.66666666666666,135.83333333333334,136.6,89.53397865242744,71.78138105850755,246.0,56.0,436.56716417910445,118.16838995568688,1366.0,516.7
2025,11,1075.0,401.55,7,5.0,1,2,4,2,17.72633261028821,79.2818344756412,2396.601392407076,4,4,11,0,0,0.0008345150788681044,537.5,200.775,3.5,0.7142857142857143,153.57142857142858,57.364285714285714,215.0,719.0,221.55,307.3333333333333,224.5,189.54545454545453,357.9920855735966,251.41897303107416,719.0,56.0,49.51321279554937,81.24576844955992,2085.0,738.25
2025,12,890.0,452.55,8,7.0,1,2,4,2,17.72633261028821,79.2818344756412,2396.601392407076,4,4,12,0,0,0.0008345150788681044,445.0,226.275,4.0,0.875,111.25,56.56875,127.14285714285714,1075.0,401.55,642.6666666666666,394.3333333333333,263.3333333333333,475.1213879981971,409.37887911648136,1075.0,69.0,-17.209302325581394,12.70078446021666,3160.0,1139.8
2026,1,1756.0,632.55,10,9.0,1,2,4,2,17.72633261028821,79.2818344756412,2396.601392407076,1,5,1,0,0,0.0008345150788681044,878.0,316.275,5.0,0.9,175.6,63.254999999999995,195.11111111111111,890.0,452.55,894.6666666666666,522.1666666666666,337.5,178.04587423844842,427.07630075510707,1075.0,69.0,97.30337078651685,39.77461054027177,4050.0,1592.35
2026,2,5148.0,632.55,10,10.0,1,2,4,2,17.72633261028821,79.2818344756412,2396.601392407076,1,5,2,0,0,0.0008345150788681044,2574.0,316.275,5.0,1.0,514.8,63.254999999999995,514.8,1756.0,632.55,1240.3333333333333,773.8333333333334,473.75,456.05957213212116,628.972309936349,1756.0,69.0,193.16628701594533,0.0,5806.0,2224.8999999999996
2026,3,2615.0,632.55,10,10.0,1,2,4,2,17.72633261028821,79.2818344756412,2396.601392407076,1,5,3,0,0,0.0008345150788681044,1307.5,316.275,5.0,1.0,261.5,63.254999999999995,261.5,5148.0,632.55,2598.0,1620.3333333333333,885.3333333333334,2250.41418410034,1806.388736309731,5148.0,134.0,-49.203574203574206,0.0,10954.0,2857.45
2026,4,5696.0,736.5,11,10.0,1,2,4,2,17.72633261028821,79.2818344756412,2396.601392407076,2,5,4,0,0,0.0008345150788681044,2848.0,368.25,5.5,0.9090909090909091,517.8181818181819,66.95454545454545,569.6,2615.0,632.55,3173.0,2033.8333333333333,1084.8333333333333,1763.5019138067303,1677.4673071826667,5148.0,719.0,117.82026768642447,16.433483519089407,13569.0,3490.0
2026,5,3611.0,736.5,11,11.0,1,2,4,2,17.72633261028821,79.2818344756412,2396.601392407076,2,5,5,0,0,0.0008345150788681044,1805.5,368.25,5.5,1.0,328.27272727272725,66.95454545454545,328.27272727272725,5696.0,736.5,4486.333333333333,2863.3333333333335,1543.9166666666667,1643.6217123576014,2079.602814641937,5696.0,890.0,-36.60463483146067,0.0,19265.0,4226.5
2026,6,2328.0,736.5,11,11.0,1,2,4,2,17.72633261028821,79.2818344756412,2396.601392407076,2,5,6,0,1,0.0008345150788681044,1164.0,368.25,5.5,1.0,211.63636363636363,66.95454545454545,211.63636363636363,3611.0,736.5,3974.0,3286.0,1840.1666666666667,1572.2490260769762,1892.7612633398858,5696.0,890.0,-35.53032400996954,0.0,22876.0,4963.0
2023,2,0.0,30.0,1,0.0,1,1,1,0,18.505978976757604,79.924199080384,2872.4949871463336,1,2,2,1,0,0.0,,,,0.0,0.0,30.0,,,,,,,,,,,,,,
2023,3,27.0,30.0,1,1.0,1,1,1,0,18.505978976757604,79.924199080384,2872.4949871463336,1,2,3,0,0,0.0,,,,1.0,27.0,30.0,27.0,0.0,30.0,0.0,0.0,0.0,,,,,,0.0,0.0,30.0
2023,4,0.0,30.0,1,1.0,1,1,1,0,18.505978976757604,79.924199080384,2872.4949871463336,2,2,4,0,0,0.0,,,,1.0,0.0,30.0,0.0,27.0,30.0,13.5,13.5,13.5,,,,,-100.0,0.0,27.0,60.0
2023,5,7.0,30.0,1,1.0,1,1,1,0,18.505978976757604,79.924199080384,2872.4949871463336,2,2,5,0,0,0.0,,,,1.0,7.0,30.0,7.0,0.0,30.0,9.0,9.0,9.0,15.588457268119896,,,,,0.0,27.0,90.0
2023,6,0.0,30.0,1,1.0,1,1,1,0,18.505978976757604,79.924199080384,2872.4949871463336,2,2,6,0,0,0.0,,,,1.0,0.0,30.0,0.0,7.0,30.0,11.333333333333334,8.5,8.5,14.011899704655802,,,,-100.0,0.0,34.0,120.0
2023,7,0.0,30.0,1,1.0,1,1,1,0,18.505978976757604,79.924199080384,2872.4949871463336,3,2,7,0,0,0.0,,,,1.0,0.0,30.0,0.0,0.0,30.0,2.3333333333333335,6.8,6.8,4.041451884327384,,,,,0.0,34.0,150.0
2023,8,20.0,30.0,1,1.0,1,1,1,0,18.505978976757604,79.924199080384,2872.4949871463336,3,2,8,0,0,0.0,,,,1.0,20.0,30.0,20.0,0.0,30.0,2.3333333333333335,5.666666666666667,5.666666666666667,4.041451884327384,10.819735055289785,27.0,0.0,,0.0,34.0,180.0
2023,9,4.0,30.0,1,1.0,1,1,1,0,18.505978976757604,79.924199080384,2872.4949871463336,3,2,9,0,0,0.0,,,,1.0,4.0,30.0,4.0,20.0,30.0,6.666666666666667,9.0,7.714285714285714,11.547005383792516,11.764352935882194,27.0,0.0,-80.0,0.0,54.0,210.0
2023,10,26.0,30.0,1,1.0,1,1,1,0,18.505978976757604,79.924199080384,2872.4949871463336,4,2,10,0,0,0.0,,,,1.0,26.0,30.0,26.0,4.0,30.0,8.0,5.166666666666667,7.25,10.583005244258363,7.808115436305144,20.0,0.0,550.0,0.0,58.0,240.0
2023,11,72.0,30.0,1,1.0,1,1,1,0,18.505978976757604,79.924199080384,2872.4949871463336,4,2,11,0,0,0.0,,,,1.0,72.0,30.0,72.0,26.0,30.0,16.666666666666668,9.5,9.333333333333334,11.372481406154654,10.94988584415381,26.0,0.0,176.92307692307693,0.0,84.0,270.0
2023,12,9.0,30.0,1,1.0,1,1,1,0,18.505978976757604,79.924199080384,2872.4949871463336,4,2,12,0,0,0.0,,,,1.0,9.0,30.0,9.0,72.0,30.0,34.0,20.333333333333332,15.6,34.698703145794944,27.551164524692357,72.0,0.0,-87.5,0.0,156.0,300.0
2024,1,7.0,30.0,1,1.0,1,1,1,0,18.505978976757604,79.924199080384,2872.4949871463336,1,3,1,0,0,0.0,,,,1.0,7.0,30.0,7.0,9.0,30.0,35.666666666666664,21.833333333333332,15.0,32.593455375785695,26.445541527196347,72.0,0.0,-22.22222222222222,0.0,165.0,330.0
2024,2,99.0,30.0,1,1.0,1,1,1,0,18.505978976757604,79.924199080384,2872.4949871463336,1,3,2,0,0,0.0,,,,1.0,99.0,30.0,99.0,7.0,30.0,29.333333333333332,23.0,14.333333333333334,36.96394639825858,25.424397731313125,72.0,4.0,1314.2857142857142,0.0,172.0,360.0
2024,3,0.0,30.0,1,1.0,1,1,1,0,18.505978976757604,79.924199080384,2872.4949871463336,1,3,3,0,0,0.0,,,,1.0,0.0,30.0,0.0,99.0,30.0,38.333333333333336,36.166666666666664,22.583333333333332,52.54839039716948,39.89695059358129,99.0,4.0,-100.0,0.0,271.0,390.0
2024,4,16.0,30.0,1,1.0,1,1,1,0,18.505978976757604,79.924199080384,2872.4949871463336,2,3,4,0,0,0.0,,,,1.0,16.0,30.0,16.0,0.0,30.0,35.333333333333336,35.5,20.333333333333332,55.24792605458899,40.56969312183664,99.0,0.0,,0.0,271.0,420.0
2024,5,0.0,30.0,1,1.0,1,1,1,0,18.505978976757604,79.924199080384,2872.4949871463336,2,3,5,0,0,0.0,,,,1.0,0.0,30.0,0.0,16.0,30.0,38.333333333333336,33.833333333333336,21.666666666666668,53.144457221175315,41.23792752632783,99.0,0.0,-100.0,0.0,287.0,450.0
2024,7,48.0,30.0,1,1.0,1,1,1,0,18.505978976757604,79.924199080384,2872.4949871463336,3,3,7,0,0,0.0,,,,1.0,48.0,30.0,48.0,0.0,30.0,5.333333333333333,21.833333333333332,21.083333333333332,9.237604307033985,38.28010797616259,99.0,0.0,,0.0,287.0,480.0
2024,8,83.0,30.0,1,1.0,1,1,1,0,18.505978976757604,79.924199080384,2872.4949871463336,3,3,8,0,0,0.0,,,,1.0,83.0,30.0,83.0,48.0,30.0,21.333333333333332,28.333333333333332,25.083333333333332,24.44040370643114,38.97007398846795,99.0,0.0,72.91666666666667,0.0,335.0,510.0
2024,9,36.0,30.0,1,1.0,1,1,1,0,18.505978976757604,79.924199080384,2872.4949871463336,3,3,9,0,0,0.0,,,,1.0,36.0,30.0,36.0,83.0,30.0,43.666666666666664,41.0,32.0,41.669333248005465,42.81121348431974,99.0,0.0,-56.626506024096386,0.0,418.0,540.0
2024,10,53.0,30.0,1,1.0,1,1,1,0,18.505978976757604,79.924199080384,2872.4949871463336,4,3,10,0,0,0.0,,,,1.0,53.0,30.0,53.0,36.0,30.0,55.666666666666664,30.5,33.333333333333336,24.419937209856492,32.135649985646786,83.0,0.0,47.22222222222222,0.0,454.0,570.0
2024,11,42.0,30.0,1,1.0,1,1,1,0,18.505978976757604,79.924199080384,2872.4949871463336,4,3,11,0,0,0.0,,,,1.0,42.0,30.0,42.0,53.0,30.0,57.333333333333336,39.333333333333336,37.416666666666664,23.797758998135386,29.22784060902664,83.0,0.0,-20.754716981132077,0.0,507.0,600.0
2024,12,17.0,30.0,1,1.0,1,1,1,0,18.505978976757604,79.924199080384,2872.4949871463336,4,3,12,0,0,0.0,,,,1.0,17.0,30.0,17.0,42.0,30.0,43.666666666666664,43.666666666666664,38.75,8.621678104251703,26.912202932251137,83.0,0.0,-59.523809523809526,0.0,549.0,630.0
2025,1,55.0,30.0,1,1.0,1,1,1,0,18.505978976757604,79.924199080384,2872.4949871463336,1,4,1,0,0,0.0,,,,1.0,55.0,30.0,55.0,17.0,30.0,37.333333333333336,46.5,34.166666666666664,18.448125469362274,21.80596248735653,83.0,17.0,223.52941176470588,0.0,566.0,660.0
2025,2,1.0,30.0,1,1.0,1,1,1,0,18.505978976757604,79.924199080384,2872.4949871463336,1,4,2,0,0,0.0,,,,1.0,1.0,30.0,1.0,55.0,30.0,38.0,47.666666666666664,38.0,19.313207915827963,22.087703970007087,83.0,17.0,-98.18181818181819,0.0,621.0,690.0
2025,3,0.0,30.0,1,1.0,1,1,1,0,18.505978976757604,79.924199080384,2872.4949871463336,1,4,3,0,0,0.0,,,,1.0,0.0,30.0,0.0,1.0,30.0,24.333333333333332,34.0,37.5,27.73685875028628,21.203773249117727,55.0,1.0,-100.0,0.0,622.0,720.0
2025,4,0.0,30.0,1,1.0,1,1,1,0,18.505978976757604,79.924199080384,2872.4949871463336,2,4,4,0,0,0.0,,,,1.0,0.0,30.0,0.0,0.0,30.0,18.666666666666668,28.0,29.25,31.469562013687643,25.23489647294002,55.0,0.0,,0.0,622.0,750.0
2025,5,0.0,30.0,1,1.0,1,1,1,0,18.505978976757604,79.924199080384,2872.4949871463336,2,4,5,0,0,0.0,,,,1.0,0.0,30.0,0.0,0.0,30.0,0.3333333333333333,19.166666666666668,29.25,0.5773502691883418,23.978462558443304,55.0,0.0,,0.0,622.0,780.0
2025,6,12.0,30.0,1,1.0,1,1,1,0,18.505978976757604,79.924199080384,2872.4949871463336,2,4,6,0,0,0.0,,,,1.0,12.0,30.0,12.0,0.0,30.0,0.0,12.166666666666666,27.916666666666668,0.0,22.031038710570762,55.0,0.0,,0.0,622.0,810.0
2025,7,24.0,30.0,1,1.0,1,1,1,0,18.505978976757604,79.924199080384,2872.4949871463336,3,4,7,0,0,0.0,,,,1.0,24.0,30.0,24.0,12.0,30.0,4.0,11.333333333333334,28.916666666666668,6.92820323027541,21.90585918576734,55.0,0.0,100.0,0.0,634.0,840.0
2025,8,83.0,30.0,1,1.0,1,1,1,0,18.505978976757604,79.924199080384,2872.4949871463336,3,4,8,0,0,0.0,,,,1.0,83.0,30.0,83.0,24.0,30.0,12.0,6.166666666666667,26.916666666666668,11.999999999999952,9.928074670683515,24.0,0.0,245.83333333333334,0.0,658.0,870.0
2025,9,83.0,30.0,1,1.0,1,1,1,0,18.505978976757604,79.924199080384,2872.4949871463336,3,4,9,0,0,0.0,,,,1.0,83.0,30.0,83.0,83.0,30.0,39.666666666666664,19.833333333333332,26.916666666666668,38.00438571182717,32.40010288049511,83.0,0.0,0.0,0.0,741.0,900.0
2025,10,115.0,30.0,1,1.0,1,1,1,0,18.505978976757604,79.924199080384,2872.4949871463336,4,4,10,0,0,0.0,,,,1.0,115.0,30.0,115.0,83.0,30.0,63.333333333333336,33.666666666666664,30.833333333333332,34.06366588218793,39.236037856372135,83.0,0.0,38.55421686746988,0.0,824.0,930.0
2025,11,23.0,270.0,3,1.0,1,1,2,0,18.505978976757604,79.924199080384,2872.4949871463336,4,4,11,0,0,0.0,,,,0.3333333333333333,7.666666666666667,90.0,23.0,115.0,30.0,93.66666666666667,52.833333333333336,36.0,18.47520861406806,46.850471360133255,115.0,0.0,-80.0,800.0,939.0,960.0
2025,12,645.0,390.0,4,4.0,1,1,2,0,18.505978976757604,79.924199080384,2872.4949871463336,4,4,12,0,0,0.0,,,,1.0,161.25,97.5,161.25,23.0,270.0,73.66666666666667,56.666666666666664,34.416666666666664,46.70474636836533,42.391823110909804,115.0,12.0,2704.3478260869565,44.44444444444444,962.0,1230.0
2026,1,241.0,390.0,4,4.0,1,1,2,0,18.505978976757604,79.924199080384,2872.4949871463336,1,5,1,0,0,0.0,,,,1.0,60.25,97.5,60.25,645.0,390.0,261.0,162.16666666666666,86.75,335.7201215298243,239.30935348762836,645.0,23.0,-62.63565891472868,0.0,1607.0,1620.0
2026,2,168.0,510.0,5,4.0,1,2,3,0,18.505978976757604,79.924199080384,2872.4949871463336,1,5,2,0,0,0.0,,,,0.8,33.6,102.0,42.0,241.0,390.0,303.0,198.33333333333334,102.25,315.6010139400696,230.4870206034749,645.0,23.0,-30.29045643153527,30.76923076923077,1848.0,2010.0
2026,3,273.0,510.0,5,5.0,1,2,3,0,18.505978976757604,79.924199080384,2872.4949871463336,1,5,3,0,0,0.0,,,,1.0,54.6,102.0,54.6,168.0,510.0,351.3333333333333,212.5,116.16666666666667,256.92865416946654,224.5152556063841,645.0,23.0,62.5,0.0,2016.0,2520.0
2026,4,1.0,120.0,1,1.0,1,1,1,0,18.505978976757604,79.924199080384,2872.4949871463336,2,5,4,0,0,0.0,,,,1.0,1.0,120.0,1.0,273.0,510.0,227.33333333333334,244.16666666666666,138.91666666666666,53.81759315812374,215.82809517453157,645.0,23.0,-99.63369963369964,-76.47058823529412,2289.0,3030.0
2026,5,1.0,120.0,1,1.0,1,1,1,0,18.505978976757604,79.924199080384,2872.4949871463336,2,5,5,0,0,0.0,,,,1.0,1.0,120.0,1.0,1.0,120.0,147.33333333333334,225.16666666666666,139.0,137.1726406151508,233.74722814755827,645.0,1.0,0.0,0.0,2290.0,3150.0
2026,6,4.0,120.0,1,1.0,1,1,1,0,18.505978976757604,79.924199080384,2872.4949871463336,2,5,6,0,1,0.0,,,,1.0,4.0,120.0,4.0,1.0,120.0,91.66666666666667,221.5,139.08333333333334,157.03927321957815,237.69202763239662,645.0,1.0,300.0,0.0,2291.0,3270.0
2023,10,0.0,25.0,1,0.0,1,1,1,3,16.07171953232134,77.78103468586683,2577.848940651714,4,2,10,1,0,0.0011637609763284114,0.0,8.333333333333334,0.3333333333333333,0.0,0.0,25.0,,,,,,,,,,,,,,
2023,11,50.0,25.0,1,1.0,1,1,1,3,16.07171953232134,77.78103468586683,2577.848940651714,4,2,11,0,0,0.0011637609763284114,16.666666666666668,8.333333333333334,0.3333333333333333,1.0,50.0,25.0,50.0,0.0,25.0,0.0,0.0,0.0,,,,,,0.0,0.0,25.0
2023,12,178.0,25.0,1,1.0,1,1,1,3,16.07171953232134,77.78103468586683,2577.848940651714,4,2,12,0,0,0.0011637609763284114,59.333333333333336,8.333333333333334,0.3333333333333333,1.0,178.0,25.0,178.0,50.0,25.0,25.0,25.0,25.0,,,,,256.0,0.0,50.0,50.0
2024,1,73.0,25.0,1,1.0,1,1,1,3,16.07171953232134,77.78103468586683,2577.848940651714,1,3,1,0,0,0.0011637609763284114,24.333333333333332,8.333333333333334,0.3333333333333333,1.0,73.0,25.0,73.0,178.0,25.0,76.0,76.0,76.0,91.804139340228,,,,-58.98876404494382,0.0,228.0,75.0
2024,2,31.0,25.0,1,1.0,1,1,1,3,16.07171953232134,77.78103468586683,2577.848940651714,1,3,2,0,0,0.0011637609763284114,10.333333333333334,8.333333333333334,0.3333333333333333,1.0,31.0,25.0,31.0,73.0,25.0,100.33333333333333,75.25,75.25,68.23733093647006,,,,-57.534246575342465,0.0,301.0,100.0
2024,3,477.0,102.0,3,1.0,1,1,1,3,16.07171953232134,77.78103468586683,2577.848940651714,1,3,3,0,0,0.0011637609763284114,159.0,34.0,1.0,0.3333333333333333,159.0,34.0,477.0,31.0,25.0,94.0,66.4,66.4,75.71657678474378,,,,1438.7096774193549,308.0,332.0,125.0
2024,4,2703.0,102.0,3,3.0,1,1,1,3,16.07171953232134,77.78103468586683,2577.848940651714,2,3,4,0,0,0.0011637609763284114,901.0,34.0,1.0,1.0,901.0,34.0,901.0,477.0,102.0,193.66666666666666,134.83333333333334,134.83333333333334,246.27085360093537,178.28226683174822,477.0,0.0,466.6666666666667,0.0,809.0,227.0
2024,5,3105.0,102.0,3,3.0,1,1,1,3,16.07171953232134,77.78103468586683,2577.848940651714,2,3,5,0,0,0.0011637609763284114,1035.0,34.0,1.0,1.0,1035.0,34.0,1035.0,2703.0,102.0,1070.3333333333333,585.3333333333334,501.7142857142857,1431.4081644776702,1050.5733038044832,2703.0,31.0,14.872364039955604,0.0,3512.0,329.0
2024,6,4526.0,156.0,4,3.0,1,1,1,3,16.07171953232134,77.78103468586683,2577.848940651714,2,3,6,0,0,0.0011637609763284114,1508.6666666666667,52.0,1.3333333333333333,0.75,1131.5,39.0,1508.6666666666667,3105.0,102.0,2095.0,1094.5,827.125,1415.5719692053808,1415.9912075998213,3105.0,31.0,45.76489533011272,52.94117647058823,6617.0,431.0
2024,7,4163.0,156.0,4,4.0,1,1,1,3,16.07171953232134,77.78103468586683,2577.848940651714,3,3,7,0,0,0.0011637609763284114,1387.6666666666667,52.0,1.3333333333333333,1.0,1040.75,39.0,1040.75,4526.0,156.0,3444.6666666666665,1819.1666666666667,1238.111111111111,957.790338922529,1887.3009740543948,4526.0,31.0,-8.020326999558108,0.0,11143.0,587.0
2024,8,3782.0,156.0,4,4.0,1,1,1,3,16.07171953232134,77.78103468586683,2577.848940651714,3,3,8,0,0,0.0011637609763284114,1260.6666666666667,52.0,1.3333333333333333,1.0,945.5,39.0,945.5,4163.0,156.0,3931.3333333333335,2500.8333333333335,1530.6,738.2833692650357,1869.0085517906725,4526.0,31.0,-9.152053807350468,0.0,15306.0,743.0
2024,9,7708.0,156.0,4,4.0,1,1,1,3,16.07171953232134,77.78103468586683,2577.848940651714,3,3,9,0,0,0.0011637609763284114,2569.3333333333335,52.0,1.3333333333333333,1.0,1927.0,39.0,1927.0,3782.0,156.0,4157.0,3126.0,1735.2727272727273,372.03628855260826,1460.2928473426146,4526.0,477.0,103.80750925436277,0.0,19088.0,899.0
2024,10,6389.0,156.0,4,4.0,1,1,1,3,16.07171953232134,77.78103468586683,2577.848940651714,4,3,10,0,0,0.0011637609763284114,2129.6666666666665,52.0,1.3333333333333333,1.0,1597.25,39.0,1597.25,7708.0,156.0,5217.666666666667,4331.166666666667,2233.0,2165.0889897030406,1784.6702122988063,7708.0,2703.0,-17.112091333679295,0.0,26796.0,1055.0
2024,11,8999.0,186.0,5,4.0,1,1,1,3,16.07171953232134,77.78103468586683,2577.848940651714,4,3,11,0,0,0.0011637609763284114,2999.6666666666665,62.0,1.6666666666666667,0.8,1799.8,37.2,2249.75,6389.0,156.0,5959.666666666667,4945.5,2765.4166666666665,1997.9024834394027,1746.113255204255,7708.0,3105.0,40.85146345280952,19.23076923076923,33185.0,1211.0
2024,12,5604.0,186.0,5,5.0,1,1,1,3,16.07171953232134,77.78103468586683,2577.848940651714,4,3,12,0,0,0.0011637609763284114,1868.0,62.0,1.6666666666666667,1.0,1120.8,37.2,1120.8,8999.0,186.0,7698.666666666667,5927.833333333333,3511.1666666666665,1305.0250316884085,2121.231096949756,8999.0,3782.0,-37.72641404600511,0.0,42184.0,1397.0
2025,1,8490.0,236.0,6,6.0,1,1,1,3,16.07171953232134,77.78103468586683,2577.848940651714,1,4,1,0,0,0.0011637609763284114,2830.0,78.66666666666667,2.0,1.0,1415.0,39.333333333333336,1415.0,5604.0,186.0,6997.333333333333,6107.5,3963.3333333333335,1777.373999284712,2022.0859279466831,8999.0,3782.0,51.49892933618844,26.881720430107528,47788.0,1583.0
2025,2,9259.0,236.0,6,6.0,1,1,1,3,16.07171953232134,77.78103468586683,2577.848940651714,1,4,2,0,0,0.0011637609763284114,3086.3333333333335,78.66666666666667,2.0,1.0,1543.1666666666667,39.333333333333336,1543.1666666666667,8490.0,236.0,7697.666666666667,6828.666666666667,4664.75,1830.9424713336384,1960.5558055476677,8999.0,3782.0,9.05771495877503,0.0,56278.0,1819.0
2025,3,7437.0,236.0,6,6.0,1,1,1,3,16.07171953232134,77.78103468586683,2577.848940651714,1,4,3,0,0,0.0011637609763284114,2479.0,78.66666666666667,2.0,1.0,1239.5,39.333333333333336,1239.5,9259.0,236.0,7784.333333333333,7741.5,5433.75,1926.974398722861,1472.6608231361333,9259.0,5604.0,-19.67815098822767,0.0,65537.0,2055.0
2025,4,8925.0,236.0,6,6.0,1,1,1,3,16.07171953232134,77.78103468586683,2577.848940651714,2,4,4,0,0,0.0011637609763284114,2975.0,78.66666666666667,2.0,1.0,1487.5,39.333333333333336,1487.5,7437.0,236.0,8395.333333333334,7696.333333333333,6013.75,914.6815474979983,1478.0397378510027,9259.0,5604.0,20.0080677692618,0.0,72974.0,2291.0
2025,5,8248.0,236.0,6,6.0,1,1,1,3,16.07171953232134,77.78103468586683,2577.848940651714,2,4,5,0,0,0.0011637609763284114,2749.3333333333335,78.66666666666667,2.0,1.0,1374.6666666666667,39.333333333333336,1374.6666666666667,8925.0,236.0,8540.333333333334,8119.0,6532.25,969.998625428579,1389.3614360561444,9259.0,5604.0,-7.5854341736694675,0.0,81899.0,2527.0
2025,6,10712.0,236.0,6,6.0,1,1,1,3,16.07171953232134,77.78103468586683,2577.848940651714,2,4,6,0,0,0.0011637609763284114,3570.6666666666665,78.66666666666667,2.0,1.0,1785.3333333333333,39.333333333333336,1785.3333333333333,8248.0,236.0,8203.333333333334,7993.833333333333,6960.833333333333,745.0049216839666,1326.6398782890024,9259.0,5604.0,29.873908826382152,0.0,90147.0,2763.0
2025,7,8010.0,236.0,6,6.0,1,1,1,3,16.07171953232134,77.78103468586683,2577.848940651714,3,4,7,0,0,0.0011637609763284114,2670.0,78.66666666666667,2.0,1.0,1335.0,39.333333333333336,1335.0,10712.0,236.0,9295.0,8845.166666666666,7476.333333333333,1272.9882167561486,1107.1027805342426,10712.0,7437.0,-25.22404779686333,0.0,100859.0,2999.0
2025,8,11755.0,236.0,6,6.0,1,1,1,3,16.07171953232134,77.78103468586683,2577.848940651714,3,4,8,0,0,0.0011637609763284114,3918.3333333333335,78.66666666666667,2.0,1.0,1959.1666666666667,39.333333333333336,1959.1666666666667,8010.0,236.0,8990.0,8765.166666666666,7796.916666666667,1496.0360958212204,1154.239388804009,10712.0,7437.0,46.75405742821473,0.0,108869.0,3235.0
2025,10,9034.0,290.0,7,7.0,1,1,1,3,16.07171953232134,77.78103468586683,2577.848940651714,4,4,10,0,0,0.0011637609763284114,3011.3333333333335,96.66666666666667,2.3333333333333335,1.0,1290.5714285714287,41.42857142857143,1290.5714285714287,11755.0,236.0,10159.0,9181.166666666666,8461.333333333334,1932.7733959261752,1692.2315936852874,11755.0,7437.0,-23.14759676733305,22.88135593220339,120624.0,3471.0
2025,11,7803.0,290.0,7,7.0,1,1,1,3,16.07171953232134,77.78103468586683,2577.848940651714,4,4,11,0,0,0.0011637609763284114,2601.0,96.66666666666667,2.3333333333333335,1.0,1114.7142857142858,41.42857142857143,1114.7142857142858,9034.0,290.0,9599.666666666666,9447.333333333334,8571.833333333334,1935.520687911481,1474.6329260757216,11755.0,8010.0,-13.62630064201904,0.0,129658.0,3761.0
2025,12,11147.0,290.0,7,7.0,1,1,1,3,16.07171953232134,77.78103468586683,2577.848940651714,4,4,12,0,0,0.0011637609763284114,3715.6666666666665,96.66666666666667,2.3333333333333335,1.0,1592.4285714285713,41.42857142857143,1592.4285714285713,7803.0,290.0,9530.666666666666,9260.333333333334,8689.666666666666,2022.2720720351485,1618.2643376984634,11755.0,7803.0,42.85531205946431,0.0,137461.0,4051.0
2026,1,20189.0,290.0,7,7.0,1,1,1,3,16.07171953232134,77.78103468586683,2577.848940651714,1,5,1,0,0,0.0011637609763284114,6729.666666666667,96.66666666666667,2.3333333333333335,1.0,2884.1428571428573,41.42857142857143,2884.1428571428573,11147.0,290.0,9328.0,9743.5,8868.666666666666,1691.2749628608585,1686.8840801904485,11755.0,7803.0,81.11599533506774,0.0,148608.0,4341.0
2026,2,15611.0,290.0,7,7.0,1,1,1,3,16.07171953232134,77.78103468586683,2577.848940651714,1,5,2,0,0,0.0011637609763284114,5203.666666666667,96.66666666666667,2.3333333333333335,1.0,2230.1428571428573,41.42857142857143,2230.1428571428573,20189.0,290.0,13046.333333333334,11323.0,10084.083333333334,6407.717950513531,4635.287391305954,20189.0,7803.0,-22.675714497993958,0.0,168797.0,4631.0
2026,3,9435.0,290.0,7,7.0,1,1,1,3,16.07171953232134,77.78103468586683,2577.848940651714,1,5,3,0,0,0.0011637609763284114,3145.0,96.66666666666667,2.3333333333333335,1.0,1347.857142857143,41.42857142857143,1347.857142857143,15611.0,290.0,15649.0,12589.833333333334,10677.5,4521.119772799654,4587.182595740725,20189.0,7803.0,-39.56184741528409,0.0,184408.0,4921.0
2026,4,9057.0,290.0,7,7.0,1,1,1,3,16.07171953232134,77.78103468586683,2577.848940651714,2,5,4,0,0,0.0011637609763284114,3019.0,96.66666666666667,2.3333333333333335,1.0,1293.857142857143,41.42857142857143,1293.857142857143,9435.0,290.0,15078.333333333334,12203.166666666666,10692.166666666666,5396.751739086515,4765.924481846792,20189.0,7803.0,-4.006359300476947,0.0,193843.0,5211.0
2026,5,10854.0,290.0,7,7.0,1,1,1,3,16.07171953232134,77.78103468586683,2577.848940651714,2,5,5,0,0,0.0011637609763284114,3618.0,96.66666666666667,2.3333333333333335,1.0,1550.5714285714287,41.42857142857143,1550.5714285714287,9057.0,290.0,11367.666666666666,12207.0,10827.166666666666,3679.6914725739343,4762.873922328823,20189.0,7803.0,19.841006955945677,0.0,202900.0,5501.0
2026,6,8583.0,290.0,7,7.0,1,1,1,3,16.07171953232134,77.78103468586683,2577.848940651714,2,5,6,0,1,0.0011637609763284114,2861.0,96.66666666666667,2.3333333333333335,1.0,1226.142857142857,41.42857142857143,1226.142857142857,10854.0,290.0,9782.0,12715.5,10987.916666666666,947.4222923279738,4343.012767653343,20189.0,9057.0,-20.923161967938086,0.0,213754.0,5791.0
2023,1,104.0,105.0,3,3.0,1,2,2,8,18.324964870490323,78.06162292139292,3752.2894554297736,1,2,1,1,0,0.0021320316822636244,13.0,13.125,0.375,1.0,34.666666666666664,35.0,34.666666666666664,,,,,,,,,,,,,
2023,2,224.0,105.0,3,3.0,1,2,2,8,18.324964870490323,78.06162292139292,3752.2894554297736,1,2,2,0,0,0.0021320316822636244,28.0,13.125,0.375,1.0,74.66666666666667,35.0,74.66666666666667,104.0,105.0,104.0,104.0,104.0,,,,,115.38461538461539,0.0,104.0,105.0
2023,3,271.0,105.0,3,3.0,1,2,2,8,18.324964870490323,78.06162292139292,3752.2894554297736,1,2,3,0,0,0.0021320316822636244,33.875,13.125,0.375,1.0,90.33333333333333,35.0,90.33333333333333,224.0,105.0,164.0,164.0,164.0,,,,,20.982142857142858,0.0,328.0,210.0
2023,4,209.0,105.0,3,3.0,1,2,2,8,18.324964870490323,78.06162292139292,3752.2894554297736,2,2,4,0,0,0.0021320316822636244,26.125,13.125,0.375,1.0,69.66666666666667,35.0,69.66666666666667,271.0,105.0,199.66666666666666,199.66666666666666,199.66666666666666,86.1181359141809,,,,-22.878228782287824,0.0,599.0,315.0
2023,5,430.0,105.0,3,3.0,1,2,2,8,18.324964870490323,78.06162292139292,3752.2894554297736,2,2,5,0,0,0.0021320316822636244,53.75,13.125,0.375,1.0,143.33333333333334,35.0,143.33333333333334,209.0,105.0,234.66666666666666,202.0,202.0,32.34707611722169,,,,105.74162679425838,0.0,808.0,420.0
2023,6,455.0,105.0,3,3.0,1,2,2,8,18.324964870490323,78.06162292139292,3752.2894554297736,2,2,6,0,0,0.0021320316822636244,56.875,13.125,0.375,1.0,151.66666666666666,35.0,151.66666666666666,430.0,105.0,303.3333333333333,247.6,247.6,113.9926898240994,,,,5.813953488372093,0.0,1238.0,525.0
2023,7,739.0,105.0,3,3.0,1,2,2,8,18.324964870490323,78.06162292139292,3752.2894554297736,3,2,7,0,0,0.0021320316822636244,92.375,13.125,0.375,1.0,246.33333333333334,35.0,246.33333333333334,455.0,105.0,364.6666666666667,282.1666666666667,282.1666666666667,135.3895613898403,135.890274363792,455.0,104.0,62.417582417582416,0.0,1693.0,630.0
2023,8,474.0,105.0,3,3.0,1,2,2,8,18.324964870490323,78.06162292139292,3752.2894554297736,3,2,8,0,0,0.0021320316822636244,59.25,13.125,0.375,1.0,158.0,35.0,158.0,739.0,105.0,541.3333333333334,388.0,347.42857142857144,171.64012739838353,201.037309970065,739.0,209.0,-35.859269282814616,0.0,2432.0,735.0
2023,9,664.0,105.0,3,3.0,1,2,2,8,18.324964870490323,78.06162292139292,3752.2894554297736,3,2,9,0,0,0.0021320316822636244,83.0,13.125,0.375,1.0,221.33333333333334,35.0,221.33333333333334,474.0,105.0,556.0,429.6666666666667,363.25,158.76712506057416,185.56041244475253,739.0,209.0,40.08438818565401,0.0,2906.0,840.0
2023,10,509.0,105.0,3,3.0,1,2,2,8,18.324964870490323,78.06162292139292,3752.2894554297736,4,2,10,0,0,0.0021320316822636244,63.625,13.125,0.375,1.0,169.66666666666666,35.0,169.66666666666666,664.0,105.0,625.6666666666666,495.1666666666667,396.6666666666667,136.5955099310857,187.70126975240913,739.0,209.0,-23.343373493975903,0.0,3570.0,945.0
2023,11,446.0,105.0,3,3.0,1,2,2,8,18.324964870490323,78.06162292139292,3752.2894554297736,4,2,11,0,0,0.0021320316822636244,55.75,13.125,0.375,1.0,148.66666666666666,35.0,148.66666666666666,509.0,105.0,549.0,545.1666666666666,407.9,101.11874208078339,126.062550611459,739.0,430.0,-12.37721021611002,0.0,4079.0,1050.0
2023,12,816.0,105.0,3,3.0,1,2,2,8,18.324964870490323,78.06162292139292,3752.2894554297736,4,2,12,0,0,0.0021320316822636244,102.0,13.125,0.375,1.0,272.0,35.0,272.0,446.0,105.0,539.6666666666666,547.8333333333334,411.3636363636364,112.18882891506321,123.27760001990087,739.0,446.0,82.95964125560538,0.0,4525.0,1155.0
2024,1,773.0,105.0,3,3.0,1,2,2,8,18.324964870490323,78.06162292139292,3752.2894554297736,1,3,1,0,0,0.0021320316822636244,96.625,13.125,0.375,1.0,257.6666666666667,35.0,257.6666666666667,816.0,105.0,590.3333333333334,608.0,445.0833333333333,197.95538217824068,153.3375361742845,816.0,446.0,-5.269607843137255,0.0,5341.0,1260.0
2024,2,714.0,105.0,3,3.0,1,2,2,8,18.324964870490323,78.06162292139292,3752.2894554297736,1,3,2,0,0,0.0021320316822636244,89.25,13.125,0.375,1.0,238.0,35.0,238.0,773.0,105.0,678.3333333333334,613.6666666666666,500.8333333333333,202.3520035317994,159.6454404819213,816.0,446.0,-7.632600258732213,0.0,6114.0,1365.0
2024,3,902.0,130.0,4,4.0,1,2,2,8,18.324964870490323,78.06162292139292,3752.2894554297736,1,3,3,0,0,0.0021320316822636244,112.75,16.25,0.5,1.0,225.5,32.5,225.5,714.0,105.0,767.6666666666666,653.6666666666666,541.6666666666666,51.20872321522352,147.23677076962363,816.0,446.0,26.330532212885153,23.80952380952381,6828.0,1470.0
2024,4,674.0,130.0,4,4.0,1,2,2,8,18.324964870490323,78.06162292139292,3752.2894554297736,2,3,4,0,0,0.0021320316822636244,84.25,16.25,0.5,1.0,168.5,32.5,168.5,902.0,130.0,796.3333333333334,693.3333333333334,594.25,96.1474561979326,179.17328669940372,902.0,446.0,-25.277161862527716,0.0,7730.0,1600.0
2024,5,1042.0,130.0,4,4.0,1,2,2,8,18.324964870490323,78.06162292139292,3752.2894554297736,2,3,5,0,0,0.0021320316822636244,130.25,16.25,0.5,1.0,260.5,32.5,260.5,674.0,130.0,763.3333333333334,720.8333333333334,633.0,121.74289849241052,156.4434935261506,902.0,446.0,54.59940652818991,0.0,8404.0,1730.0
2024,7,758.0,130.0,4,4.0,1,2,2,8,18.324964870490323,78.06162292139292,3752.2894554297736,3,3,7,0,0,0.0021320316822636244,94.75,16.25,0.5,1.0,189.5,32.5,189.5,1042.0,130.0,872.6666666666666,820.1666666666666,684.0,185.74534538806986,134.74778909750904,1042.0,674.0,-27.2552783109405,0.0,9446.0,1860.0
2024,8,694.0,130.0,4,4.0,1,2,2,8,18.324964870490323,78.06162292139292,3752.2894554297736,3,3,8,0,0,0.0021320316822636244,86.75,16.25,0.5,1.0,173.5,32.5,173.5,758.0,130.0,824.6666666666666,810.5,709.25,192.84536119215667,137.16522883005047,1042.0,674.0,-8.443271767810026,0.0,10204.0,1990.0
2024,9,1264.0,130.0,4,4.0,1,2,2,8,18.324964870490323,78.06162292139292,3752.2894554297736,3,3,9,0,0,0.0021320316822636244,158.0,16.25,0.5,1.0,316.0,32.5,316.0,694.0,130.0,831.3333333333334,797.3333333333334,705.5,185.227787692164,145.04987647932268,1042.0,674.0,82.13256484149856,0.0,10898.0,2120.0
2024,10,1009.0,130.0,4,4.0,1,2,2,8,18.324964870490323,78.06162292139292,3752.2894554297736,4,3,10,0,0,0.0021320316822636244,126.125,16.25,0.5,1.0,252.25,32.5,252.25,1264.0,130.0,905.3333333333334,889.0,771.3333333333334,312.25843997133745,230.48383891284035,1264.0,674.0,-20.174050632911392,0.0,12162.0,2250.0
2024,11,1857.0,130.0,4,4.0,1,2,2,8,18.324964870490323,78.06162292139292,3752.2894554297736,4,3,11,0,0,0.0021320316822636244,232.125,16.25,0.5,1.0,464.25,32.5,464.25,1009.0,130.0,989.0,906.8333333333334,800.0833333333334,285.52583070538475,235.76973229544714,1264.0,674.0,84.0436075322101,0.0,13171.0,2380.0
2024,12,1163.0,184.0,5,4.0,1,2,3,8,18.324964870490323,78.06162292139292,3752.2894554297736,4,3,12,0,0,0.0021320316822636244,145.375,23.0,0.625,0.8,232.6,36.8,290.75,1857.0,130.0,1376.6666666666667,1104.0,912.4166666666666,435.0819846113297,422.68049399043747,1857.0,694.0,-37.37210554658051,41.53846153846154,15028.0,2510.0
2025,1,4322.0,184.0,5,5.0,1,2,3,8,18.324964870490323,78.06162292139292,3752.2894554297736,1,4,1,0,0,0.0021320316822636244,540.25,23.0,0.625,1.0,864.4,36.8,864.4,1163.0,184.0,1343.0,1124.1666666666667,972.1666666666666,451.74771720507897,422.01678481627596,1857.0,694.0,271.62510748065347,0.0,16191.0,2694.0
2025,2,4210.0,284.0,7,5.0,1,2,4,8,18.324964870490323,78.06162292139292,3752.2894554297736,1,4,2,0,0,0.0021320316822636244,526.25,35.5,0.875,0.7142857142857143,601.4285714285714,40.57142857142857,842.0,4322.0,184.0,2447.3333333333335,1718.1666666666667,1264.3333333333333,1660.1778017228555,1331.5806271745873,4322.0,694.0,-2.5913928736695975,54.34782608695652,20513.0,2878.0
2025,3,4698.0,434.0,10,6.0,1,2,5,8,18.324964870490323,78.06162292139292,3752.2894554297736,1,4,3,0,0,0.0021320316822636244,587.25,54.25,1.25,0.6,469.8,43.4,783.0,4210.0,284.0,3231.6666666666665,2304.1666666666665,1550.75,1792.3929070751572,1546.9631432799772,4322.0,1009.0,11.591448931116389,52.816901408450704,24723.0,3162.0
2025,4,3762.0,434.0,10,9.0,1,2,5,8,18.324964870490323,78.06162292139292,3752.2894554297736,2,4,4,0,0,0.0021320316822636244,470.25,54.25,1.25,0.9,376.2,43.4,418.0,4698.0,434.0,4410.0,2876.5,1882.75,255.62472493872733,1711.6409378137696,4698.0,1009.0,-19.92337164750958,0.0,29421.0,3596.0
2025,5,5278.0,434.0,10,9.0,1,2,5,8,18.324964870490323,78.06162292139292,3752.2894554297736,2,4,5,0,0,0.0021320316822636244,659.75,54.25,1.25,0.9,527.8,43.4,586.4444444444445,3762.0,434.0,4223.333333333333,3335.3333333333335,2121.0833333333335,468.14242846951316,1461.6401289875246,4698.0,1163.0,40.29771398192451,0.0,33183.0,4030.0
2025,6,5943.0,434.0,10,9.0,1,2,5,8,18.324964870490323,78.06162292139292,3752.2894554297736,2,4,6,0,0,0.0021320316822636244,742.875,54.25,1.25,0.9,594.3,43.4,660.3333333333334,5278.0,434.0,4579.333333333333,3905.5,2504.75,764.93485561408,1436.656082714301,5278.0,1163.0,12.59946949602122,0.0,38461.0,4464.0
2025,7,3019.0,484.0,11,9.0,1,2,5,8,18.324964870490323,78.06162292139292,3752.2894554297736,3,4,7,0,0,0.0021320316822636244,377.375,60.5,1.375,0.8181818181818182,274.45454545454544,44.0,335.44444444444446,5943.0,434.0,4994.333333333333,4702.166666666667,2913.1666666666665,1117.8284006650276,792.7088788872416,5943.0,3762.0,-49.2007403668181,11.52073732718894,44404.0,4898.0
2025,8,5369.0,592.0840000000001,15,13.0,1,2,5,8,18.324964870490323,78.06162292139292,3752.2894554297736,3,4,8,0,0,0.0021320316822636244,671.125,74.01050000000001,1.875,0.8666666666666667,357.93333333333334,39.47226666666667,413.0,3019.0,484.0,4746.666666666667,4485.0,3101.5833333333335,1532.7036025707432,1053.327299560778,5943.0,3019.0,77.84034448492878,22.331404958677698,47423.0,5382.0
2025,9,5317.0,592.0840000000001,15,14.0,1,2,5,8,18.324964870490323,78.06162292139292,3752.2894554297736,3,4,9,0,0,0.0021320316822636244,664.625,74.01050000000001,1.875,0.9333333333333333,354.46666666666664,39.47226666666667,379.7857142857143,5369.0,592.0840000000001,4777.0,4678.166666666667,3491.1666666666665,1549.2875782113538,1098.1295764465447,5943.0,3019.0,-0.9685230024213075,0.0,52792.0,5974.084
2025,10,5795.0,648.0840000000001,16,14.0,1,2,5,8,18.324964870490323,78.06162292139292,3752.2894554297736,4,4,10,0,0,0.0021320316822636244,724.375,81.01050000000001,2.0,0.875,362.1875,40.505250000000004,413.92857142857144,5317.0,592.0840000000001,4568.333333333333,4781.333333333333,3828.9166666666665,1342.0139095155962,1129.0081782992836,5943.0,3019.0,8.990031972917059,9.458117429283682,58109.0,6566.168
2025,11,6742.0,798.0840000000001,18,16.0,1,3,6,8,18.324964870490323,78.06162292139292,3752.2894554297736,4,4,11,0,0,0.0021320316822636244,842.75,99.76050000000001,2.25,0.8888888888888888,374.55555555555554,44.338,421.375,5795.0,648.0840000000001,5493.666666666667,5120.166666666667,4227.75,262.25432948444364,1065.1693605557127,5943.0,3019.0,16.34167385677308,23.14514785120447,63904.0,7214.2519999999995
2025,12,7733.0,918.084,19,17.0,1,3,6,8,18.324964870490323,78.06162292139292,3752.2894554297736,4,4,12,0,0,0.0021320316822636244,966.625,114.7605,2.375,0.8947368421052632,407.0,48.32021052631578,454.88235294117646,6742.0,798.0840000000001,5951.333333333333,5364.166666666667,4634.833333333333,725.2491525905668,1258.6615774967731,6742.0,3019.0,14.69890240284782,15.036011246936399,70646.0,8012.335999999999
2026,1,11727.0,972.084,20,19.0,1,3,6,8,18.324964870490323,78.06162292139292,3752.2894554297736,1,5,1,0,0,0.0021320316822636244,1465.875,121.5105,2.5,0.95,586.35,48.6042,617.2105263157895,7733.0,918.084,6756.666666666667,5662.5,5182.333333333333,969.0832437584169,1591.4428359196563,7733.0,3019.0,51.64877796456744,5.881814735906518,78379.0,8930.42
2026,2,10842.0,1002.084,21,19.0,1,3,6,8,18.324964870490323,78.06162292139292,3752.2894554297736,1,5,2,0,0,0.0021320316822636244,1355.25,125.2605,2.625,0.9047619047619048,516.2857142857143,47.71828571428571,570.6315789473684,11727.0,972.084,8734.0,7113.833333333333,5799.416666666667,2638.9499805793976,2441.938116879022,11727.0,5317.0,-7.5466871322588895,3.0861530485019815,90106.0,9902.504
2026,3,11514.0,1002.084,21,21.0,1,3,6,8,18.324964870490323,78.06162292139292,3752.2894554297736,1,5,3,0,0,0.0021320316822636244,1439.25,125.2605,2.625,1.0,548.2857142857143,47.71828571428571,548.2857142857143,10842.0,1002.084,10100.666666666666,8026.0,6352.083333333333,2097.6630647778816,2671.247049600616,11727.0,5317.0,6.198118428334256,0.0,100948.0,10904.588000000002
2026,4,12587.0,1206.0,22,21.0,1,3,7,8,18.324964870490323,78.06162292139292,3752.2894554297736,2,5,4,0,0,0.0021320316822636244,1573.375,150.75,2.75,0.9545454545454546,572.1363636363636,54.81818181818182,599.3809523809524,11514.0,1002.084,11361.0,9058.833333333334,6920.083333333333,461.9123293440041,2611.6967218011087,11727.0,5795.0,9.319089803717214,20.34919228328165,112462.0,11906.672000000002
2026,5,12778.0,1206.0,22,22.0,1,3,7,8,18.324964870490323,78.06162292139292,3752.2894554297736,2,5,5,0,0,0.0021320316822636244,1597.25,150.75,2.75,1.0,580.8181818181819,54.81818181818182,580.8181818181819,12587.0,1206.0,11647.666666666666,10190.833333333334,7655.5,880.1456318890286,2375.3571029777095,12587.0,6742.0,1.517438627155001,0.0,125049.0,13112.672000000002
2026,6,17350.0,1206.0,22,22.0,1,3,7,8,18.324964870490323,78.06162292139292,3752.2894554297736,2,5,6,0,1,0.0021320316822636244,2168.75,150.75,2.75,1.0,788.6363636363636,54.81818181818182,788.6363636363636,12778.0,1206.0,12293.0,11196.833333333334,8280.5,681.3596700715449,1840.5635459463647,12778.0,7733.0,35.78024730004696,0.0,137827.0,14318.672000000002
2023,1,71.0,25.0,1,1.0,1,1,1,7,18.380020055048146,79.24546417420055,2003.9397399846584,1,2,1,1,0,0.0034931190096831903,10.142857142857142,3.5714285714285716,0.14285714285714285,1.0,71.0,25.0,71.0,,,,,,,,,,,,,
2023,2,248.0,25.0,1,1.0,1,1,1,7,18.380020055048146,79.24546417420055,2003.9397399846584,1,2,2,0,0,0.0034931190096831903,35.42857142857143,3.5714285714285716,0.14285714285714285,1.0,248.0,25.0,248.0,71.0,25.0,71.0,71.0,71.0,,,,,249.29577464788733,0.0,71.0,25.0
2023,3,36.0,25.0,1,1.0,1,1,1,7,18.380020055048146,79.24546417420055,2003.9397399846584,1,2,3,0,0,0.0034931190096831903,5.142857142857143,3.5714285714285716,0.14285714285714285,1.0,36.0,25.0,36.0,248.0,25.0,159.5,159.5,159.5,,,,,-85.48387096774194,0.0,319.0,50.0
2023,4,4.0,45.0,2,1.0,1,2,2,7,18.380020055048146,79.24546417420055,2003.9397399846584,2,2,4,0,0,0.0034931190096831903,0.5714285714285714,6.428571428571429,0.2857142857142857,0.5,2.0,22.5,4.0,36.0,25.0,118.33333333333333,118.33333333333333,118.33333333333333,113.65004766093736,,,,-88.88888888888889,80.0,355.0,75.0
2023,5,146.0,45.0,2,2.0,1,2,2,7,18.380020055048146,79.24546417420055,2003.9397399846584,2,2,5,0,0,0.0034931190096831903,20.857142857142858,6.428571428571429,0.2857142857142857,1.0,73.0,22.5,73.0,4.0,45.0,96.0,89.75,89.75,132.6046756340062,,,,3550.0,0.0,359.0,120.0
2023,6,322.0,45.0,2,2.0,1,2,2,7,18.380020055048146,79.24546417420055,2003.9397399846584,2,2,6,0,0,0.0034931190096831903,46.0,6.428571428571429,0.2857142857142857,1.0,161.0,22.5,161.0,146.0,45.0,62.0,101.0,101.0,74.48489779814429,,,,120.54794520547945,0.0,505.0,165.0
2023,7,416.0,45.0,2,2.0,1,2,2,7,18.380020055048146,79.24546417420055,2003.9397399846584,3,2,7,0,0,0.0034931190096831903,59.42857142857143,6.428571428571429,0.2857142857142857,1.0,208.0,22.5,208.0,322.0,45.0,157.33333333333334,137.83333333333334,137.83333333333334,159.30264697528833,125.59365695235833,322.0,4.0,29.19254658385093,0.0,827.0,210.0
2023,8,400.0,45.0,2,2.0,1,2,2,7,18.380020055048146,79.24546417420055,2003.9397399846584,3,2,8,0,0,0.0034931190096831903,57.142857142857146,6.428571428571429,0.2857142857142857,1.0,200.0,22.5,200.0,416.0,45.0,294.6666666666667,195.33333333333334,177.57142857142858,137.05959774249064,162.44465724260266,416.0,4.0,-3.8461538461538463,0.0,1243.0,255.0
2023,9,618.0,45.0,2,2.0,1,2,2,7,18.380020055048146,79.24546417420055,2003.9397399846584,3,2,9,0,0,0.0034931190096831903,88.28571428571429,6.428571428571429,0.2857142857142857,1.0,309.0,22.5,309.0,400.0,45.0,379.3333333333333,220.66666666666666,205.375,50.29247790011302,182.8689877116037,416.0,4.0,54.5,0.0,1643.0,300.0
2023,10,487.0,45.0,2,2.0,1,2,2,7,18.380020055048146,79.24546417420055,2003.9397399846584,4,2,10,0,0,0.0034931190096831903,69.57142857142857,6.428571428571429,0.2857142857142857,1.0,243.5,22.5,243.5,618.0,45.0,478.0,317.6666666666667,251.22222222222223,121.50720143267239,216.57485234132486,618.0,4.0,-21.197411003236247,0.0,2261.0,345.0
2023,11,407.0,45.0,2,2.0,1,2,2,7,18.380020055048146,79.24546417420055,2003.9397399846584,4,2,11,0,0,0.0034931190096831903,58.142857142857146,6.428571428571429,0.2857142857142857,1.0,203.5,22.5,203.5,487.0,45.0,501.6666666666667,398.1666666666667,274.8,109.7375657344984,158.70024154570987,618.0,146.0,-16.427104722792606,0.0,2748.0,390.0
2023,12,747.0,45.0,2,2.0,1,2,2,7,18.380020055048146,79.24546417420055,2003.9397399846584,4,2,12,0,0,0.0034931190096831903,106.71428571428571,6.428571428571429,0.2857142857142857,1.0,373.5,22.5,373.5,407.0,45.0,504.0,441.6666666666667,286.8181818181818,106.5222981351793,101.05971831875773,618.0,322.0,83.53808353808354,0.0,3155.0,435.0
2024,1,666.0,45.0,2,2.0,1,2,2,7,18.380020055048146,79.24546417420055,2003.9397399846584,1,3,1,0,0,0.0034931190096831903,95.14285714285714,6.428571428571429,0.2857142857142857,1.0,333.0,22.5,333.0,747.0,45.0,547.0,512.5,325.1666666666667,177.76388834631183,141.32904867719157,747.0,400.0,-10.843373493975903,0.0,3902.0,480.0
2024,2,552.0,45.0,2,2.0,1,2,2,7,18.380020055048146,79.24546417420055,2003.9397399846584,1,3,2,0,0,0.0034931190096831903,78.85714285714286,6.428571428571429,0.2857142857142857,1.0,276.0,22.5,276.0,666.0,45.0,606.6666666666666,554.1666666666666,374.75,177.5959834380647,144.01585560856367,747.0,400.0,-17.117117117117118,0.0,4568.0,525.0
2024,3,422.0,45.0,2,2.0,1,2,2,7,18.380020055048146,79.24546417420055,2003.9397399846584,1,3,3,0,0,0.0034931190096831903,60.285714285714285,6.428571428571429,0.2857142857142857,1.0,211.0,22.5,211.0,552.0,45.0,655.0,579.5,400.0833333333333,97.96427920420804,123.36085278563857,747.0,407.0,-23.55072463768116,0.0,5120.0,570.0
2024,4,420.0,45.0,2,2.0,1,2,2,7,18.380020055048146,79.24546417420055,2003.9397399846584,2,3,4,0,0,0.0034931190096831903,60.0,6.428571428571429,0.2857142857142857,1.0,210.0,22.5,210.0,422.0,45.0,546.6666666666666,546.8333333333334,432.25,122.08740038731827,136.38976012394278,747.0,407.0,-0.47393364928909953,0.0,5542.0,615.0
2024,5,911.0,45.0,2,2.0,1,2,2,7,18.380020055048146,79.24546417420055,2003.9397399846584,2,3,5,0,0,0.0034931190096831903,130.14285714285714,6.428571428571429,0.2857142857142857,1.0,455.5,22.5,455.5,420.0,45.0,464.6666666666667,535.6666666666666,466.9166666666667,75.63949585589098,144.75450482339627,747.0,407.0,116.9047619047619,0.0,5962.0,660.0
2024,6,819.0,45.0,2,2.0,1,2,2,7,18.380020055048146,79.24546417420055,2003.9397399846584,2,3,6,0,0,0.0034931190096831903,117.0,6.428571428571429,0.2857142857142857,1.0,409.5,22.5,409.5,911.0,45.0,584.3333333333334,619.6666666666666,530.6666666666666,282.90339929617915,193.26320567212647,911.0,420.0,-10.098792535675083,0.0,6873.0,705.0
2024,7,602.0,45.0,2,2.0,1,2,2,7,18.380020055048146,79.24546417420055,2003.9397399846584,3,3,7,0,0,0.0034931190096831903,86.0,6.428571428571429,0.2857142857142857,1.0,301.0,22.5,301.0,819.0,45.0,716.6666666666666,631.6666666666666,572.0833333333334,261.00638561792584,204.6505965460806,911.0,420.0,-26.495726495726494,0.0,7692.0,750.0
2024,8,501.0,45.0,2,2.0,1,2,2,7,18.380020055048146,79.24546417420055,2003.9397399846584,3,3,8,0,0,0.0034931190096831903,71.57142857142857,6.428571428571429,0.2857142857142857,1.0,250.5,22.5,250.5,602.0,45.0,777.3333333333334,621.0,587.5833333333334,158.6579129237915,204.17051697049698,911.0,420.0,-16.777408637873755,0.0,8294.0,795.0
2024,9,475.0,45.0,2,2.0,1,2,2,7,18.380020055048146,79.24546417420055,2003.9397399846584,3,3,9,0,0,0.0034931190096831903,67.85714285714286,6.428571428571429,0.2857142857142857,1.0,237.5,22.5,237.5,501.0,45.0,640.6666666666666,612.5,596.0,162.48794827104382,208.6305346779325,911.0,420.0,-5.189620758483034,0.0,8795.0,840.0
2024,10,234.0,45.0,2,2.0,1,2,2,7,18.380020055048146,79.24546417420055,2003.9397399846584,4,3,10,0,0,0.0034931190096831903,33.42857142857143,6.428571428571429,0.2857142857142857,1.0,117.0,22.5,117.0,475.0,45.0,526.0,621.3333333333334,584.0833333333334,67.08949247087854,199.8906367658742,911.0,420.0,-50.73684210526316,0.0,9270.0,885.0
2024,11,358.0,45.0,2,2.0,1,2,2,7,18.380020055048146,79.24546417420055,2003.9397399846584,4,3,11,0,0,0.0034931190096831903,51.142857142857146,6.428571428571429,0.2857142857142857,1.0,179.0,22.5,179.0,234.0,45.0,403.3333333333333,590.3333333333334,563.0,147.22205450724223,246.37667638529962,911.0,234.0,52.99145299145299,0.0,9504.0,930.0
2024,12,620.0,60.0,3,2.0,1,2,3,7,18.380020055048146,79.24546417420055,2003.9397399846584,4,3,12,0,0,0.0034931190096831903,88.57142857142857,8.571428571428571,0.42857142857142855,0.6666666666666666,206.66666666666666,20.0,310.0,358.0,45.0,355.6666666666667,498.1666666666667,558.9166666666666,120.51694210082414,201.83698042397154,819.0,234.0,73.18435754189944,33.333333333333336,9862.0,975.0
2025,1,686.0,110.0,4,3.0,1,3,4,7,18.380020055048146,79.24546417420055,2003.9397399846584,1,4,1,0,0,0.0034931190096831903,98.0,15.714285714285714,0.5714285714285714,0.75,171.5,27.5,228.66666666666666,620.0,60.0,404.0,465.0,548.3333333333334,197.06851600395245,147.64823060233402,620.0,234.0,10.64516129032258,83.33333333333333,10482.0,1035.0
2025,2,1032.0,160.0,5,5.0,1,3,5,7,18.380020055048146,79.24546417420055,2003.9397399846584,1,4,2,0,0,0.0034931190096831903,147.42857142857142,22.857142857142858,0.7142857142857143,1.0,206.4,32.0,206.4,686.0,110.0,554.6666666666666,479.0,550.0,173.48583035318302,166.06986481598642,686.0,234.0,50.43731778425656,45.45454545454545,11168.0,1145.0
2025,3,1214.0,260.0,7,6.0,1,3,5,7,18.380020055048146,79.24546417420055,2003.9397399846584,1,4,3,0,0,0.0034931190096831903,173.42857142857142,37.142857142857146,1.0,0.8571428571428571,173.42857142857142,37.142857142857146,202.33333333333334,1032.0,160.0,779.3333333333334,567.5,590.0,221.29015643117387,281.50577258734853,1032.0,234.0,17.635658914728683,62.5,12200.0,1305.0
2025,4,1570.0,510.0,12,10.0,1,3,7,7,18.380020055048146,79.24546417420055,2003.9397399846584,2,4,4,0,0,0.0034931190096831903,224.28571428571428,72.85714285714286,1.7142857142857142,0.8333333333333334,130.83333333333334,42.5,157.0,1214.0,260.0,977.3333333333334,690.6666666666666,656.0,268.2113594412686,378.05114292469307,1214.0,234.0,29.324546952224054,96.15384615384616,13414.0,1565.0
2025,5,1390.0,510.0,12,12.0,1,3,7,7,18.380020055048146,79.24546417420055,2003.9397399846584,2,4,5,0,0,0.0034931190096831903,198.57142857142858,72.85714285714286,1.7142857142857142,1.0,115.83333333333333,42.5,115.83333333333333,1570.0,510.0,1272.0,913.3333333333334,751.8333333333334,273.6494107430163,443.12827337766055,1570.0,358.0,-11.464968152866241,0.0,14984.0,2075.0
2025,6,1288.0,510.0,12,12.0,1,3,7,7,18.380020055048146,79.24546417420055,2003.9397399846584,2,4,6,0,0,0.0034931190096831903,184.0,72.85714285714286,1.7142857142857142,1.0,107.33333333333333,42.5,107.33333333333333,1390.0,510.0,1391.3333333333333,1085.3333333333333,791.75,178.00374527895016,380.2960250471554,1570.0,620.0,-7.338129496402877,0.0,16374.0,2585.0
2025,7,1369.0,510.108,14,12.0,1,3,7,7,18.380020055048146,79.24546417420055,2003.9397399846584,3,4,7,0,0,0.0034931190096831903,195.57142857142858,72.87257142857143,2.0,0.8571428571428571,97.78571428571429,36.43628571428572,114.08333333333333,1288.0,510.0,1416.0,1196.6666666666667,830.8333333333334,142.78655398881244,307.6664860960105,1570.0,686.0,6.288819875776397,0.021176470588236098,17662.0,3095.0
2025,8,2407.0,564.054,14,14.0,1,3,7,7,18.380020055048146,79.24546417420055,2003.9397399846584,3,4,8,0,0,0.0034931190096831903,343.85714285714283,80.57914285714286,2.0,1.0,171.92857142857142,40.28957142857143,171.92857142857142,1369.0,510.108,1349.0,1310.5,894.75,53.8609320379814,181.36344725440108,1570.0,1032.0,75.82176771365961,10.575407560751835,19031.0,3605.108
2025,9,6509.0,564.054,14,14.0,1,3,7,7,18.380020055048146,79.24546417420055,2003.9397399846584,3,4,9,0,0,0.0034931190096831903,929.8571428571429,80.57914285714286,2.0,1.0,464.92857142857144,40.28957142857143,464.92857142857144,2407.0,564.054,1688.0,1539.6666666666667,1053.5833333333333,623.9879806534739,441.3863009503879,2407.0,1214.0,170.41960947237226,0.0,21438.0,4169.162
2025,10,7995.0,564.054,14,14.0,1,3,7,7,18.380020055048146,79.24546417420055,2003.9397399846584,4,4,10,0,0,0.0034931190096831903,1142.142857142857,80.57914285714286,2.0,1.0,571.0714285714286,40.28957142857143,571.0714285714286,6509.0,564.054,3428.3333333333335,2422.1666666666665,1556.4166666666667,2717.9480004836983,2043.9905495541475,6509.0,1288.0,22.829927792287602,0.0,27947.0,4733.216
2025,11,10703.0,631.054,15,14.0,1,3,7,7,18.380020055048146,79.24546417420055,2003.9397399846584,4,4,11,0,0,0.0034931190096831903,1529.0,90.15057142857142,2.142857142857143,0.9333333333333333,713.5333333333333,42.07026666666666,764.5,7995.0,564.054,5637.0,3493.0,2203.1666666666665,2894.2570722035043,2977.907520390786,7995.0,1288.0,33.87116948092558,11.878295340517043,35942.0,5297.27
2025,12,9996.0,631.054,15,15.0,1,3,7,7,18.380020055048146,79.24546417420055,2003.9397399846584,4,4,12,0,0,0.0034931190096831903,1428.0,90.15057142857142,2.142857142857143,1.0,666.4,42.07026666666666,666.4,10703.0,631.054,8402.333333333334,5045.166666666667,3065.25,2126.4640446838816,3935.6277474713816,10703.0,1288.0,-6.6056245912361025,0.0,46645.0,5928.3240000000005
2026,1,11985.0,751.054,16,16.0,1,3,7,7,18.380020055048146,79.24546417420055,2003.9397399846584,1,5,1,0,0,0.0034931190096831903,1712.142857142857,107.29342857142856,2.2857142857142856,1.0,749.0625,46.940875,749.0625,9996.0,631.054,9564.666666666666,6496.5,3846.5833333333335,1404.582618906176,3878.197197152305,10703.0,1369.0,19.897959183673468,19.0158053035081,56641.0,6559.378000000001
2026,2,13867.0,871.054,17,16.0,1,3,7,7,18.380020055048146,79.24546417420055,2003.9397399846584,1,5,2,0,0,0.0034931190096831903,1981.0,124.43628571428572,2.4285714285714284,0.9411764705882353,815.7058823529412,51.238470588235295,866.6875,11985.0,751.054,10894.666666666666,8265.833333333334,4788.166666666667,1008.2570770063226,3471.345584448005,11985.0,2407.0,15.702962035878182,15.977546221709758,68626.0,7310.432000000001
2026,3,14646.0,871.054,17,17.0,1,3,7,7,18.380020055048146,79.24546417420055,2003.9397399846584,1,5,3,0,0,0.0034931190096831903,2092.285714285714,124.43628571428572,2.4285714285714284,1.0,861.5294117647059,51.238470588235295,861.5294117647059,13867.0,871.054,11949.333333333334,10175.833333333334,5857.75,1935.7464537829671,2661.1929968844156,13867.0,6509.0,5.617653421792745,0.0,82493.0,8181.486000000001
2026,4,18957.0,921.0,17,17.0,1,3,7,7,18.380020055048146,79.24546417420055,2003.9397399846584,2,5,4,0,0,0.0034931190096831903,2708.1428571428573,131.57142857142858,2.4285714285714284,1.0,1115.1176470588234,54.1764705882353,1115.1176470588234,14646.0,871.054,13499.333333333334,11532.0,6977.083333333333,1368.0695645080812,2486.4165379115357,14646.0,7995.0,29.434657927079066,5.733972865057737,97139.0,9052.54
2026,5,25882.0,921.0,17,17.0,1,3,7,7,18.380020055048146,79.24546417420055,2003.9397399846584,2,5,5,0,0,0.0034931190096831903,3697.4285714285716,131.57142857142858,2.4285714285714284,1.0,1522.4705882352941,54.1764705882353,1522.4705882352941,18957.0,921.0,15823.333333333334,13359.0,8426.0,2741.6437283741534,3271.2082782971784,18957.0,9996.0,36.530041673260534,0.0,116096.0,9973.54
2026,6,32916.0,921.0,17,17.0,1,3,7,7,18.380020055048146,79.24546417420055,2003.9397399846584,2,5,6,0,1,0.0034931190096831903,4702.285714285715,131.57142857142858,2.4285714285714284,1.0,1936.235294117647,54.1764705882353,1936.235294117647,25882.0,921.0,19828.333333333332,15888.833333333334,10467.0,5668.451317011846,5742.384014211053,25882.0,9996.0,27.177188779846997,0.0,141978.0,10894.54
2023,1,200.0,60.0,2,2.0,1,2,2,5,17.205979601504943,80.36515460950669,4675.025875889077,1,2,1,1,0,0.0010695127968781823,40.0,12.0,0.4,1.0,100.0,30.0,100.0,,,,,,,,,,,,,
2023,2,1154.0,60.0,2,2.0,1,2,2,5,17.205979601504943,80.36515460950669,4675.025875889077,1,2,2,0,0,0.0010695127968781823,230.8,12.0,0.4,1.0,577.0,30.0,577.0,200.0,60.0,200.0,200.0,200.0,,,,,477.0,0.0,200.0,60.0
2023,3,1096.0,60.0,2,2.0,1,2,2,5,17.205979601504943,80.36515460950669,4675.025875889077,1,2,3,0,0,0.0010695127968781823,219.2,12.0,0.4,1.0,548.0,30.0,548.0,1154.0,60.0,677.0,677.0,677.0,,,,,-5.025996533795494,0.0,1354.0,120.0
2023,4,1381.0,60.0,2,2.0,1,2,2,5,17.205979601504943,80.36515460950669,4675.025875889077,2,2,4,0,0,0.0010695127968781823,276.2,12.0,0.4,1.0,690.5,30.0,690.5,1096.0,60.0,816.6666666666666,816.6666666666666,816.6666666666666,534.8358003474837,,,,26.003649635036496,0.0,2450.0,180.0
2023,5,1769.0,60.0,2,2.0,1,2,2,5,17.205979601504943,80.36515460950669,4675.025875889077,2,2,5,0,0,0.0010695127968781823,353.8,12.0,0.4,1.0,884.5,30.0,884.5,1381.0,60.0,1210.3333333333333,957.75,957.75,150.6198304783716,,,,28.095582910934105,0.0,3831.0,240.0
2023,6,1801.0,60.0,2,2.0,1,2,2,5,17.205979601504943,80.36515460950669,4675.025875889077,2,2,6,0,0,0.0010695127968781823,360.2,12.0,0.4,1.0,900.5,30.0,900.5,1769.0,60.0,1415.3333333333333,1120.0,1120.0,337.8110911934856,,,,1.8089315997738835,0.0,5600.0,300.0
2023,7,1376.0,60.0,2,2.0,1,2,2,5,17.205979601504943,80.36515460950669,4675.025875889077,3,2,7,0,0,0.0010695127968781823,275.2,12.0,0.4,1.0,688.0,30.0,688.0,1801.0,60.0,1650.3333333333333,1233.5,1233.5,233.79763329284037,587.1833614808921,1801.0,200.0,-23.59800111049417,0.0,7401.0,360.0
2023,8,718.0,60.0,2,2.0,1,2,2,5,17.205979601504943,80.36515460950669,4675.025875889077,3,2,8,0,0,0.0010695127968781823,143.6,12.0,0.4,1.0,359.0,30.0,359.0,1376.0,60.0,1648.6666666666667,1429.5,1253.857142857143,236.6776992733652,298.5329127583758,1801.0,1096.0,-47.81976744186046,0.0,8777.0,420.0
2023,9,942.0,60.0,2,2.0,1,2,2,5,17.205979601504943,80.36515460950669,4675.025875889077,3,2,9,0,0,0.0010695127968781823,188.4,12.0,0.4,1.0,471.0,30.0,471.0,718.0,60.0,1298.3333333333333,1356.8333333333333,1186.875,545.6613724035572,410.9157659018046,1801.0,718.0,31.197771587743734,0.0,9495.0,480.0
2023,10,1445.0,60.0,2,2.0,1,2,2,5,17.205979601504943,80.36515460950669,4675.025875889077,4,2,10,0,0,0.0010695127968781823,289.0,12.0,0.4,1.0,722.5,30.0,722.5,942.0,60.0,1012.0,1331.1666666666667,1159.6666666666667,334.5384880697587,434.5937950162964,1801.0,718.0,53.397027600849256,0.0,10437.0,540.0
2023,11,2034.0,60.0,2,2.0,1,2,2,5,17.205979601504943,80.36515460950669,4675.025875889077,4,2,11,0,0,0.0010695127968781823,406.8,12.0,0.4,1.0,1017.0,30.0,1017.0,1445.0,60.0,1035.0,1341.8333333333333,1188.2,372.31572623245467,436.8411229115989,1801.0,718.0,40.761245674740486,0.0,11882.0,600.0
2023,12,1524.0,60.0,2,2.0,1,2,2,5,17.205979601504943,80.36515460950669,4675.025875889077,4,2,12,0,0,0.0010695127968781823,304.8,12.0,0.4,1.0,762.0,30.0,762.0,2034.0,60.0,1473.6666666666667,1386.0,1265.090909090909,546.5641163974575,497.8092003970999,2034.0,718.0,-25.073746312684367,0.0,13916.0,660.0
2024,1,1724.0,60.0,2,2.0,1,2,2,5,17.205979601504943,80.36515460950669,4675.025875889077,1,3,1,0,0,0.0010695127968781823,344.8,12.0,0.4,1.0,862.0,30.0,862.0,1524.0,60.0,1667.6666666666667,1339.8333333333333,1286.6666666666667,319.7035084782984,463.27115889796835,2034.0,718.0,13.123359580052494,0.0,15440.0,720.0
2024,2,1816.0,60.0,2,2.0,1,2,2,5,17.205979601504943,80.36515460950669,4675.025875889077,1,3,2,0,0,0.0010695127968781823,363.2,12.0,0.4,1.0,908.0,30.0,908.0,1724.0,60.0,1760.6666666666667,1397.8333333333333,1413.6666666666667,256.96951829610725,489.73315863505366,2034.0,718.0,5.336426914153132,0.0,17164.0,780.0
2024,3,1643.0,60.0,2,2.0,1,2,2,5,17.205979601504943,80.36515460950669,4675.025875889077,1,3,3,0,0,0.0010695127968781823,328.6,12.0,0.4,1.0,821.5,30.0,821.5,1816.0,60.0,1688.0,1580.8333333333333,1468.8333333333333,149.2916608521724,377.08058378371413,2034.0,942.0,-9.526431718061675,0.0,18980.0,840.0
2024,4,1947.0,60.0,2,2.0,1,2,2,5,17.205979601504943,80.36515460950669,4675.025875889077,2,3,4,0,0,0.0010695127968781823,389.4,12.0,0.4,1.0,973.5,30.0,973.5,1643.0,60.0,1727.6666666666667,1697.6666666666667,1514.4166666666667,86.55826554023251,212.0402477518518,2034.0,1445.0,18.502738892270237,0.0,20623.0,900.0
2024,5,2540.0,60.0,2,2.0,1,2,2,5,17.205979601504943,80.36515460950669,4675.025875889077,2,3,5,0,0,0.0010695127968781823,508.0,12.0,0.4,1.0,1270.0,30.0,1270.0,1947.0,60.0,1802.0,1781.3333333333333,1561.5833333333333,152.48278591368953,190.3319906549257,2034.0,1524.0,30.457113507960965,0.0,22570.0,960.0
2024,6,1886.0,60.0,2,2.0,1,2,2,5,17.205979601504943,80.36515460950669,4675.025875889077,2,3,6,0,0,0.0010695127968781823,377.2,12.0,0.4,1.0,943.0,30.0,943.0,2540.0,60.0,2043.3333333333333,1865.6666666666667,1625.8333333333333,456.19330697998345,360.6087445787564,2540.0,1524.0,-25.748031496062993,0.0,25110.0,1020.0
2024,7,2453.0,60.0,2,2.0,1,2,2,5,17.205979601504943,80.36515460950669,4675.025875889077,3,3,7,0,0,0.0010695127968781823,490.6,12.0,0.4,1.0,1226.5,30.0,1226.5,1886.0,60.0,2124.3333333333335,1926.0,1632.9166666666667,361.26767546146925,320.0093748626751,2540.0,1643.0,30.063626723223756,0.0,26996.0,1080.0
2024,8,1594.0,60.0,2,2.0,1,2,2,5,17.205979601504943,80.36515460950669,4675.025875889077,3,3,8,0,0,0.0010695127968781823,318.8,12.0,0.4,1.0,797.0,30.0,797.0,2453.0,60.0,2293.0,2047.5,1722.6666666666667,355.14644866589913,363.42303174124805,2540.0,1643.0,-35.018344883815736,0.0,29449.0,1140.0
2024,9,1601.0,60.0,2,2.0,1,2,2,5,17.205979601504943,80.36515460950669,4675.025875889077,3,3,9,0,0,0.0010695127968781823,320.2,12.0,0.4,1.0,800.5,30.0,800.5,1594.0,60.0,1977.6666666666667,2010.5,1795.6666666666667,436.77492296757777,401.05797585885284,2540.0,1594.0,0.43914680050188204,0.0,31043.0,1200.0
2024,10,1362.0,60.0,2,2.0,1,2,2,5,17.205979601504943,80.36515460950669,4675.025875889077,4,3,10,0,0,0.0010695127968781823,272.4,12.0,0.4,1.0,681.0,30.0,681.0,1601.0,60.0,1882.6666666666667,2003.5,1850.5833333333333,493.93555585049097,409.0421738647497,2540.0,1594.0,-14.928169893816365,0.0,32644.0,1260.0
2024,11,2218.0,60.0,2,2.0,1,2,2,5,17.205979601504943,80.36515460950669,4675.025875889077,4,3,11,0,0,0.0010695127968781823,443.6,12.0,0.4,1.0,1109.0,30.0,1109.0,1362.0,60.0,1519.0,1906.0,1843.6666666666667,136.0110289645666,487.41563372546847,2540.0,1362.0,62.84875183553598,0.0,34006.0,1320.0
2024,12,2467.0,60.0,2,2.0,1,2,2,5,17.205979601504943,80.36515460950669,4675.025875889077,4,3,12,0,0,0.0010695127968781823,493.4,12.0,0.4,1.0,1233.5,30.0,1233.5,2218.0,60.0,1727.0,1852.3333333333333,1859.0,441.6910685082959,416.16759444563513,2453.0,1362.0,11.226330027051398,0.0,36224.0,1380.0
2025,1,1699.0,60.0,2,2.0,1,2,2,5,17.205979601504943,80.36515460950669,4675.025875889077,1,4,1,0,0,0.0010695127968781823,339.8,12.0,0.4,1.0,849.5,30.0,849.5,2467.0,60.0,2015.6666666666667,1949.1666666666667,1937.5833333333333,579.6208530870275,487.1137102019063,2467.0,1362.0,-31.13092825293879,0.0,38691.0,1440.0
2025,2,2347.0,60.0,2,2.0,1,2,2,5,17.205979601504943,80.36515460950669,4675.025875889077,1,4,2,0,0,0.0010695127968781823,469.4,12.0,0.4,1.0,1173.5,30.0,1173.5,1699.0,60.0,2128.0,1823.5,1935.5,391.83032041943886,424.3539795972226,2467.0,1362.0,38.1400824014126,0.0,40390.0,1500.0
2025,3,2816.0,110.0,3,2.0,1,2,3,5,17.205979601504943,80.36515460950669,4675.025875889077,1,4,3,0,0,0.0010695127968781823,563.2,22.0,0.6,0.6666666666666666,938.6666666666666,36.666666666666664,1408.0,2347.0,60.0,2171.0,1949.0,1979.75,413.14404267761154,453.26857380586193,2467.0,1362.0,19.98295696634001,83.33333333333333,42737.0,1560.0
2025,4,2733.0,110.0,3,3.0,1,2,3,5,17.205979601504943,80.36515460950669,4675.025875889077,2,4,4,0,0,0.0010695127968781823,546.6,22.0,0.6,1.0,911.0,36.666666666666664,911.0,2816.0,110.0,2287.3333333333335,2151.5,2077.5,560.8853121034044,531.3773612038814,2816.0,1362.0,-2.9474431818181817,0.0,45553.0,1670.0
2025,5,4231.0,210.0,5,5.0,1,2,4,5,17.205979601504943,80.36515460950669,4675.025875889077,2,4,5,0,0,0.0010695127968781823,846.2,42.0,1.0,1.0,846.2,42.0,846.2,2733.0,110.0,2632.0,2380.0,2143.0,250.28184113115353,403.3281542367213,2816.0,1699.0,54.811562385656785,90.9090909090909,48286.0,1780.0
2025,6,4109.0,210.0,5,5.0,1,2,4,5,17.205979601504943,80.36515460950669,4675.025875889077,2,4,6,0,0,0.0010695127968781823,821.8,42.0,1.0,1.0,821.8,42.0,821.8,4231.0,210.0,3260.0,2715.5,2283.9166666666665,841.9340829304869,841.1852946883943,4231.0,1699.0,-2.8834790829591115,0.0,52517.0,1990.0
2025,7,3740.0,260.0,6,5.0,1,3,5,5,17.205979601504943,80.36515460950669,4675.025875889077,3,4,7,0,0,0.0010695127968781823,748.0,52.0,1.2,0.8333333333333334,623.3333333333334,43.333333333333336,748.0,4109.0,210.0,3691.0,2989.1666666666665,2469.1666666666665,831.8918198900624,996.8643672369215,4231.0,1699.0,-8.980287174495011,23.80952380952381,56626.0,2200.0
2025,8,3333.0,260.0,6,6.0,1,3,5,5,17.205979601504943,80.36515460950669,4675.025875889077,3,4,8,0,0,0.0010695127968781823,666.6,52.0,1.2,1.0,555.5,43.333333333333336,555.5,3740.0,260.0,4026.6666666666665,3329.3333333333335,2576.4166666666665,255.64493606041427,796.6973494788772,4231.0,2347.0,-10.882352941176471,0.0,60366.0,2460.0
2025,9,5178.0,260.0,6,6.0,1,3,5,5,17.205979601504943,80.36515460950669,4675.025875889077,3,4,9,0,0,0.0010695127968781823,1035.6,52.0,1.2,1.0,863.0,43.333333333333336,863.0,3333.0,260.0,3727.3333333333335,3493.6666666666665,2721.3333333333335,388.15503775338703,639.7867353006534,4231.0,2733.0,55.355535553555356,0.0,63699.0,2720.0
2025,10,7319.0,310.0,7,7.0,1,4,6,5,17.205979601504943,80.36515460950669,4675.025875889077,4,4,10,0,0,0.0010695127968781823,1463.8,62.0,1.4,1.0,1045.5714285714287,44.285714285714285,1045.5714285714287,5178.0,260.0,4083.6666666666665,3887.3333333333335,3019.4166666666665,969.3226157133307,836.0073364909356,5178.0,2733.0,41.34801081498648,19.23076923076923,68877.0,2980.0
2025,11,7420.0,310.0,7,7.0,1,4,6,5,17.205979601504943,80.36515460950669,4675.025875889077,4,4,11,0,0,0.0010695127968781823,1484.0,62.0,1.4,1.0,1060.0,44.285714285714285,1060.0,7319.0,310.0,5276.666666666667,4651.666666666667,3515.8333333333335,1994.8309034435308,1444.5178665100232,7319.0,3333.0,1.3799699412488045,0.0,76196.0,3290.0
2025,12,9111.0,490.0,9,7.0,1,4,6,5,17.205979601504943,80.36515460950669,4675.025875889077,4,4,12,0,0,0.0010695127968781823,1822.2,98.0,1.8,0.7777777777777778,1012.3333333333334,54.44444444444444,1301.5714285714287,7420.0,310.0,6639.0,5183.166666666667,3949.3333333333335,1266.2705082248417,1801.3836256241116,7420.0,3333.0,22.78975741239892,58.064516129032256,83616.0,3600.0
2026,1,24878.0,490.0,9,9.0,1,4,5,5,17.205979601504943,80.36515460950669,4675.025875889077,1,5,1,0,0,0.0010695127968781823,4975.6,98.0,1.8,1.0,2764.222222222222,54.44444444444444,2764.222222222222,9111.0,490.0,7950.0,6016.833333333333,4503.0,1006.722901299061,2294.7311316724386,9111.0,3333.0,173.05454944572494,0.0,92727.0,4090.0
2026,2,21188.0,520.0,10,9.0,1,5,6,5,17.205979601504943,80.36515460950669,4675.025875889077,1,5,2,0,0,0.0010695127968781823,4237.6,104.0,2.0,0.9,2118.8,52.0,2354.222222222222,24878.0,490.0,13803.0,9539.833333333334,6434.583333333333,9628.42609152711,7777.138533333882,24878.0,3333.0,-14.832382024278479,6.122448979591836,117605.0,4580.0
2026,3,20412.0,550.0,11,10.0,1,5,7,5,17.205979601504943,80.36515460950669,4675.025875889077,1,5,3,0,0,0.0010695127968781823,4082.4,110.0,2.2,0.9090909090909091,1855.6363636363637,50.0,2041.2,21188.0,520.0,18392.333333333332,12515.666666666666,8004.666666666667,8246.901620204606,8323.952442600012,24878.0,5178.0,-3.6624504436473475,5.769230769230769,138793.0,5100.0
2026,4,24464.0,580.0,12,11.0,1,5,8,5,17.205979601504943,80.36515460950669,4675.025875889077,2,5,4,0,0,0.0010695127968781823,4892.8,116.0,2.4,0.9166666666666666,2038.6666666666667,48.333333333333336,2224.0,20412.0,550.0,22159.333333333332,15054.666666666666,9471.0,2386.190548412542,7953.270061218009,24878.0,7319.0,19.85106799921615,5.454545454545454,159205.0,5650.0
2026,5,46131.0,580.0,12,12.0,1,5,8,5,17.205979601504943,80.36515460950669,4675.025875889077,2,5,5,0,0,0.0010695127968781823,9226.2,116.0,2.4,1.0,3844.25,48.333333333333336,3844.25,24464.0,580.0,22021.333333333332,17912.166666666668,11281.916666666666,2150.699731095289,7693.837804806307,24878.0,7420.0,88.56687377370831,0.0,183669.0,6230.0
2026,6,43358.0,640.0,13,13.0,1,5,8,5,17.205979601504943,80.36515460950669,4675.025875889077,2,5,6,0,1,0.0010695127968781823,8671.6,128.0,2.6,1.0,3335.230769230769,49.23076923076923,3335.230769230769,46131.0,580.0,30335.666666666668,24364.0,14773.583333333334,13828.379960549728,12103.187794957166,46131.0,9111.0,-6.01114218204678,10.344827586206897,229800.0,6810.0
2025,4,0.0,50.0,1,1.0,1,1,1,1,19.357265352578704,79.41967828302782,4535.896782740867,2,4,4,1,0,0.0002204635704685808,0.0,50.0,1.0,1.0,0.0,50.0,0.0,,,,,,,,,,,,,
2025,5,2.0,50.0,1,1.0,1,1,1,1,19.357265352578704,79.41967828302782,4535.896782740867,2,4,5,0,0,0.0002204635704685808,2.0,50.0,1.0,1.0,2.0,50.0,2.0,0.0,50.0,0.0,0.0,0.0,,,,,,0.0,0.0,50.0
2025,6,0.0,100.0,2,1.0,1,1,1,1,19.357265352578704,79.41967828302782,4535.896782740867,2,4,6,0,0,0.0002204635704685808,0.0,100.0,2.0,0.5,0.0,50.0,0.0,2.0,50.0,1.0,1.0,1.0,,,,,-100.0,100.0,2.0,100.0
2025,7,0.0,100.0,2,2.0,1,1,1,1,19.357265352578704,79.41967828302782,4535.896782740867,3,4,7,0,0,0.0002204635704685808,0.0,100.0,2.0,1.0,0.0,50.0,0.0,0.0,100.0,0.6666666666666666,0.6666666666666666,0.6666666666666666,1.1547005383792517,,,,,0.0,2.0,200.0
2025,8,0.0,100.0,2,2.0,1,1,1,1,19.357265352578704,79.41967828302782,4535.896782740867,3,4,8,0,0,0.0002204635704685808,0.0,100.0,2.0,1.0,0.0,50.0,0.0,0.0,100.0,0.6666666666666666,0.5,0.5,1.1547005383792517,,,,,0.0,2.0,300.0
2025,9,64.0,100.0,2,2.0,1,1,1,1,19.357265352578704,79.41967828302782,4535.896782740867,3,4,9,0,0,0.0002204635704685808,64.0,100.0,2.0,1.0,32.0,50.0,32.0,0.0,100.0,0.0,0.4,0.4,0.0,,,,,0.0,2.0,400.0
2025,10,0.0,100.0,2,2.0,1,1,1,1,19.357265352578704,79.41967828302782,4535.896782740867,4,4,10,0,0,0.0002204635704685808,0.0,100.0,2.0,1.0,0.0,50.0,0.0,64.0,100.0,21.333333333333332,11.0,11.0,36.950417228136054,25.97691282658507,64.0,0.0,-100.0,0.0,66.0,500.0
2025,11,477.0,100.0,2,2.0,1,1,1,1,19.357265352578704,79.41967828302782,4535.896782740867,4,4,11,0,0,0.0002204635704685808,477.0,100.0,2.0,1.0,238.5,50.0,238.5,0.0,100.0,21.333333333333332,11.0,9.428571428571429,36.950417228136054,25.97691282658507,64.0,0.0,,0.0,66.0,600.0
2025,12,805.0,156.0,3,3.0,1,1,1,1,19.357265352578704,79.41967828302782,4535.896782740867,4,4,12,0,0,0.0002204635704685808,805.0,156.0,3.0,1.0,268.3333333333333,52.0,268.3333333333333,477.0,100.0,180.33333333333334,90.16666666666667,67.875,258.90603185969485,191.23014058109842,477.0,0.0,68.76310272536688,56.0,543.0,700.0
2026,1,324.0,156.0,3,3.0,1,1,1,1,19.357265352578704,79.41967828302782,4535.896782740867,1,5,1,0,0,0.0002204635704685808,324.0,156.0,3.0,1.0,108.0,52.0,108.0,805.0,156.0,427.3333333333333,224.33333333333334,149.77777777777777,404.7917159890174,339.91096873544205,805.0,0.0,-59.75155279503105,0.0,1348.0,856.0
2026,2,589.0,156.0,3,3.0,1,1,1,1,19.357265352578704,79.41967828302782,4535.896782740867,1,5,2,0,0,0.0002204635704685808,589.0,156.0,3.0,1.0,196.33333333333334,52.0,196.33333333333334,324.0,156.0,535.3333333333334,278.3333333333333,167.2,245.7485164417749,322.4311812878318,805.0,0.0,81.79012345679013,0.0,1672.0,1012.0
2026,3,456.0,276.0,4,3.0,1,1,1,1,19.357265352578704,79.41967828302782,4535.896782740867,1,5,3,0,0,0.0002204635704685808,456.0,276.0,4.0,0.75,114.0,69.0,152.0,589.0,156.0,572.6666666666666,376.5,205.54545454545453,240.91561454860766,310.17204903085644,805.0,0.0,-22.580645161290324,76.92307692307692,2261.0,1168.0
2026,4,1226.0,276.0,4,4.0,1,1,1,1,19.357265352578704,79.41967828302782,4535.896782740867,2,5,4,0,0,0.0002204635704685808,1226.0,276.0,4.0,1.0,306.5,69.0,306.5,456.0,276.0,456.3333333333333,441.8333333333333,226.41666666666666,132.5003144650355,269.8469319200548,805.0,0.0,168.859649122807,0.0,2717.0,1444.0
2026,5,1878.0,276.0,4,4.0,1,1,1,1,19.357265352578704,79.41967828302782,4535.896782740867,2,5,5,0,0,0.0002204635704685808,1878.0,276.0,4.0,1.0,469.5,69.0,469.5,1226.0,276.0,757.0,646.1666666666666,328.5833333333333,411.57380869049473,326.58071998614173,1226.0,324.0,53.1810766721044,0.0,3943.0,1720.0
2026,6,1167.0,276.0,4,4.0,1,1,1,1,19.357265352578704,79.41967828302782,4535.896782740867,2,5,6,0,1,0.0002204635704685808,1167.0,276.0,4.0,1.0,291.75,69.0,291.75,1878.0,276.0,1186.6666666666667,879.6666666666666,484.9166666666667,711.8155191714587,582.2263019365123,1878.0,324.0,-37.85942492012779,0.0,5821.0,1996.0
2023,1,0.0,30.0,1,1.0,1,1,1,4,17.675077227418598,79.99610235216272,3539.932186462948,1,2,1,1,0,0.0011299651488512683,0.0,7.5,0.25,1.0,0.0,30.0,0.0,,,,,,,,,,,,,
2023,2,0.0,30.0,1,1.0,1,1,1,4,17.675077227418598,79.99610235216272,3539.932186462948,1,2,2,0,0,0.0011299651488512683,0.0,7.5,0.25,1.0,0.0,30.0,0.0,0.0,30.0,0.0,0.0,0.0,,,,,,0.0,0.0,30.0
2023,3,0.0,30.0,1,1.0,1,1,1,4,17.675077227418598,79.99610235216272,3539.932186462948,1,2,3,0,0,0.0011299651488512683,0.0,7.5,0.25,1.0,0.0,30.0,0.0,0.0,30.0,0.0,0.0,0.0,,,,,,0.0,0.0,60.0
2023,4,0.0,30.0,1,1.0,1,1,1,4,17.675077227418598,79.99610235216272,3539.932186462948,2,2,4,0,0,0.0011299651488512683,0.0,7.5,0.25,1.0,0.0,30.0,0.0,0.0,30.0,0.0,0.0,0.0,0.0,,,,,0.0,0.0,90.0
2023,5,0.0,30.0,1,1.0,1,1,1,4,17.675077227418598,79.99610235216272,3539.932186462948,2,2,5,0,0,0.0011299651488512683,0.0,7.5,0.25,1.0,0.0,30.0,0.0,0.0,30.0,0.0,0.0,0.0,0.0,,,,,0.0,0.0,120.0
2023,6,0.0,30.0,1,1.0,1,1,1,4,17.675077227418598,79.99610235216272,3539.932186462948,2,2,6,0,0,0.0011299651488512683,0.0,7.5,0.25,1.0,0.0,30.0,0.0,0.0,30.0,0.0,0.0,0.0,0.0,,,,,0.0,0.0,150.0
2023,7,0.0,30.0,1,1.0,1,1,1,4,17.675077227418598,79.99610235216272,3539.932186462948,3,2,7,0,0,0.0011299651488512683,0.0,7.5,0.25,1.0,0.0,30.0,0.0,0.0,30.0,0.0,0.0,0.0,0.0,0.0,0.0,0.0,,0.0,0.0,180.0
2023,8,0.0,30.0,1,1.0,1,1,1,4,17.675077227418598,79.99610235216272,3539.932186462948,3,2,8,0,0,0.0011299651488512683,0.0,7.5,0.25,1.0,0.0,30.0,0.0,0.0,30.0,0.0,0.0,0.0,0.0,0.0,0.0,0.0,,0.0,0.0,210.0
2023,9,0.0,30.0,1,1.0,1,1,1,4,17.675077227418598,79.99610235216272,3539.932186462948,3,2,9,0,0,0.0011299651488512683,0.0,7.5,0.25,1.0,0.0,30.0,0.0,0.0,30.0,0.0,0.0,0.0,0.0,0.0,0.0,0.0,,0.0,0.0,240.0
2023,10,0.0,30.0,1,1.0,1,1,1,4,17.675077227418598,79.99610235216272,3539.932186462948,4,2,10,0,0,0.0011299651488512683,0.0,7.5,0.25,1.0,0.0,30.0,0.0,0.0,30.0,0.0,0.0,0.0,0.0,0.0,0.0,0.0,,0.0,0.0,270.0
2023,11,0.0,30.0,1,1.0,1,1,1,4,17.675077227418598,79.99610235216272,3539.932186462948,4,2,11,0,0,0.0011299651488512683,0.0,7.5,0.25,1.0,0.0,30.0,0.0,0.0,30.0,0.0,0.0,0.0,0.0,0.0,0.0,0.0,,0.0,0.0,300.0
2023,12,0.0,30.0,1,1.0,1,1,1,4,17.675077227418598,79.99610235216272,3539.932186462948,4,2,12,0,0,0.0011299651488512683,0.0,7.5,0.25,1.0,0.0,30.0,0.0,0.0,30.0,0.0,0.0,0.0,0.0,0.0,0.0,0.0,,0.0,0.0,330.0
2024,1,0.0,30.0,1,1.0,1,1,1,4,17.675077227418598,79.99610235216272,3539.932186462948,1,3,1,0,0,0.0011299651488512683,0.0,7.5,0.25,1.0,0.0,30.0,0.0,0.0,30.0,0.0,0.0,0.0,0.0,0.0,0.0,0.0,,0.0,0.0,360.0
2024,2,0.0,30.0,1,1.0,1,1,1,4,17.675077227418598,79.99610235216272,3539.932186462948,1,3,2,0,0,0.0011299651488512683,0.0,7.5,0.25,1.0,0.0,30.0,0.0,0.0,30.0,0.0,0.0,0.0,0.0,0.0,0.0,0.0,,0.0,0.0,390.0
2024,3,118.0,30.0,1,1.0,1,1,1,4,17.675077227418598,79.99610235216272,3539.932186462948,1,3,3,0,0,0.0011299651488512683,29.5,7.5,0.25,1.0,118.0,30.0,118.0,0.0,30.0,0.0,0.0,0.0,0.0,0.0,0.0,0.0,,0.0,0.0,420.0
2024,4,189.0,30.0,1,1.0,1,1,1,4,17.675077227418598,79.99610235216272,3539.932186462948,2,3,4,0,0,0.0011299651488512683,47.25,7.5,0.25,1.0,189.0,30.0,189.0,118.0,30.0,39.333333333333336,19.666666666666668,9.833333333333334,68.12733176437584,48.173298274735835,118.0,0.0,60.16949152542373,0.0,118.0,450.0
2024,5,117.0,30.0,1,1.0,1,1,1,4,17.675077227418598,79.99610235216272,3539.932186462948,2,3,5,0,0,0.0011299651488512683,29.25,7.5,0.25,1.0,117.0,30.0,117.0,189.0,30.0,102.33333333333333,51.166666666666664,25.583333333333332,95.46901766192701,82.38547606627436,189.0,0.0,-38.095238095238095,0.0,307.0,480.0
2024,7,302.0,30.0,1,1.0,1,1,1,4,17.675077227418598,79.99610235216272,3539.932186462948,3,3,7,0,0,0.0011299651488512683,75.5,7.5,0.25,1.0,302.0,30.0,302.0,117.0,30.0,141.33333333333334,70.66666666666667,35.333333333333336,41.28357219685975,81.69618514145361,189.0,0.0,158.1196581196581,0.0,424.0,510.0
2024,8,88.0,30.0,1,1.0,1,1,1,4,17.675077227418598,79.99610235216272,3539.932186462948,3,3,8,0,0,0.0011299651488512683,22.0,7.5,0.25,1.0,88.0,30.0,88.0,302.0,30.0,202.66666666666666,121.0,60.5,93.2541330630087,115.4919910643158,302.0,0.0,-70.86092715231788,0.0,726.0,540.0
2024,9,175.0,30.0,1,1.0,1,1,1,4,17.675077227418598,79.99610235216272,3539.932186462948,3,3,9,0,0,0.0011299651488512683,43.75,7.5,0.25,1.0,175.0,30.0,175.0,88.0,30.0,169.0,135.66666666666666,67.83333333333333,116.09048195265622,101.8325422773421,302.0,0.0,98.86363636363636,0.0,814.0,570.0
2024,10,322.0,30.0,1,1.0,1,1,1,4,17.675077227418598,79.99610235216272,3539.932186462948,4,3,10,0,0,0.0011299651488512683,80.5,7.5,0.25,1.0,322.0,30.0,322.0,175.0,30.0,188.33333333333334,164.83333333333334,82.41666666666667,107.62124945071643,77.31343134712537,302.0,88.0,84.0,0.0,989.0,600.0
2024,11,355.0,30.0,1,1.0,1,1,1,4,17.675077227418598,79.99610235216272,3539.932186462948,4,3,11,0,0,0.0011299651488512683,88.75,7.5,0.25,1.0,355.0,30.0,355.0,322.0,30.0,195.0,198.83333333333334,109.25,118.27510304370908,95.3507559837187,322.0,88.0,10.248447204968944,0.0,1311.0,630.0
2024,12,174.0,30.0,1,1.0,1,1,1,4,17.675077227418598,79.99610235216272,3539.932186462948,4,3,12,0,0,0.0011299651488512683,43.5,7.5,0.25,1.0,174.0,30.0,174.0,355.0,30.0,284.0,226.5,138.83333333333334,95.82797086446107,114.15559557025666,355.0,88.0,-50.985915492957744,0.0,1666.0,660.0
2025,1,229.0,30.0,1,1.0,1,1,1,4,17.675077227418598,79.99610235216272,3539.932186462948,1,4,1,0,0,0.0011299651488512683,57.25,7.5,0.25,1.0,229.0,30.0,229.0,174.0,30.0,283.6666666666667,236.0,153.33333333333334,96.39674959942029,105.24447728978468,355.0,88.0,31.60919540229885,0.0,1840.0,690.0
2025,2,243.0,30.0,1,1.0,1,1,1,4,17.675077227418598,79.99610235216272,3539.932186462948,1,4,2,0,0,0.0011299651488512683,60.75,7.5,0.25,1.0,243.0,30.0,243.0,229.0,30.0,252.66666666666666,223.83333333333334,172.41666666666666,92.79188182881806,100.18665912518827,355.0,88.0,6.11353711790393,0.0,2069.0,720.0
2025,3,340.0,36.214,3,2.0,1,2,3,4,17.675077227418598,79.99610235216272,3539.932186462948,1,4,3,0,0,0.0011299651488512683,85.0,9.0535,0.75,0.6666666666666666,113.33333333333333,12.071333333333333,170.0,243.0,30.0,215.33333333333334,249.66666666666666,192.66666666666666,36.47373484212077,74.9657699664765,355.0,174.0,39.91769547325103,20.713333333333328,2312.0,750.0
2025,4,324.0,86.16,3,3.0,1,2,3,4,17.675077227418598,79.99610235216272,3539.932186462948,2,4,4,0,0,0.0011299651488512683,81.0,21.54,0.75,1.0,108.0,28.72,108.0,340.0,36.214,270.6666666666667,277.1666666666667,221.0,60.4510821518799,72.31436003081733,355.0,174.0,-4.705882352941177,137.91903683658253,2652.0,786.2139999999999
2025,5,562.0,86.16,3,3.0,1,2,3,4,17.675077227418598,79.99610235216272,3539.932186462948,2,4,5,0,0,0.0011299651488512683,140.5,21.54,0.75,1.0,187.33333333333334,28.72,187.33333333333334,324.0,86.16,302.3333333333333,277.5,238.16666666666666,52.003205029433836,72.5665212064076,355.0,174.0,73.45679012345678,0.0,2976.0,872.3739999999999
2025,6,523.0,86.16,3,3.0,1,2,3,4,17.675077227418598,79.99610235216272,3539.932186462948,2,4,6,0,0,0.0011299651488512683,130.75,21.54,0.75,1.0,174.33333333333334,28.72,174.33333333333334,562.0,86.16,408.6666666666667,312.0,269.25,133.03132463195777,137.20204080114846,562.0,174.0,-6.93950177935943,0.0,3538.0,958.5339999999999
2025,7,326.0,80.0,2,2.0,1,2,2,4,17.675077227418598,79.99610235216272,3539.932186462948,3,4,7,0,0,0.0011299651488512683,81.5,20.0,0.5,1.0,163.0,40.0,163.0,523.0,86.16,469.6666666666667,370.1666666666667,303.0833333333333,127.64925903949984,140.92468437667932,562.0,229.0,-37.66730401529637,-7.149489322191268,4061.0,1044.694
2025,8,564.0,80.0,2,2.0,1,2,2,4,17.675077227418598,79.99610235216272,3539.932186462948,3,4,8,0,0,0.0011299651488512683,141.0,20.0,0.5,1.0,282.0,40.0,282.0,326.0,80.0,470.3333333333333,386.3333333333333,305.0833333333333,126.50823425110843,126.29594873418027,562.0,243.0,73.00613496932516,0.0,4387.0,1124.694
2025,9,424.0,80.03,3,2.0,1,2,3,4,17.675077227418598,79.99610235216272,3539.932186462948,3,4,9,0,0,0.0011299651488512683,106.0,20.0075,0.75,0.6666666666666666,141.33333333333334,26.676666666666666,212.0,564.0,80.0,471.0,439.8333333333333,344.75,127.23600119463042,121.32669395754054,564.0,324.0,-24.822695035460992,0.03750000000000142,4951.0,1204.694
2025,10,1235.0,80.03,3,3.0,1,2,3,4,17.675077227418598,79.99610235216272,3539.932186462948,4,4,10,0,0,0.0011299651488512683,308.75,20.0075,0.75,1.0,411.6666666666667,26.676666666666666,411.6666666666667,424.0,80.03,438.0,453.8333333333333,365.5,119.61605243444541,111.99002931809024,564.0,324.0,191.27358490566039,0.0,5375.0,1284.724
2025,11,1047.0,230.05,5,4.0,1,2,3,4,17.675077227418598,79.99610235216272,3539.932186462948,4,4,11,0,0,0.0011299651488512683,261.75,57.5125,1.25,0.8,209.4,46.010000000000005,261.75,1235.0,80.03,741.0,605.6666666666666,441.5833333333333,433.50547862743326,321.7928940586892,1235.0,326.0,-15.222672064777328,187.45470448581784,6610.0,1364.754
2025,12,1086.0,350.05,6,5.0,1,2,3,4,17.675077227418598,79.99610235216272,3539.932186462948,4,4,12,0,0,0.0011299651488512683,271.5,87.5125,1.5,0.8333333333333334,181.0,58.34166666666667,217.2,1047.0,230.05,902.0,686.5,499.25,424.49852767706983,366.4471312481517,1235.0,326.0,3.7249283667621778,52.162573353618775,7657.0,1594.8039999999999
2026,1,36413.0,350.05,6,6.0,1,2,3,4,17.675077227418598,79.99610235216272,3539.932186462948,1,5,1,0,0,0.0011299651488512683,9103.25,87.5125,1.5,1.0,6068.833333333333,58.34166666666667,6068.833333333333,1086.0,350.05,1122.6666666666667,780.3333333333334,575.25,99.21861384505095,387.6744338574145,1235.0,326.0,3252.946593001842,0.0,8743.0,1944.8539999999998
2026,2,3120.0,350.05,6,6.0,1,2,3,4,17.675077227418598,79.99610235216272,3539.932186462948,1,5,2,0,0,0.0011299651488512683,780.0,87.5125,1.5,1.0,520.0,58.34166666666667,520.0,36413.0,350.05,12848.666666666666,6794.833333333333,3590.5833333333335,20407.320606422916,14513.350480391035,36413.0,424.0,-91.43163156015709,0.0,45156.0,2294.904
2026,3,2264.0,350.05,6,6.0,1,2,3,4,17.675077227418598,79.99610235216272,3539.932186462948,1,5,3,0,0,0.0011299651488512683,566.0,87.5125,1.5,1.0,377.3333333333333,58.34166666666667,377.3333333333333,3120.0,350.05,13539.666666666666,7220.833333333333,3830.3333333333335,19834.97724559656,14330.240548108977,36413.0,424.0,-27.435897435897434,0.0,48276.0,2644.954
2026,4,3197.0,350.05,6,6.0,1,2,3,4,17.675077227418598,79.99610235216272,3539.932186462948,2,5,4,0,0,0.0011299651488512683,799.25,87.5125,1.5,1.0,532.8333333333334,58.34166666666667,532.8333333333334,2264.0,350.05,13932.333333333334,7527.5,3990.6666666666665,19473.532405121914,14174.54025709476,36413.0,1047.0,41.21024734982332,0.0,50540.0,2995.0040000000004
2026,5,3462.0,350.05,6,6.0,1,2,3,4,17.675077227418598,79.99610235216272,3539.932186462948,2,5,5,0,0,0.0011299651488512683,865.5,87.5125,1.5,1.0,577.0,58.34166666666667,577.0,3197.0,350.05,2860.3333333333335,7854.5,4230.083333333333,517.8728930280811,14022.154310233504,36413.0,1047.0,8.289020957147326,0.0,53737.0,3345.0540000000005
2026,6,4132.0,400.0,6,6.0,1,2,3,4,17.675077227418598,79.99610235216272,3539.932186462948,2,5,6,0,1,0.0011299651488512683,1033.0,100.0,1.5,1.0,688.6666666666666,66.66666666666667,688.6666666666666,3462.0,350.05,2974.3333333333335,8257.0,4471.75,629.2744499288643,13820.88289509755,36413.0,1086.0,19.352975158867707,14.269390087130407,57199.0,3695.1040000000007
2022,6,0.0,54.0,1,0.0,1,1,1,13,16.751461914493674,78.01311517560168,2806.793941739,2,1,6,1,0,0.004631618946685347,0.0,4.153846153846154,0.07692307692307693,0.0,0.0,54.0,,,,,,,,,,,,,,
2022,7,201.0,54.0,1,1.0,1,1,1,13,16.751461914493674,78.01311517560168,2806.793941739,3,1,7,0,0,0.004631618946685347,15.461538461538462,4.153846153846154,0.07692307692307693,1.0,201.0,54.0,201.0,0.0,54.0,0.0,0.0,0.0,,,,,,0.0,0.0,54.0
2022,8,805.0,54.0,1,1.0,1,1,1,13,16.751461914493674,78.01311517560168,2806.793941739,3,1,8,0,0,0.004631618946685347,61.92307692307692,4.153846153846154,0.07692307692307693,1.0,805.0,54.0,805.0,201.0,54.0,100.5,100.5,100.5,,,,,300.49751243781094,0.0,201.0,108.0
2022,9,722.0,54.0,1,1.0,1,1,1,13,16.751461914493674,78.01311517560168,2806.793941739,3,1,9,0,0,0.004631618946685347,55.53846153846154,4.153846153846154,0.07692307692307693,1.0,722.0,54.0,722.0,805.0,54.0,335.3333333333333,335.3333333333333,335.3333333333333,418.9753373807739,,,,-10.31055900621118,0.0,1006.0,162.0
2022,10,813.0,54.0,1,1.0,1,1,1,13,16.751461914493674,78.01311517560168,2806.793941739,4,1,10,0,0,0.004631618946685347,62.53846153846154,4.153846153846154,0.07692307692307693,1.0,813.0,54.0,813.0,722.0,54.0,576.0,432.0,432.0,327.4003665239243,,,,12.60387811634349,0.0,1728.0,216.0
2022,11,593.0,54.0,1,1.0,1,1,1,13,16.751461914493674,78.01311517560168,2806.793941739,4,1,11,0,0,0.004631618946685347,45.61538461538461,4.153846153846154,0.07692307692307693,1.0,593.0,54.0,593.0,813.0,54.0,780.0,508.2,508.2,50.388490749376054,,,,-27.060270602706026,0.0,2541.0,270.0
2022,12,584.0,54.0,1,1.0,1,1,1,13,16.751461914493674,78.01311517560168,2806.793941739,4,1,12,0,0,0.004631618946685347,44.92307692307692,4.153846153846154,0.07692307692307693,1.0,584.0,54.0,584.0,593.0,54.0,709.3333333333334,522.3333333333334,522.3333333333334,110.54561652699438,342.150649081171,813.0,0.0,-1.5177065767284992,0.0,3134.0,324.0
2023,1,1376.0,54.0,1,1.0,1,1,1,13,16.751461914493674,78.01311517560168,2806.793941739,1,2,1,0,0,0.004631618946685347,105.84615384615384,4.153846153846154,0.07692307692307693,1.0,1376.0,54.0,1376.0,584.0,54.0,663.3333333333334,619.6666666666666,531.1428571428571,129.6932277851596,227.7996195489945,813.0,201.0,135.6164383561644,0.0,3718.0,378.0
2023,2,1190.0,54.0,1,1.0,1,1,1,13,16.751461914493674,78.01311517560168,2806.793941739,1,2,2,0,0,0.004631618946685347,91.53846153846153,4.153846153846154,0.07692307692307693,1.0,1190.0,54.0,1190.0,1376.0,54.0,851.0,815.5,636.75,454.68560566615696,291.93064244782516,1376.0,584.0,-13.517441860465116,0.0,5094.0,432.0
2023,3,1236.0,54.0,1,1.0,1,1,1,13,16.751461914493674,78.01311517560168,2806.793941739,1,2,3,0,0,0.004631618946685347,95.07692307692308,4.153846153846154,0.07692307692307693,1.0,1236.0,54.0,1236.0,1190.0,54.0,1050.0,879.6666666666666,698.2222222222222,414.1449021779695,329.1058593624042,1376.0,584.0,3.865546218487395,0.0,6284.0,486.0
2023,4,693.0,84.0,2,1.0,1,1,2,13,16.751461914493674,78.01311517560168,2806.793941739,2,2,4,0,0,0.004631618946685347,53.30769230769231,6.461538461538462,0.15384615384615385,0.5,346.5,42.0,693.0,1236.0,54.0,1267.3333333333333,965.3333333333334,752.0,96.87793006321566,346.3048753146086,1376.0,584.0,-43.932038834951456,55.55555555555556,7520.0,540.0
2023,5,867.0,84.0,2,2.0,1,1,2,13,16.751461914493674,78.01311517560168,2806.793941739,2,2,5,0,0,0.004631618946685347,66.6923076923077,6.461538461538462,0.15384615384615385,1.0,433.5,42.0,433.5,693.0,84.0,1039.6666666666667,945.3333333333334,746.6363636363636,301.1018653767082,360.05425517089304,1376.0,584.0,25.10822510822511,0.0,8213.0,624.0
2023,6,521.0,84.0,2,2.0,1,1,2,13,16.751461914493674,78.01311517560168,2806.793941739,2,2,6,0,0,0.004631618946685347,40.07692307692308,6.461538461538462,0.15384615384615385,1.0,260.5,42.0,260.5,867.0,84.0,932.0,991.0,756.6666666666666,277.27423248473707,321.770104267006,1376.0,584.0,-39.90772779700115,0.0,9080.0,708.0
2023,7,1991.0,84.0,2,2.0,1,1,2,13,16.751461914493674,78.01311517560168,2806.793941739,3,2,7,0,0,0.004631618946685347,153.15384615384616,6.461538461538462,0.15384615384615385,1.0,995.5,42.0,995.5,521.0,84.0,693.6666666666666,980.5,800.0833333333334,173.00096338845472,338.31036046801745,1376.0,521.0,282.1497120921305,0.0,9601.0,792.0
2023,8,1307.0,84.0,2,2.0,1,1,2,13,16.751461914493674,78.01311517560168,2806.793941739,3,2,8,0,0,0.004631618946685347,100.53846153846153,6.461538461538462,0.15384615384615385,1.0,653.5,42.0,653.5,1991.0,84.0,1126.3333333333333,1083.0,949.25,768.547547867621,524.1988172439918,1991.0,521.0,-34.35459568056253,0.0,11592.0,876.0
2023,9,2357.0,227.0,7,3.0,1,2,3,13,16.751461914493674,78.01311517560168,2806.793941739,3,2,9,0,0,0.004631618946685347,181.30769230769232,17.46153846153846,0.5384615384615384,0.42857142857142855,336.7142857142857,32.42857142857143,785.6666666666666,1307.0,84.0,1273.0,1102.5,991.0833333333334,735.5895594691376,531.105921638989,1991.0,521.0,80.33664881407805,170.23809523809524,12899.0,960.0
2023,10,3014.0,227.0,7,7.0,1,2,3,13,16.751461914493674,78.01311517560168,2806.793941739,4,2,10,0,0,0.004631618946685347,231.84615384615384,17.46153846153846,0.5384615384615384,1.0,430.57142857142856,32.42857142857143,430.57142857142856,2357.0,227.0,1885.0,1289.3333333333333,1127.3333333333333,532.9652896765411,742.5463397436329,2357.0,521.0,27.87441663131099,0.0,15256.0,1187.0
2023,11,4155.0,257.0,8,7.0,1,2,3,13,16.751461914493674,78.01311517560168,2806.793941739,4,2,11,0,0,0.004631618946685347,319.61538461538464,19.76923076923077,0.6153846153846154,0.875,519.375,32.125,593.5714285714286,3014.0,227.0,2226.0,1676.1666666666667,1310.75,861.0069686129137,946.3505516808593,3014.0,521.0,37.85666887856669,13.215859030837004,18270.0,1414.0
2023,12,5357.0,309.0,9,8.0,1,2,3,13,16.751461914493674,78.01311517560168,2806.793941739,4,2,12,0,0,0.004631618946685347,412.0769230769231,23.76923076923077,0.6923076923076923,0.8888888888888888,595.2222222222222,34.333333333333336,669.625,4155.0,257.0,3175.3333333333335,2224.1666666666665,1607.5833333333333,909.7924671777245,1277.9621929723378,4155.0,521.0,28.929001203369435,20.233463035019454,22425.0,1671.0
2024,1,6741.0,309.0,9,9.0,1,2,3,13,16.751461914493674,78.01311517560168,2806.793941739,1,3,1,0,0,0.004631618946685347,518.5384615384615,23.76923076923077,0.6923076923076923,1.0,749.0,34.333333333333336,749.0,5357.0,309.0,4175.333333333333,3030.1666666666665,2005.3333333333333,1171.6323370978325,1495.4590488096512,5357.0,1307.0,25.83535560948292,0.0,27782.0,1980.0
2024,2,6014.0,309.0,9,9.0,1,2,3,13,16.751461914493674,78.01311517560168,2806.793941739,1,3,2,0,0,0.004631618946685347,462.61538461538464,23.76923076923077,0.6923076923076923,1.0,668.2222222222222,34.333333333333336,668.2222222222222,6741.0,309.0,5417.666666666667,3821.8333333333335,2452.4166666666665,1294.066974052474,2005.5916250988553,6741.0,1307.0,-10.784750037086486,0.0,34523.0,2289.0
2024,3,5436.0,316.0,10,9.0,1,2,3,13,16.751461914493674,78.01311517560168,2806.793941739,1,3,3,0,0,0.004631618946685347,418.15384615384613,24.307692307692307,0.7692307692307693,0.9,543.6,31.6,604.0,6014.0,309.0,6037.333333333333,4606.333333333333,2854.4166666666665,692.294975666678,1726.2998194597212,6741.0,2357.0,-9.610907881609577,2.26537216828479,40537.0,2598.0
2024,4,6417.0,316.0,10,10.0,1,2,3,13,16.751461914493674,78.01311517560168,2806.793941739,2,3,4,0,0,0.004631618946685347,493.61538461538464,24.307692307692307,0.7692307692307693,1.0,641.7,31.6,641.7,5436.0,316.0,6063.666666666667,5119.5,3204.4166666666665,653.9161516076251,1337.8610914441,6741.0,3014.0,18.04635761589404,0.0,45973.0,2914.0
2024,5,9691.0,377.0,12,10.0,1,2,3,13,16.751461914493674,78.01311517560168,2806.793941739,2,3,5,0,0,0.004631618946685347,745.4615384615385,29.0,0.9230769230769231,0.8333333333333334,807.5833333333334,31.416666666666668,969.1,6417.0,316.0,5955.666666666667,5686.666666666667,3681.4166666666665,493.09464946734784,924.0854217368998,6741.0,4155.0,51.020726196041764,19.303797468354432,52390.0,3230.0
2024,6,11749.0,429.0,13,12.0,1,2,3,13,16.751461914493674,78.01311517560168,2806.793941739,2,3,6,0,0,0.004631618946685347,903.7692307692307,33.0,1.0,0.9230769230769231,903.7692307692307,33.0,979.0833333333334,9691.0,377.0,7181.333333333333,6609.333333333333,4416.75,2228.095674187562,1603.1512301297905,9691.0,5357.0,21.236198534722938,13.793103448275861,62081.0,3607.0
2024,7,10533.0,436.0,14,13.0,1,2,4,13,16.751461914493674,78.01311517560168,2806.793941739,3,3,7,0,0,0.004631618946685347,810.2307692307693,33.53846153846154,1.0769230769230769,0.9285714285714286,752.3571428571429,31.142857142857142,810.2307692307693,11749.0,429.0,9285.666666666666,7674.666666666667,5352.416666666667,2689.0104747533674,2485.5057164823934,11749.0,5436.0,-10.349817005702613,1.6317016317016317,73830.0,4036.0
2024,8,13337.0,436.0,14,14.0,1,2,4,13,16.751461914493674,78.01311517560168,2806.793941739,3,3,8,0,0,0.004631618946685347,1025.923076923077,33.53846153846154,1.0769230769230769,1.0,952.6428571428571,31.142857142857142,952.6428571428571,10533.0,436.0,10657.666666666666,8306.666666666666,6064.25,1034.648410491859,2675.462028634803,11749.0,5436.0,26.621095604291273,0.0,84363.0,4472.0
2024,9,13172.0,461.0,15,14.0,1,2,4,13,16.751461914493674,78.01311517560168,2806.793941739,3,3,9,0,0,0.004631618946685347,1013.2307692307693,35.46153846153846,1.1538461538461537,0.9333333333333333,878.1333333333333,30.733333333333334,940.8571428571429,13337.0,436.0,11873.0,9527.166666666666,7066.75,1406.1066815857173,3062.70131855306,13337.0,5436.0,-1.2371597810602084,5.73394495412844,97700.0,4908.0
2024,10,11739.0,461.0,15,15.0,1,2,4,13,16.751461914493674,78.01311517560168,2806.793941739,4,3,10,0,0,0.004631618946685347,903.0,35.46153846153846,1.1538461538461537,1.0,782.6,30.733333333333334,782.6,13172.0,461.0,12347.333333333334,10816.5,7968.0,1573.4231259687683,2587.414906813359,13337.0,6417.0,-10.879137564530822,0.0,110872.0,5369.0
2024,11,17635.0,461.0,15,15.0,1,2,4,13,16.751461914493674,78.01311517560168,2806.793941739,4,3,11,0,0,0.004631618946685347,1356.5384615384614,35.46153846153846,1.1538461538461537,1.0,1175.6666666666667,30.733333333333334,1175.6666666666667,11739.0,461.0,12749.333333333334,11703.5,8695.083333333334,878.855126476105,1431.6683624359305,13337.0,9691.0,50.225743248999066,0.0,122611.0,5830.0
2024,12,13239.0,461.0,15,15.0,1,2,4,13,16.751461914493674,78.01311517560168,2806.793941739,4,3,12,0,0,0.004631618946685347,1018.3846153846154,35.46153846153846,1.1538461538461537,1.0,882.6,30.733333333333334,882.6,17635.0,461.0,14182.0,13027.5,9818.416666666666,3075.0250405484503,2484.4738477190645,17635.0,10533.0,-24.92770059540686,0.0,140246.0,6291.0
2025,1,20440.0,461.0,15,15.0,1,2,4,13,16.751461914493674,78.01311517560168,2806.793941739,1,4,1,0,0,0.004631618946685347,1572.3076923076924,35.46153846153846,1.1538461538461537,1.0,1362.6666666666667,30.733333333333334,1362.6666666666667,13239.0,461.0,14204.333333333334,13275.833333333334,10475.25,3064.246291232696,2404.296355831918,17635.0,10533.0,54.392325704358335,0.0,153485.0,6752.0
2025,2,20308.0,515.0,16,15.0,1,2,4,13,16.751461914493674,78.01311517560168,2806.793941739,1,4,2,0,0,0.004631618946685347,1562.1538461538462,39.61538461538461,1.2307692307692308,0.9375,1269.25,32.1875,1353.8666666666666,20440.0,461.0,17104.666666666668,14927.0,11616.833333333334,3629.6749624909016,3357.000029788496,20440.0,11739.0,-0.6457925636007827,11.713665943600867,173925.0,7213.0
2025,3,23004.0,515.0,16,16.0,1,2,4,13,16.751461914493674,78.01311517560168,2806.793941739,1,4,3,0,0,0.004631618946685347,1769.5384615384614,39.61538461538461,1.2307692307692308,1.0,1437.75,32.1875,1437.75,20308.0,515.0,17995.666666666668,16088.833333333334,12808.0,4119.922855264808,3864.587088767262,20440.0,11739.0,13.275556430963167,0.0,194233.0,7728.0
2025,4,25030.0,515.0,16,16.0,1,2,4,13,16.751461914493674,78.01311517560168,2806.793941739,2,4,4,0,0,0.004631618946685347,1925.3846153846155,39.61538461538461,1.2307692307692308,1.0,1564.375,32.1875,1564.375,23004.0,515.0,21250.666666666668,17727.5,14272.0,1519.864906277306,4424.373616682924,23004.0,11739.0,8.80716397148322,0.0,217237.0,8243.0
2025,5,23761.0,569.0,17,16.0,1,2,4,13,16.751461914493674,78.01311517560168,2806.793941739,2,4,5,0,0,0.004631618946685347,1827.7692307692307,43.76923076923077,1.3076923076923077,0.9411764705882353,1397.7058823529412,33.470588235294116,1485.0625,25030.0,515.0,22780.666666666668,19942.666666666668,15823.083333333334,2368.908890889078,4144.828183009108,25030.0,13239.0,-5.069916100679185,10.485436893203884,242267.0,8758.0
2025,6,26380.0,893.0,23,17.0,1,2,5,13,16.751461914493674,78.01311517560168,2806.793941739,2,4,6,0,0,0.004631618946685347,2029.2307692307693,68.6923076923077,1.7692307692307692,0.7391304347826086,1146.9565217391305,38.82608695652174,1551.764705882353,23761.0,569.0,23931.666666666668,20963.666666666668,16995.583333333332,1023.7257119625933,4216.57921384937,25030.0,13239.0,11.022263372753672,56.94200351493849,266028.0,9327.0
2025,7,25228.0,893.0,23,23.0,1,2,5,13,16.751461914493674,78.01311517560168,2806.793941739,3,4,7,0,0,0.004631618946685347,1940.6153846153845,68.6923076923077,1.7692307692307692,1.0,1096.8695652173913,38.82608695652174,1096.8695652173913,26380.0,893.0,25057.0,23153.833333333332,18214.833333333332,1309.7087462485636,2440.611105167422,26380.0,20308.0,-4.366944655041698,0.0,292408.0,10220.0
2025,8,24486.0,893.0,23,23.0,1,2,5,13,16.751461914493674,78.01311517560168,2806.793941739,3,4,8,0,0,0.004631618946685347,1883.5384615384614,68.6923076923077,1.7692307692307692,1.0,1064.608695652174,38.82608695652174,1064.608695652174,25228.0,893.0,25123.0,23951.833333333332,19439.416666666668,1312.6534196047273,2140.0637763082054,26380.0,20308.0,-2.9411764705882355,0.0,317636.0,11113.0
2025,10,27736.0,958.0,24,24.0,1,2,5,13,16.751461914493674,78.01311517560168,2806.793941739,4,4,10,0,0,0.004631618946685347,2133.5384615384614,73.6923076923077,1.8461538461538463,1.0,1155.6666666666667,39.916666666666664,1155.6666666666667,24486.0,893.0,25364.666666666668,24648.166666666668,20368.5,954.3675043364158,1183.0381932408297,26380.0,23004.0,13.272890631381198,7.278835386338186,342122.0,12006.0
2025,11,28008.0,1012.0,25,24.0,1,2,5,13,16.751461914493674,78.01311517560168,2806.793941739,4,4,11,0,0,0.004631618946685347,2154.4615384615386,77.84615384615384,1.9230769230769231,0.96,1120.32,40.48,1167.0,27736.0,958.0,25816.666666666668,25436.833333333332,21582.166666666668,1703.0916984511778,1421.081055628607,27736.0,23761.0,0.980674935102394,5.6367432150313155,369858.0,12964.0
2025,12,27031.0,1072.0,26,25.0,1,2,5,13,16.751461914493674,78.01311517560168,2806.793941739,4,4,12,0,0,0.004631618946685347,2079.3076923076924,82.46153846153847,2.0,0.9615384615384616,1039.6538461538462,41.23076923076923,1081.24,28008.0,1012.0,26743.333333333332,25933.166666666668,22937.916666666668,1959.6329588301269,1735.7799879784618,28008.0,23761.0,-3.4882890602684946,5.928853754940712,397866.0,13976.0
2026,1,42888.0,1072.0,26,26.0,1,2,5,13,16.751461914493674,78.01311517560168,2806.793941739,1,5,1,0,0,0.004631618946685347,3299.076923076923,82.46153846153847,2.0,1.0,1649.5384615384614,41.23076923076923,1649.5384615384614,27031.0,1072.0,27591.666666666668,26478.166666666668,23720.916666666668,504.2383695568206,1397.8154980778052,28008.0,24486.0,58.66227664533314,0.0,424897.0,15048.0
2026,2,36545.0,1180.0,28,26.0,1,2,5,13,16.751461914493674,78.01311517560168,2806.793941739,1,5,2,0,0,0.004631618946685347,2811.153846153846,90.76923076923077,2.1538461538461537,0.9285714285714286,1305.1785714285713,42.142857142857146,1405.576923076923,42888.0,1072.0,32642.333333333332,29229.5,26191.666666666668,8886.444527106065,6835.545676827842,42888.0,24486.0,-14.789684760305914,10.074626865671641,467785.0,16120.0
2026,3,34112.0,1180.0,28,28.0,1,2,5,13,16.751461914493674,78.01311517560168,2806.793941739,1,5,3,0,0,0.004631618946685347,2624.0,90.76923076923077,2.1538461538461537,1.0,1218.2857142857142,42.142857142857146,1218.2857142857142,36545.0,1180.0,35488.0,31115.666666666668,27533.75,7981.16839817329,7067.987172219996,42888.0,24486.0,-6.657545491859351,0.0,504330.0,17300.0
2026,4,37040.0,1180.0,28,28.0,1,2,5,13,16.751461914493674,78.01311517560168,2806.793941739,2,5,4,0,0,0.004631618946685347,2849.230769230769,90.76923076923077,2.1538461538461537,1.0,1322.857142857143,42.142857142857146,1322.857142857143,34112.0,1180.0,37848.333333333336,32720.0,28684.083333333332,4530.844549676511,6314.498143162267,42888.0,27031.0,8.583489681050656,0.0,538442.0,18480.0
2026,5,41614.0,1234.0,29,28.0,1,2,5,13,16.751461914493674,78.01311517560168,2806.793941739,2,5,5,0,0,0.004631618946685347,3201.076923076923,94.92307692307692,2.230769230769231,0.9655172413793104,1434.9655172413793,42.55172413793103,1486.2142857142858,37040.0,1180.0,35899.0,34270.666666666664,29853.75,1567.2533298736407,5979.283825565262,42888.0,27031.0,12.348812095032397,4.576271186440678,575482.0,19660.0
2026,6,45400.0,1428.0,31,29.0,1,2,5,13,16.751461914493674,78.01311517560168,2806.793941739,2,5,6,0,1,0.004631618946685347,3492.3076923076924,109.84615384615384,2.3846153846153846,0.9354838709677419,1464.516129032258,46.064516129032256,1565.5172413793102,41614.0,1234.0,37588.666666666664,36538.333333333336,31235.75,3780.97571181479,5702.786219618121,42888.0,27031.0,9.097899745278031,15.721231766612641,617096.0,20894.0
2023,1,0.0,30.0,1,1.0,1,1,1,3,18.99156685169435,79.51237617968975,3855.611150266576,1,2,1,1,0,0.0007780867631821691,0.0,10.0,0.3333333333333333,1.0,0.0,30.0,0.0,,,,,,,,,,,,,
2023,2,0.0,30.0,1,1.0,1,1,1,3,18.99156685169435,79.51237617968975,3855.611150266576,1,2,2,0,0,0.0007780867631821691,0.0,10.0,0.3333333333333333,1.0,0.0,30.0,0.0,0.0,30.0,0.0,0.0,0.0,,,,,,0.0,0.0,30.0
2023,3,0.0,30.0,1,1.0,1,1,1,3,18.99156685169435,79.51237617968975,3855.611150266576,1,2,3,0,0,0.0007780867631821691,0.0,10.0,0.3333333333333333,1.0,0.0,30.0,0.0,0.0,30.0,0.0,0.0,0.0,,,,,,0.0,0.0,60.0
2023,4,0.0,30.0,1,1.0,1,1,1,3,18.99156685169435,79.51237617968975,3855.611150266576,2,2,4,0,0,0.0007780867631821691,0.0,10.0,0.3333333333333333,1.0,0.0,30.0,0.0,0.0,30.0,0.0,0.0,0.0,0.0,,,,,0.0,0.0,90.0
2023,5,0.0,30.0,1,1.0,1,1,1,3,18.99156685169435,79.51237617968975,3855.611150266576,2,2,5,0,0,0.0007780867631821691,0.0,10.0,0.3333333333333333,1.0,0.0,30.0,0.0,0.0,30.0,0.0,0.0,0.0,0.0,,,,,0.0,0.0,120.0
2023,6,0.0,30.0,1,1.0,1,1,1,3,18.99156685169435,79.51237617968975,3855.611150266576,2,2,6,0,0,0.0007780867631821691,0.0,10.0,0.3333333333333333,1.0,0.0,30.0,0.0,0.0,30.0,0.0,0.0,0.0,0.0,,,,,0.0,0.0,150.0
2023,7,0.0,30.0,1,1.0,1,1,1,3,18.99156685169435,79.51237617968975,3855.611150266576,3,2,7,0,0,0.0007780867631821691,0.0,10.0,0.3333333333333333,1.0,0.0,30.0,0.0,0.0,30.0,0.0,0.0,0.0,0.0,0.0,0.0,0.0,,0.0,0.0,180.0
2023,8,0.0,30.0,1,1.0,1,1,1,3,18.99156685169435,79.51237617968975,3855.611150266576,3,2,8,0,0,0.0007780867631821691,0.0,10.0,0.3333333333333333,1.0,0.0,30.0,0.0,0.0,30.0,0.0,0.0,0.0,0.0,0.0,0.0,0.0,,0.0,0.0,210.0
2023,9,0.0,30.0,1,1.0,1,1,1,3,18.99156685169435,79.51237617968975,3855.611150266576,3,2,9,0,0,0.0007780867631821691,0.0,10.0,0.3333333333333333,1.0,0.0,30.0,0.0,0.0,30.0,0.0,0.0,0.0,0.0,0.0,0.0,0.0,,0.0,0.0,240.0
2023,10,0.0,30.0,1,1.0,1,1,1,3,18.99156685169435,79.51237617968975,3855.611150266576,4,2,10,0,0,0.0007780867631821691,0.0,10.0,0.3333333333333333,1.0,0.0,30.0,0.0,0.0,30.0,0.0,0.0,0.0,0.0,0.0,0.0,0.0,,0.0,0.0,270.0
2023,11,1.0,30.0,1,1.0,1,1,1,3,18.99156685169435,79.51237617968975,3855.611150266576,4,2,11,0,0,0.0007780867631821691,0.3333333333333333,10.0,0.3333333333333333,1.0,1.0,30.0,1.0,0.0,30.0,0.0,0.0,0.0,0.0,0.0,0.0,0.0,,0.0,0.0,300.0
2023,12,2104.0,30.0,1,1.0,1,1,1,3,18.99156685169435,79.51237617968975,3855.611150266576,4,2,12,0,0,0.0007780867631821691,701.3333333333334,10.0,0.3333333333333333,1.0,2104.0,30.0,2104.0,1.0,30.0,0.3333333333333333,0.16666666666666666,0.09090909090909091,0.5773502691896258,0.408248290463863,1.0,0.0,210300.0,0.0,1.0,330.0
2024,1,0.0,30.0,1,1.0,1,1,1,3,18.99156685169435,79.51237617968975,3855.611150266576,1,3,1,0,0,0.0007780867631821691,0.0,10.0,0.3333333333333333,1.0,0.0,30.0,0.0,2104.0,30.0,701.6666666666666,350.8333333333333,175.41666666666666,1214.4563941670913,858.8728466232162,2104.0,0.0,-100.0,0.0,2105.0,360.0
2024,2,726.0,30.0,1,1.0,1,1,1,3,18.99156685169435,79.51237617968975,3855.611150266576,1,3,2,0,0,0.0007780867631821691,242.0,10.0,0.3333333333333333,1.0,726.0,30.0,726.0,0.0,30.0,701.6666666666666,350.8333333333333,175.41666666666666,1214.4563941670913,858.8728466232162,2104.0,0.0,,0.0,2105.0,390.0
2024,3,95.0,30.0,1,1.0,1,1,1,3,18.99156685169435,79.51237617968975,3855.611150266576,1,3,3,0,0,0.0007780867631821691,31.666666666666668,10.0,0.3333333333333333,1.0,95.0,30.0,95.0,726.0,30.0,943.3333333333334,471.8333333333333,235.91666666666666,1068.7045117025255,850.6624281503601,2104.0,0.0,-86.91460055096418,0.0,2831.0,420.0
2024,4,215.0,30.0,1,1.0,1,1,1,3,18.99156685169435,79.51237617968975,3855.611150266576,2,3,4,0,0,0.0007780867631821691,71.66666666666667,10.0,0.3333333333333333,1.0,215.0,30.0,215.0,95.0,30.0,273.6666666666667,487.6666666666667,243.83333333333334,394.6014867348238,840.9524758668986,2104.0,0.0,126.3157894736842,0.0,2926.0,450.0
2024,5,207.0,30.0,1,1.0,1,1,1,3,18.99156685169435,79.51237617968975,3855.611150266576,2,3,5,0,0,0.0007780867631821691,69.0,10.0,0.3333333333333333,1.0,207.0,30.0,207.0,215.0,30.0,345.3333333333333,523.5,261.75,335.08257688715076,820.3449884042689,2104.0,0.0,-3.7209302325581395,0.0,3141.0,480.0
2024,7,417.0,30.0,1,1.0,1,1,1,3,18.99156685169435,79.51237617968975,3855.611150266576,3,3,7,0,0,0.0007780867631821691,139.0,10.0,0.3333333333333333,1.0,417.0,30.0,417.0,207.0,30.0,172.33333333333334,557.8333333333334,279.0,67.09197666884884,798.1131289902871,2104.0,0.0,101.44927536231884,0.0,3348.0,510.0
2024,8,187.0,30.0,1,1.0,1,1,1,3,18.99156685169435,79.51237617968975,3855.611150266576,3,3,8,0,0,0.0007780867631821691,62.333333333333336,10.0,0.3333333333333333,1.0,187.0,30.0,187.0,417.0,30.0,279.6666666666667,276.6666666666667,313.75,119.00140055198229,260.6903655041106,726.0,0.0,-55.15587529976019,0.0,3765.0,540.0
2024,9,327.0,30.0,1,1.0,1,1,1,3,18.99156685169435,79.51237617968975,3855.611150266576,3,3,9,0,0,0.0007780867631821691,109.0,10.0,0.3333333333333333,1.0,327.0,30.0,327.0,187.0,30.0,270.3333333333333,307.8333333333333,329.3333333333333,127.41009902410927,230.41911089722308,726.0,95.0,74.8663101604278,0.0,3952.0,570.0
2024,10,333.0,30.0,1,1.0,1,1,1,3,18.99156685169435,79.51237617968975,3855.611150266576,4,3,10,0,0,0.0007780867631821691,111.0,10.0,0.3333333333333333,1.0,333.0,30.0,333.0,327.0,30.0,310.3333333333333,241.33333333333334,356.5833333333333,115.90225767142468,113.5212168128355,417.0,95.0,1.834862385321101,0.0,4279.0,600.0
2024,11,532.0,30.0,1,1.0,1,1,1,3,18.99156685169435,79.51237617968975,3855.611150266576,4,3,11,0,0,0.0007780867631821691,177.33333333333334,10.0,0.3333333333333333,1.0,532.0,30.0,532.0,333.0,30.0,282.3333333333333,281.0,384.3333333333333,82.61557560976821,91.63405480496937,417.0,187.0,59.75975975975976,0.0,4612.0,630.0
2024,12,718.0,30.0,1,1.0,1,1,1,3,18.99156685169435,79.51237617968975,3855.611150266576,4,3,12,0,0,0.0007780867631821691,239.33333333333334,10.0,0.3333333333333333,1.0,718.0,30.0,718.0,532.0,30.0,397.3333333333333,333.8333333333333,428.6666666666667,116.66333328571278,129.5228422582935,532.0,187.0,34.962406015037594,0.0,5144.0,660.0
2025,1,626.0,30.0,1,1.0,1,1,1,3,18.99156685169435,79.51237617968975,3855.611150266576,1,4,1,0,0,0.0007780867631821691,208.66666666666666,10.0,0.3333333333333333,1.0,626.0,30.0,626.0,718.0,30.0,527.6666666666666,419.0,488.4166666666667,192.5365766116487,185.3957928325238,718.0,187.0,-12.813370473537605,0.0,5862.0,690.0
2025,2,516.0,30.0,1,1.0,1,1,1,3,18.99156685169435,79.51237617968975,3855.611150266576,1,4,2,0,0,0.0007780867631821691,172.0,10.0,0.3333333333333333,1.0,516.0,30.0,516.0,626.0,30.0,625.3333333333334,453.8333333333333,365.25,93.00179209742815,203.6776047253766,718.0,187.0,-17.57188498402556,0.0,6488.0,720.0
2025,3,507.0,180.0,4,1.0,1,1,2,3,18.99156685169435,79.51237617968975,3855.611150266576,1,4,3,0,0,0.0007780867631821691,169.0,60.0,1.3333333333333333,0.25,126.75,45.0,507.0,516.0,30.0,620.0,508.6666666666667,408.25,101.13357503816383,156.23529264115302,718.0,327.0,-1.744186046511628,500.0,7004.0,750.0
2025,4,629.0,230.0,5,5.0,1,1,2,3,18.99156685169435,79.51237617968975,3855.611150266576,2,4,4,0,0,0.0007780867631821691,209.66666666666666,76.66666666666667,1.6666666666666667,1.0,125.8,46.0,125.8,507.0,180.0,549.6666666666666,538.6666666666666,390.0,66.25959050079653,129.34243954196438,718.0,333.0,24.06311637080868,27.77777777777778,7511.0,930.0
2025,5,638.0,280.0,6,6.0,1,1,2,3,18.99156685169435,79.51237617968975,3855.611150266576,2,4,5,0,0,0.0007780867631821691,212.66666666666666,93.33333333333333,2.0,1.0,106.33333333333333,46.666666666666664,106.33333333333333,629.0,230.0,550.6666666666666,588.0,434.5,67.98774399355554,83.55357562666029,718.0,507.0,1.4308426073131955,21.73913043478261,8140.0,1160.0
2025,6,1636.0,330.0,7,7.0,1,1,2,3,18.99156685169435,79.51237617968975,3855.611150266576,2,4,6,0,0,0.0007780867631821691,545.3333333333334,110.0,2.3333333333333335,1.0,233.71428571428572,47.142857142857146,233.71428571428572,638.0,280.0,591.3333333333334,605.6666666666666,469.75,73.17331025266826,80.49513442852745,718.0,507.0,156.42633228840126,17.857142857142858,8778.0,1440.0
2025,7,926.0,330.054,8,7.0,1,1,2,3,18.99156685169435,79.51237617968975,3855.611150266576,3,4,7,0,0,0.0007780867631821691,308.6666666666667,110.01799999999999,2.6666666666666665,0.875,115.75,41.25675,132.28571428571428,1636.0,330.0,967.6666666666666,758.6666666666666,588.8333333333334,578.8111378794755,433.7998002151069,1636.0,507.0,-43.39853300733496,0.01636363636362837,10414.0,1770.0
2025,8,1127.0,330.054,8,8.0,1,1,2,3,18.99156685169435,79.51237617968975,3855.611150266576,3,4,8,0,0,0.0007780867631821691,375.6666666666667,110.01799999999999,2.6666666666666665,1.0,140.875,41.25675,140.875,926.0,330.054,1066.6666666666667,808.6666666666666,631.25,513.6548776497048,432.7381040151961,1636.0,507.0,21.706263498920087,0.0,11340.0,2100.054
2025,9,1519.0,330.054,8,8.0,1,1,2,3,18.99156685169435,79.51237617968975,3855.611150266576,3,4,9,0,0,0.0007780867631821691,506.3333333333333,110.01799999999999,2.6666666666666665,1.0,189.875,41.25675,189.875,1127.0,330.054,1229.6666666666667,910.5,709.5833333333334,365.96493456796253,421.84677312977044,1636.0,507.0,34.78260869565217,0.0,12467.0,2430.108
2025,10,2987.0,330.054,8,8.0,1,1,2,3,18.99156685169435,79.51237617968975,3855.611150266576,4,4,10,0,0,0.0007780867631821691,995.6666666666666,110.01799999999999,2.6666666666666665,1.0,373.375,41.25675,373.375,1519.0,330.054,1190.6666666666667,1079.1666666666667,808.9166666666666,301.58304550046097,430.4748153686423,1636.0,629.0,96.64252797893351,0.0,13986.0,2760.1620000000003
2025,11,1611.0,414.0,9,8.0,1,1,2,3,18.99156685169435,79.51237617968975,3855.611150266576,4,4,11,0,0,0.0007780867631821691,537.0,138.0,3.0,0.8888888888888888,179.0,46.0,201.375,2987.0,330.054,1877.6666666666667,1472.1666666666667,1030.0833333333333,980.500552439076,829.0991295778006,2987.0,638.0,-46.06628724472715,25.434019887654756,16973.0,3090.2160000000003
2025,12,1063.0,588.0,11,9.0,1,1,2,3,18.99156685169435,79.51237617968975,3855.611150266576,4,4,12,0,0,0.0007780867631821691,354.3333333333333,196.0,3.6666666666666665,0.8181818181818182,96.63636363636364,53.45454545454545,118.11111111111111,1611.0,414.0,2039.0,1634.3333333333333,1120.0,822.2797577467172,721.4817161000454,2987.0,926.0,-34.016139044072006,42.028985507246375,18584.0,3504.2160000000003
2026,1,2424.0,588.0,11,11.0,1,1,2,3,18.99156685169435,79.51237617968975,3855.611150266576,1,5,1,0,0,0.0007780867631821691,808.0,196.0,3.6666666666666665,1.0,220.36363636363637,53.45454545454545,220.36363636363637,1063.0,588.0,1887.0,1538.8333333333333,1148.75,991.2497162672986,758.2053591650923,2987.0,926.0,128.03386641580434,0.0,19647.0,4092.2160000000003
2026,2,3781.0,708.0,12,11.0,1,1,2,3,18.99156685169435,79.51237617968975,3855.611150266576,1,5,2,0,0,0.0007780867631821691,1260.3333333333333,236.0,4.0,0.9166666666666666,315.0833333333333,59.0,343.72727272727275,2424.0,588.0,1699.3333333333333,1788.5,1298.5833333333333,684.78634137469,762.6705055264691,2987.0,1063.0,55.98184818481848,20.408163265306122,22071.0,4680.216
2026,3,2214.0,708.0,12,12.0,1,1,2,3,18.99156685169435,79.51237617968975,3855.611150266576,1,5,3,0,0,0.0007780867631821691,738.0,236.0,4.0,1.0,184.5,59.0,184.5,3781.0,708.0,2422.6666666666665,2230.8333333333335,1570.6666666666667,1359.0004905566934,1026.3384269658166,3781.0,1063.0,-41.444062417349905,0.0,25852.0,5388.216
2026,4,2748.0,708.0,12,12.0,1,1,2,3,18.99156685169435,79.51237617968975,3855.611150266576,2,5,4,0,0,0.0007780867631821691,916.0,236.0,4.0,1.0,229.0,59.0,229.0,2214.0,708.0,2806.3333333333335,2346.6666666666665,1712.9166666666667,850.5917547997592,967.4632120482238,3781.0,1063.0,24.119241192411923,0.0,28066.0,6096.216
2026,5,1385.0,708.0,12,12.0,1,1,2,3,18.99156685169435,79.51237617968975,3855.611150266576,2,5,5,0,0,0.0007780867631821691,461.6666666666667,236.0,4.0,1.0,115.41666666666667,59.0,115.41666666666667,2748.0,708.0,2914.3333333333335,2306.8333333333335,1889.5,796.6318681381844,940.36661290513,3781.0,1063.0,-49.59970887918486,0.0,30814.0,6804.216
2026,6,1842.0,828.0,13,12.0,1,1,3,3,18.99156685169435,79.51237617968975,3855.611150266576,2,5,6,0,1,0.0007780867631821691,614.0,276.0,4.333333333333333,0.9230769230769231,141.69230769230768,63.69230769230769,153.5,1385.0,708.0,2115.6666666666665,2269.1666666666665,1951.75,686.8000679479682,977.601844651833,3781.0,1063.0,32.99638989169675,16.949152542372882,32199.0,7512.216
2023,10,0.0,54.0,1,0.0,1,1,1,5,17.953224823237967,78.26500189814796,2750.973110330465,4,2,10,1,0,0.001817538667035305,0.0,10.8,0.2,0.0,0.0,54.0,,,,,,,,,,,,,,
2023,11,572.0,54.0,1,1.0,1,1,1,5,17.953224823237967,78.26500189814796,2750.973110330465,4,2,11,0,0,0.001817538667035305,114.4,10.8,0.2,1.0,572.0,54.0,572.0,0.0,54.0,0.0,0.0,0.0,,,,,,0.0,0.0,54.0
2023,12,558.0,54.0,1,1.0,1,1,1,5,17.953224823237967,78.26500189814796,2750.973110330465,4,2,12,0,0,0.001817538667035305,111.6,10.8,0.2,1.0,558.0,54.0,558.0,572.0,54.0,286.0,286.0,286.0,,,,,-2.4475524475524475,0.0,572.0,108.0
2024,1,740.0,54.0,1,1.0,1,1,1,5,17.953224823237967,78.26500189814796,2750.973110330465,1,3,1,0,0,0.001817538667035305,148.0,10.8,0.2,1.0,740.0,54.0,740.0,558.0,54.0,376.6666666666667,376.6666666666667,376.6666666666667,326.2780000756001,,,,32.61648745519713,0.0,1130.0,162.0
2024,2,698.0,54.0,1,1.0,1,1,1,5,17.953224823237967,78.26500189814796,2750.973110330465,1,3,2,0,0,0.001817538667035305,139.6,10.8,0.2,1.0,698.0,54.0,698.0,740.0,54.0,623.3333333333334,467.5,467.5,101.27849393298321,,,,-5.675675675675675,0.0,1870.0,216.0
2024,3,837.0,54.0,1,1.0,1,1,1,5,17.953224823237967,78.26500189814796,2750.973110330465,1,3,3,0,0,0.001817538667035305,167.4,10.8,0.2,1.0,837.0,54.0,837.0,698.0,54.0,665.3333333333334,513.6,513.6,95.29602999775653,,,,19.91404011461318,0.0,2568.0,270.0
2024,4,1148.0,54.0,1,1.0,1,1,1,5,17.953224823237967,78.26500189814796,2750.973110330465,2,3,4,0,0,0.001817538667035305,229.6,10.8,0.2,1.0,1148.0,54.0,1148.0,837.0,54.0,758.3333333333334,567.5,567.5,71.29048557369566,297.1812578208794,837.0,0.0,37.15651135005974,0.0,3405.0,324.0
2024,5,2223.0,54.0,1,1.0,1,1,1,5,17.953224823237967,78.26500189814796,2750.973110330465,2,3,5,0,0,0.001817538667035305,444.6,10.8,0.2,1.0,2223.0,54.0,2223.0,1148.0,54.0,894.3333333333334,758.8333333333334,650.4285714285714,230.41339660126818,217.6496420090478,1148.0,558.0,93.6411149825784,0.0,4553.0,378.0
2024,6,1401.0,54.0,1,1.0,1,1,1,5,17.953224823237967,78.26500189814796,2750.973110330465,2,3,6,0,0,0.001817538667035305,280.2,10.8,0.2,1.0,1401.0,54.0,1401.0,2223.0,54.0,1402.6666666666667,1034.0,847.0,727.2484673984079,615.0502418502085,2223.0,558.0,-36.97705802968961,0.0,6776.0,432.0
2024,7,1213.0,54.0,1,1.0,1,1,1,5,17.953224823237967,78.26500189814796,2750.973110330465,3,3,7,0,0,0.001817538667035305,242.6,10.8,0.2,1.0,1213.0,54.0,1213.0,1401.0,54.0,1590.6666666666667,1174.5,908.5555555555555,562.037661846013,579.8457553522315,2223.0,698.0,-13.418986438258386,0.0,8177.0,486.0
2024,8,2284.0,54.0,1,1.0,1,1,1,5,17.953224823237967,78.26500189814796,2750.973110330465,3,3,8,0,0,0.001817538667035305,456.8,10.8,0.2,1.0,2284.0,54.0,2284.0,1213.0,54.0,1612.3333333333333,1253.3333333333333,939.0,537.1418186413465,539.7238800226155,2223.0,698.0,88.29348722176422,0.0,9390.0,540.0
2024,9,482.0,54.0,1,1.0,1,1,1,5,17.953224823237967,78.26500189814796,2750.973110330465,3,3,9,0,0,0.001817538667035305,96.4,10.8,0.2,1.0,482.0,54.0,482.0,2284.0,54.0,1632.6666666666667,1517.6666666666667,1061.2727272727273,571.8499220366591,598.5240735899155,2284.0,837.0,-78.89667250437829,0.0,11674.0,594.0
2024,10,0.0,54.0,1,1.0,1,1,1,5,17.953224823237967,78.26500189814796,2750.973110330465,4,3,10,0,0,0.001817538667035305,0.0,10.8,0.2,1.0,0.0,54.0,0.0,482.0,54.0,1326.3333333333333,1458.5,1013.0,906.3301458813631,689.847736823134,2284.0,482.0,-100.0,0.0,12156.0,648.0
2024,11,0.0,54.0,1,1.0,1,1,1,5,17.953224823237967,78.26500189814796,2750.973110330465,4,3,11,0,0,0.001817538667035305,0.0,10.8,0.2,1.0,0.0,54.0,0.0,0.0,54.0,922.0,1267.1666666666667,1013.0,1203.8953442886966,915.4901237406478,2284.0,0.0,,0.0,12156.0,702.0
2024,12,0.0,216.0,4,1.0,1,1,2,5,17.953224823237967,78.26500189814796,2750.973110330465,4,3,12,0,0,0.001817538667035305,0.0,43.2,0.8,0.25,0.0,54.0,0.0,0.0,54.0,160.66666666666666,896.6666666666666,965.3333333333334,278.2828297493988,901.0086940017101,2284.0,0.0,,300.0,12156.0,756.0
2025,1,18.0,323.0,6,4.0,1,1,2,5,17.953224823237967,78.26500189814796,2750.973110330465,1,4,1,0,0,0.001817538667035305,3.6,64.6,1.2,0.6666666666666666,3.0,53.833333333333336,4.5,0.0,216.0,0.0,663.1666666666666,918.8333333333334,0.0,925.3765539858178,2284.0,0.0,,49.53703703703704,12156.0,972.0
2025,2,55.0,323.0,6,6.0,1,1,2,5,17.953224823237967,78.26500189814796,2750.973110330465,1,4,2,0,0,0.001817538667035305,11.0,64.6,1.2,1.0,9.166666666666666,53.833333333333336,9.166666666666666,18.0,323.0,6.0,464.0,858.6666666666666,10.392304845391545,911.8692888786204,2284.0,0.0,205.55555555555554,0.0,12174.0,1295.0
2025,3,67.0,323.0,6,6.0,1,1,2,5,17.953224823237967,78.26500189814796,2750.973110330465,1,4,3,0,0,0.001817538667035305,13.4,64.6,1.2,1.0,11.166666666666666,53.833333333333336,11.166666666666666,55.0,323.0,24.333333333333332,92.5,805.0833333333334,28.04163571072274,192.0080727469585,482.0,0.0,21.818181818181817,0.0,12229.0,1618.0
2025,4,498.0,377.0,7,6.0,1,2,3,5,17.953224823237967,78.26500189814796,2750.973110330465,2,4,4,0,0,0.001817538667035305,99.6,75.4,1.4,0.8571428571428571,71.14285714285714,53.857142857142854,83.0,67.0,323.0,46.666666666666664,23.333333333333332,740.9166666666666,25.540817005978482,30.23684286872641,67.0,0.0,643.2835820895523,16.71826625386997,12296.0,1941.0
2025,5,828.0,377.0,7,7.0,1,2,3,5,17.953224823237967,78.26500189814796,2750.973110330465,2,4,5,0,0,0.001817538667035305,165.6,75.4,1.4,1.0,118.28571428571429,53.857142857142854,118.28571428571429,498.0,377.0,206.66666666666666,106.33333333333333,686.75,252.3734006057946,193.9078819096015,498.0,0.0,66.26506024096386,0.0,12794.0,2318.0
2025,6,806.0,431.0,8,7.0,1,2,3,5,17.953224823237967,78.26500189814796,2750.973110330465,2,4,6,0,0,0.001817538667035305,161.2,86.2,1.6,0.875,100.75,53.875,115.14285714285714,828.0,377.0,464.3333333333333,244.33333333333334,570.5,381.6154259635384,341.5357472749636,828.0,0.0,-2.657004830917874,14.323607427055704,13622.0,2695.0
2025,7,324.0,539.0,10,8.0,1,2,3,5,17.953224823237967,78.26500189814796,2750.973110330465,3,4,7,0,0,0.001817538667035305,64.8,107.8,2.0,0.8,32.4,53.9,40.5,806.0,431.0,710.6666666666666,378.6666666666667,520.9166666666666,184.50293583933257,382.2908142588149,828.0,18.0,-59.8014888337469,25.05800464037123,14428.0,3126.0
2025,8,1443.0,539.0,10,10.0,1,2,3,5,17.953224823237967,78.26500189814796,2750.973110330465,3,4,8,0,0,0.001817538667035305,288.6,107.8,2.0,1.0,144.3,53.9,144.3,324.0,539.0,652.6666666666666,429.6666666666667,446.8333333333333,284.8461573083493,342.9382840492844,828.0,55.0,345.3703703703704,0.0,14752.0,3665.0
2025,10,1733.0,539.0,10,10.0,1,2,3,5,17.953224823237967,78.26500189814796,2750.973110330465,4,4,10,0,0,0.001817538667035305,346.6,107.8,2.0,1.0,173.3,53.9,173.3,1443.0,539.0,857.6666666666666,661.0,376.75,561.2863202798843,480.2940765822547,1443.0,67.0,20.097020097020096,0.0,16195.0,4204.0
2025,11,172.0,539.0,10,10.0,1,2,3,5,17.953224823237967,78.26500189814796,2750.973110330465,4,4,11,0,0,0.001817538667035305,34.4,107.8,2.0,1.0,17.2,53.9,17.2,1733.0,539.0,1166.6666666666667,938.6666666666666,481.0,744.0365134409284,545.3746113147065,1733.0,324.0,-90.07501442585112,0.0,17928.0,4743.0
2025,12,1792.0,546.0,11,10.0,1,2,3,5,17.953224823237967,78.26500189814796,2750.973110330465,4,4,12,0,0,0.001817538667035305,358.4,109.2,2.2,0.9090909090909091,162.9090909090909,49.63636363636363,179.2,172.0,539.0,1116.0,884.3333333333334,495.3333333333333,830.2872996740342,610.4171251420354,1733.0,172.0,941.8604651162791,1.2987012987012987,18100.0,5282.0
2026,1,3905.0,600.0,12,11.0,1,2,3,5,17.953224823237967,78.26500189814796,2750.973110330465,1,5,1,0,0,0.001817538667035305,781.0,120.0,2.4,0.9166666666666666,325.4166666666667,50.0,355.0,1792.0,546.0,1232.3333333333333,1045.0,644.6666666666666,918.7493310655158,711.1748027032456,1792.0,172.0,117.91294642857143,9.89010989010989,19892.0,5828.0
2026,2,3128.0,720.0,13,12.0,1,2,3,5,17.953224823237967,78.26500189814796,2750.973110330465,1,5,2,0,0,0.001817538667035305,625.6,144.0,2.6,0.9230769230769231,240.6153846153846,55.38461538461539,260.6666666666667,3905.0,600.0,1956.3333333333333,1561.5,970.0833333333334,1871.9178222703401,1345.413951168933,3905.0,172.0,-19.897567221510883,20.0,23797.0,6428.0
2026,3,4795.0,720.0,13,13.0,1,2,3,5,17.953224823237967,78.26500189814796,2750.973110330465,1,5,3,0,0,0.001817538667035305,959.0,144.0,2.6,1.0,368.84615384615387,55.38461538461539,368.84615384615387,3128.0,720.0,2941.6666666666665,2028.8333333333333,1229.25,1068.752699801658,1316.2679691714247,3905.0,172.0,53.29283887468031,0.0,26925.0,7148.0
2026,4,6709.0,720.0,13,13.0,1,2,3,5,17.953224823237967,78.26500189814796,2750.973110330465,2,5,4,0,0,0.001817538667035305,1341.8,144.0,2.6,1.0,516.0769230769231,55.38461538461539,516.0769230769231,4795.0,720.0,3942.6666666666665,2587.5,1624.25,834.1380780981848,1679.2041865121703,4795.0,172.0,39.91657977059437,0.0,31720.0,7868.0
2026,5,7883.0,774.0,14,13.0,1,2,3,5,17.953224823237967,78.26500189814796,2750.973110330465,2,5,5,0,0,0.001817538667035305,1576.6,154.8,2.8,0.9285714285714286,563.0714285714286,55.285714285714285,606.3846153846154,6709.0,720.0,4877.333333333333,3416.8333333333335,2177.75,1791.919176004692,2290.34769558394,6709.0,172.0,17.498882098673423,7.5,38429.0,8588.0
2026,6,10588.0,774.0,14,14.0,1,2,3,5,17.953224823237967,78.26500189814796,2750.973110330465,2,5,6,0,1,0.001817538667035305,2117.6,154.8,2.8,1.0,756.2857142857143,55.285714285714285,756.2857142857143,7883.0,774.0,6462.333333333333,4702.0,2793.1666666666665,1558.7075842932616,2268.754900821152,7883.0,1792.0,34.314347329696815,0.0,46312.0,9362.0
2021,6,488.0,89.0,4,4.0,1,2,3,111,17.5442037664792,78.55770391375447,1076.223774850676,2,0,6,1,0,0.10313840169104334,4.396396396396397,0.8018018018018018,0.036036036036036036,1.0,122.0,22.25,122.0,,,,,,,,,,,,,
2021,7,630.0,107.0,5,5.0,1,2,3,111,17.5442037664792,78.55770391375447,1076.223774850676,3,0,7,0,0,0.10313840169104334,5.675675675675675,0.963963963963964,0.04504504504504504,1.0,126.0,21.4,126.0,488.0,89.0,488.0,488.0,488.0,,,,,29.098360655737704,20.224719101123597,488.0,89.0
2021,8,785.0,107.0,5,5.0,1,2,3,111,17.5442037664792,78.55770391375447,1076.223774850676,3,0,8,0,0,0.10313840169104334,7.072072072072072,0.963963963963964,0.04504504504504504,1.0,157.0,21.4,157.0,630.0,107.0,559.0,559.0,559.0,,,,,24.603174603174605,0.0,1118.0,196.0
2021,9,598.0,107.0,5,5.0,1,2,3,111,17.5442037664792,78.55770391375447,1076.223774850676,3,0,9,0,0,0.10313840169104334,5.387387387387387,0.963963963963964,0.04504504504504504,1.0,119.6,21.4,119.6,785.0,107.0,634.3333333333334,634.3333333333334,634.3333333333334,148.54741106237202,,,,-23.821656050955415,0.0,1903.0,303.0
2021,10,579.0,107.0,5,5.0,1,2,3,111,17.5442037664792,78.55770391375447,1076.223774850676,4,0,10,0,0,0.10313840169104334,5.216216216216216,0.963963963963964,0.04504504504504504,1.0,115.8,21.4,115.8,598.0,107.0,671.0,625.25,625.25,100.01499887516867,,,,-3.177257525083612,0.0,2501.0,410.0
2021,11,819.0,107.0,5,5.0,1,2,3,111,17.5442037664792,78.55770391375447,1076.223774850676,4,0,11,0,0,0.10313840169104334,7.378378378378378,0.963963963963964,0.04504504504504504,1.0,163.8,21.4,163.8,579.0,107.0,654.0,616.0,616.0,113.84638773364745,,,,41.45077720207254,0.0,3080.0,517.0
2021,12,872.0,127.0,6,5.0,1,2,3,111,17.5442037664792,78.55770391375447,1076.223774850676,4,0,12,0,0,0.10313840169104334,7.8558558558558556,1.1441441441441442,0.05405405405405406,0.8333333333333334,145.33333333333334,21.166666666666668,174.4,819.0,107.0,665.3333333333334,649.8333333333334,649.8333333333334,133.4178898548966,127.41650861119474,819.0,488.0,6.471306471306471,18.69158878504673,3899.0,624.0
2022,1,1793.0,129.0,7,6.0,1,2,3,111,17.5442037664792,78.55770391375447,1076.223774850676,1,1,1,0,0,0.10313840169104334,16.153153153153152,1.162162162162162,0.06306306306306306,0.8571428571428571,256.14285714285717,18.428571428571427,298.8333333333333,872.0,127.0,756.6666666666666,713.8333333333334,681.5714285714286,156.12921998566867,126.30663746085024,872.0,579.0,105.61926605504587,1.5748031496062993,4771.0,751.0
2022,2,1519.0,129.0,7,7.0,1,2,3,111,17.5442037664792,78.55770391375447,1076.223774850676,1,1,2,0,0,0.10313840169104334,13.684684684684685,1.162162162162162,0.06306306306306306,1.0,217.0,18.428571428571427,217.0,1793.0,129.0,1161.3333333333333,907.6666666666666,820.5,547.6808681461617,449.86916616574945,1793.0,579.0,-15.281650864472951,0.0,6564.0,880.0
2022,3,1565.0,174.0,8,7.0,1,2,3,111,17.5442037664792,78.55770391375447,1076.223774850676,1,1,3,0,0,0.10313840169104334,14.0990990990991,1.5675675675675675,0.07207207207207207,0.875,195.625,21.75,223.57142857142858,1519.0,129.0,1394.6666666666667,1030.0,898.1111111111111,472.921064590417,506.1225148123723,1793.0,579.0,3.0283080974325216,34.883720930232556,8083.0,1009.0
2022,4,1355.0,174.0,8,8.0,1,2,3,111,17.5442037664792,78.55770391375447,1076.223774850676,2,1,4,0,0,0.10313840169104334,12.207207207207206,1.5675675675675675,0.07207207207207207,1.0,169.375,21.75,169.375,1565.0,174.0,1625.6666666666667,1191.1666666666667,964.8,146.72877472852193,494.884397275431,1793.0,579.0,-13.418530351437699,0.0,9648.0,1183.0
2022,6,2475.0,225.0,12,12.0,1,3,4,111,17.5442037664792,78.55770391375447,1076.223774850676,2,1,6,0,0,0.10313840169104334,22.2972972972973,2.027027027027027,0.10810810810810811,1.0,206.25,18.75,206.25,1355.0,174.0,1479.6666666666667,1320.5,1000.2727272727273,110.38719732529381,394.0262681598778,1793.0,819.0,82.65682656826569,29.310344827586206,11003.0,1357.0
2022,7,3426.0,225.0,12,12.0,1,3,4,111,17.5442037664792,78.55770391375447,1076.223774850676,3,1,7,0,0,0.10313840169104334,30.864864864864863,2.027027027027027,0.10810810810810811,1.0,285.5,18.75,285.5,2475.0,225.0,1798.3333333333333,1596.5,1123.1666666666667,595.3430383680768,529.2627891699925,2475.0,872.0,38.42424242424242,0.0,13478.0,1582.0
2022,8,4145.0,230.0,13,13.0,1,3,5,111,17.5442037664792,78.55770391375447,1076.223774850676,3,1,8,0,0,0.10313840169104334,37.34234234234234,2.0720720720720722,0.11711711711711711,1.0,318.84615384615387,17.692307692307693,318.84615384615387,3426.0,225.0,2418.6666666666665,2022.1666666666667,1368.0,1036.6486064879139,791.9107062457653,3426.0,1355.0,20.986573263280793,2.2222222222222223,16904.0,1807.0
2022,9,5138.0,248.0,14,14.0,1,3,5,111,17.5442037664792,78.55770391375447,1076.223774850676,3,1,9,0,0,0.10313840169104334,46.288288288288285,2.234234234234234,0.12612612612612611,1.0,367.0,17.714285714285715,367.0,4145.0,230.0,3348.6666666666665,2414.1666666666665,1660.9166666666667,837.6815226166408,1154.775548176643,4145.0,1355.0,23.956574185765984,7.826086956521739,21049.0,2037.0
2022,10,6654.0,248.0,14,14.0,1,3,5,111,17.5442037664792,78.55770391375447,1076.223774850676,4,1,10,0,0,0.10313840169104334,59.945945945945944,2.234234234234234,0.12612612612612611,1.0,475.2857142857143,17.714285714285715,475.2857142857143,5138.0,248.0,4236.333333333333,3017.3333333333335,2023.6666666666667,859.6466328284745,1490.1420961326698,5138.0,1355.0,29.505644219540677,0.0,26187.0,2285.0
2022,11,6092.0,256.0,15,13.0,1,3,5,111,17.5442037664792,78.55770391375447,1076.223774850676,4,1,11,0,0,0.10313840169104334,54.88288288288288,2.3063063063063063,0.13513513513513514,0.8666666666666667,406.1333333333333,17.066666666666666,468.61538461538464,6654.0,248.0,5312.333333333333,3865.5,2528.3333333333335,1263.5522677488789,1892.2140206646816,6654.0,1355.0,-8.44604749023144,3.225806451612903,32841.0,2533.0
2022,12,6558.0,301.0,16,14.0,1,3,6,111,17.5442037664792,78.55770391375447,1076.223774850676,4,1,12,0,0,0.10313840169104334,59.08108108108108,2.7117117117117115,0.14414414414414414,0.875,409.875,18.8125,468.42857142857144,6092.0,256.0,5961.333333333333,4655.0,2987.75,766.4002435629407,1601.07463910962,6654.0,2475.0,7.649376231122784,17.578125,38933.0,2789.0
2023,1,10194.0,301.0,16,15.0,1,3,6,111,17.5442037664792,78.55770391375447,1076.223774850676,1,2,1,0,0,0.10313840169104334,91.83783783783784,2.7117117117117115,0.14414414414414414,0.9375,637.125,18.8125,679.6,6558.0,301.0,6434.666666666667,5335.5,3466.0,300.614925333615,1334.7454813559025,6654.0,3426.0,55.44373284537969,0.0,45491.0,3090.0
2023,2,9004.0,316.0,16,15.0,1,3,6,111,17.5442037664792,78.55770391375447,1076.223774850676,1,2,2,0,0,0.10313840169104334,81.11711711711712,2.8468468468468466,0.14414414414414414,0.9375,562.75,19.75,600.2666666666667,10194.0,301.0,7614.666666666667,6463.5,4242.833333333333,2245.8872040539645,2060.6918983681185,10194.0,4145.0,-11.673533451049638,4.983388704318937,55685.0,3391.0
2023,3,7811.0,316.0,16,15.0,1,3,6,111,17.5442037664792,78.55770391375447,1076.223774850676,1,2,3,0,0,0.10313840169104334,70.36936936936937,2.8468468468468466,0.14414414414414414,0.9375,488.1875,19.75,520.7333333333333,9004.0,316.0,8585.333333333334,7273.333333333333,4843.75,1853.802938106781,1917.0797236074109,10194.0,5138.0,-13.249666814749,0.0,64689.0,3707.0
2023,4,8300.0,376.0,18,15.0,1,3,6,111,17.5442037664792,78.55770391375447,1076.223774850676,2,2,4,0,0,0.10313840169104334,74.77477477477477,3.3873873873873874,0.16216216216216217,0.8333333333333334,461.1111111111111,20.88888888888889,553.3333333333334,7811.0,316.0,9003.0,7718.833333333333,5368.083333333333,1191.500314729291,1607.1458448649478,10194.0,6092.0,6.260401997183459,18.9873417721519,72500.0,4023.0
2023,5,10245.0,388.0,19,17.0,1,3,6,111,17.5442037664792,78.55770391375447,1076.223774850676,2,2,5,0,0,0.10313840169104334,92.29729729729729,3.4954954954954953,0.17117117117117117,0.8947368421052632,539.2105263157895,20.42105263157895,602.6470588235294,8300.0,376.0,8371.666666666666,7993.166666666667,5929.333333333333,599.7202125435934,1527.5418706754547,10194.0,6092.0,23.433734939759034,3.1914893617021276,80800.0,4399.0
2023,6,10457.0,388.0,19,18.0,1,3,6,111,17.5442037664792,78.55770391375447,1076.223774850676,2,2,6,0,0,0.10313840169104334,94.2072072072072,3.4954954954954953,0.17117117117117117,0.9473684210526315,550.3684210526316,20.42105263157895,580.9444444444445,10245.0,388.0,8785.333333333334,8685.333333333334,6670.166666666667,1287.5365366984095,1431.689305214881,10245.0,6558.0,2.0693020985846755,0.0,91045.0,4787.0
2023,7,11985.0,388.0,19,18.0,1,3,6,111,17.5442037664792,78.55770391375447,1076.223774850676,3,2,7,0,0,0.10313840169104334,107.97297297297297,3.4954954954954953,0.17117117117117117,0.9473684210526315,630.7894736842105,20.42105263157895,665.8333333333334,10457.0,388.0,9667.333333333334,9335.166666666666,7335.333333333333,1188.8802855348126,1125.0090518154375,10457.0,7811.0,14.612221478435497,0.0,101502.0,5175.0
2023,8,13285.0,388.0,19,18.0,1,3,6,111,17.5442037664792,78.55770391375447,1076.223774850676,3,2,8,0,0,0.10313840169104334,119.68468468468468,3.4954954954954953,0.17117117117117117,0.9473684210526315,699.2105263157895,20.42105263157895,738.0555555555555,11985.0,388.0,10895.666666666666,9633.666666666666,8048.583333333333,949.3267790035956,1554.196598460655,11985.0,7811.0,10.846891948268668,0.0,113487.0,5563.0
2023,9,27597.0,422.0,20,19.0,1,3,6,111,17.5442037664792,78.55770391375447,1076.223774850676,3,2,9,0,0,0.10313840169104334,248.6216216216216,3.8018018018018016,0.18018018018018017,0.95,1379.85,21.1,1452.4736842105262,13285.0,388.0,11909.0,10347.166666666666,8810.25,1415.5309957750867,2095.6572636446713,13285.0,7811.0,107.73052314640572,8.762886597938145,126772.0,5951.0
2023,10,23331.0,422.0,20,19.0,1,3,6,111,17.5442037664792,78.55770391375447,1076.223774850676,4,2,10,0,0,0.10313840169104334,210.1891891891892,3.8018018018018016,0.18018018018018017,0.95,1166.55,21.1,1227.9473684210527,27597.0,422.0,17622.333333333332,13644.833333333334,10681.833333333334,8662.735210851903,7040.395909795604,27597.0,8300.0,-15.458201978475921,0.0,154369.0,6373.0
2023,11,25248.0,422.0,20,19.0,1,3,6,111,17.5442037664792,78.55770391375447,1076.223774850676,4,2,11,0,0,0.10313840169104334,227.45945945945945,3.8018018018018016,0.18018018018018017,0.95,1262.4,21.1,1328.842105263158,23331.0,422.0,21404.333333333332,16150.0,12071.583333333334,7347.950008902712,7422.065669340308,27597.0,10245.0,8.216535939308217,0.0,177700.0,6795.0
2023,12,22821.0,432.0,20,19.0,1,3,6,111,17.5442037664792,78.55770391375447,1076.223774850676,4,2,12,0,0,0.10313840169104334,205.59459459459458,3.891891891891892,0.18018018018018017,0.95,1141.05,21.6,1201.1052631578948,25248.0,422.0,25392.0,18650.5,13667.916666666666,2136.6424595612707,7560.75223109447,27597.0,10457.0,-9.612642585551331,2.3696682464454977,202948.0,7217.0
2024,1,21453.0,540.0,22,20.0,1,3,6,111,17.5442037664792,78.55770391375447,1076.223774850676,1,3,1,0,0,0.10313840169104334,193.27027027027026,4.864864864864865,0.1981981981981982,0.9090909090909091,975.1363636363636,24.545454545454547,1072.65,22821.0,432.0,23800.0,20711.166666666668,15023.166666666666,1279.6690978530494,6490.091167823967,27597.0,11985.0,-5.994478769554358,25.0,225769.0,7649.0
2024,2,25341.0,539.0,20,20.0,1,3,6,111,17.5442037664792,78.55770391375447,1076.223774850676,1,3,2,0,0,0.10313840169104334,228.2972972972973,4.8558558558558556,0.18018018018018017,1.0,1267.05,26.95,1267.05,21453.0,540.0,23174.0,22289.166666666668,15961.416666666666,1921.968522114771,4900.413142446937,27597.0,13285.0,18.123339393091875,-0.18518518518518517,247222.0,8189.0
2024,3,23999.0,544.0,21,21.0,1,3,6,111,17.5442037664792,78.55770391375447,1076.223774850676,1,3,3,0,0,0.10313840169104334,216.2072072072072,4.900900900900901,0.1891891891891892,1.0,1142.8095238095239,25.904761904761905,1142.8095238095239,25341.0,539.0,23205.0,24298.5,17322.833333333332,1972.2393363889782,2194.738777166886,27597.0,21453.0,-5.2957657551004305,0.9276437847866419,272563.0,8728.0
2024,4,29341.0,544.0,21,21.0,1,3,6,111,17.5442037664792,78.55770391375447,1076.223774850676,2,3,4,0,0,0.10313840169104334,264.3333333333333,4.900900900900901,0.1891891891891892,1.0,1397.1904761904761,25.904761904761905,1397.1904761904761,23999.0,544.0,23597.666666666668,23698.833333333332,18671.833333333332,1974.8258994993382,1492.406702834942,25341.0,21453.0,22.25926080253344,0.0,296562.0,9272.0
2024,5,39367.0,564.0,21,21.0,1,3,6,111,17.5442037664792,78.55770391375447,1076.223774850676,2,3,5,0,0,0.10313840169104334,354.65765765765764,5.081081081081081,0.1891891891891892,1.0,1874.6190476190477,26.857142857142858,1874.6190476190477,29341.0,544.0,26227.0,24700.5,20425.25,2779.0264482368707,2713.489100770445,29341.0,21453.0,34.17061449848335,3.676470588235294,325903.0,9816.0
2024,6,45650.0,564.0,21,21.0,1,3,6,111,17.5442037664792,78.55770391375447,1076.223774850676,2,3,6,0,0,0.10313840169104334,411.26126126126127,5.081081081081081,0.1891891891891892,1.0,2173.809523809524,26.857142857142858,2173.809523809524,39367.0,564.0,30902.333333333332,27053.666666666668,22852.083333333332,7802.062376918899,6609.042613470325,39367.0,21453.0,15.960068077323646,0.0,365270.0,10380.0
2024,7,48382.0,726.0,24,21.0,1,3,7,111,17.5442037664792,78.55770391375447,1076.223774850676,3,3,7,0,0,0.10313840169104334,435.8738738738739,6.54054054054054,0.21621621621621623,0.875,2015.9166666666667,30.25,2303.904761904762,45650.0,564.0,38119.333333333336,30858.5,25784.833333333332,8225.774998948937,9585.87322574214,45650.0,21453.0,5.984665936473165,28.72340425531915,410920.0,10944.0
2024,8,55589.0,726.0,24,24.0,1,3,7,111,17.5442037664792,78.55770391375447,1076.223774850676,3,3,8,0,0,0.10313840169104334,500.8018018018018,6.54054054054054,0.21621621621621623,1.0,2316.2083333333335,30.25,2316.2083333333335,48382.0,726.0,44466.333333333336,35346.666666666664,28817.916666666668,4622.591949689411,10556.444565603833,48382.0,23999.0,14.89603571576206,0.0,459302.0,11670.0
2024,9,46926.0,726.0,24,24.0,1,3,7,111,17.5442037664792,78.55770391375447,1076.223774850676,3,3,9,0,0,0.10313840169104334,422.7567567567568,6.54054054054054,0.21621621621621623,1.0,1955.25,30.25,1955.25,55589.0,726.0,49873.666666666664,40388.0,32343.25,5134.659904349396,11952.749072912056,55589.0,23999.0,-15.584018420910612,0.0,514891.0,12396.0
2024,10,27653.0,726.0,24,24.0,1,3,7,111,17.5442037664792,78.55770391375447,1076.223774850676,4,3,10,0,0,0.10313840169104334,249.12612612612614,6.54054054054054,0.21621621621621623,1.0,1152.2083333333333,30.25,1152.2083333333333,46926.0,726.0,50299.0,44209.166666666664,33954.0,4638.756191049495,8954.097239066969,55589.0,29341.0,-41.071048033073346,0.0,561817.0,13122.0
2024,11,29117.0,726.0,24,24.0,1,3,7,111,17.5442037664792,78.55770391375447,1076.223774850676,4,3,11,0,0,0.10313840169104334,262.31531531531533,6.54054054054054,0.21621621621621623,1.0,1213.2083333333333,30.25,1213.2083333333333,27653.0,726.0,43389.333333333336,43927.833333333336,34314.166666666664,14299.861269723333,9523.115780387567,55589.0,27653.0,5.294181463132391,0.0,589470.0,13848.0
2024,12,32971.0,726.0,24,24.0,1,3,7,111,17.5442037664792,78.55770391375447,1076.223774850676,4,3,12,0,0,0.10313840169104334,297.036036036036,6.54054054054054,0.21621621621621623,1.0,1373.7916666666667,30.25,1373.7916666666667,29117.0,726.0,34565.333333333336,42219.5,34636.583333333336,10729.64977682559,11264.970816651059,55589.0,27653.0,13.236253734931484,0.0,618587.0,14574.0
2025,1,33232.0,1100.0,31,24.0,1,3,7,111,17.5442037664792,78.55770391375447,1076.223774850676,1,4,1,0,0,0.10313840169104334,299.3873873873874,9.90990990990991,0.27927927927927926,0.7741935483870968,1072.0,35.483870967741936,1384.6666666666667,32971.0,726.0,29913.666666666668,40106.333333333336,35482.416666666664,2747.051024887138,11674.514288254852,55589.0,27653.0,0.7916047435625246,51.515151515151516,651558.0,15300.0
2025,2,36178.0,1248.0,34,30.0,1,3,7,111,17.5442037664792,78.55770391375447,1076.223774850676,1,4,2,0,0,0.10313840169104334,325.92792792792795,11.243243243243244,0.3063063063063063,0.8823529411764706,1064.0588235294117,36.705882352941174,1205.9333333333334,33232.0,1100.0,31773.333333333332,37581.333333333336,36464.0,2304.150675050022,11153.362446664536,55589.0,27653.0,8.864949446316803,13.454545454545455,684790.0,16400.0
2025,3,43553.0,1583.0,40,33.0,1,3,7,111,17.5442037664792,78.55770391375447,1076.223774850676,1,4,3,0,0,0.10313840169104334,392.3693693693694,14.26126126126126,0.36036036036036034,0.825,1088.825,39.575,1319.7878787878788,36178.0,1248.0,34127.0,34346.166666666664,37367.083333333336,1781.0056148143221,6883.06523045269,46926.0,27653.0,20.385317043507104,26.84294871794872,720968.0,17648.0
2025,4,48359.0,2123.0,50,46.0,1,3,7,111,17.5442037664792,78.55770391375447,1076.223774850676,2,4,4,0,0,0.10313840169104334,435.6666666666667,19.126126126126128,0.45045045045045046,0.92,967.18,42.46,1051.2826086956522,43553.0,1583.0,37654.333333333336,33784.0,38996.583333333336,5316.524271865357,5683.314525873092,43553.0,27653.0,11.034831125295616,34.11244472520531,764521.0,19231.0
2025,5,59286.0,2123.0,50,48.0,1,3,7,111,17.5442037664792,78.55770391375447,1076.223774850676,2,4,5,0,0,0.10313840169104334,534.1081081081081,19.126126126126128,0.45045045045045046,0.96,1185.72,42.46,1235.125,48359.0,2123.0,42696.666666666664,37235.0,40581.416666666664,6135.484523110906,7278.535264735625,48359.0,29117.0,22.595587170950598,0.0,812880.0,21354.0
2025,6,56197.0,2123.0,50,46.0,1,3,7,111,17.5442037664792,78.55770391375447,1076.223774850676,2,4,6,0,0,0.10313840169104334,506.27927927927925,19.126126126126128,0.45045045045045046,0.92,1123.94,42.46,1221.6739130434783,59286.0,2123.0,50399.333333333336,42263.166666666664,42241.333333333336,8062.508439272076,10329.910888612098,59286.0,32971.0,-5.210336335728503,0.0,872166.0,23477.0
2025,7,49724.0,2230.0,52,46.0,1,3,7,111,17.5442037664792,78.55770391375447,1076.223774850676,3,4,7,0,0,0.10313840169104334,447.963963963964,20.09009009009009,0.46846846846846846,0.8846153846153846,956.2307692307693,42.88461538461539,1080.9565217391305,56197.0,2123.0,54614.0,46134.166666666664,43120.25,5632.872180335722,10501.759841410712,59286.0,33232.0,-11.5184084559674,5.040037682524729,928363.0,25600.0
2025,8,68484.0,2238.0,53,49.0,1,3,7,111,17.5442037664792,78.55770391375447,1076.223774850676,3,4,8,0,0,0.10313840169104334,616.972972972973,20.16216216216216,0.4774774774774775,0.9245283018867925,1292.1509433962265,42.22641509433962,1397.6326530612246,49724.0,2230.0,55069.0,48882.833333333336,43232.083333333336,4879.77960567894,8396.72301357302,59286.0,36178.0,37.72825999517336,0.35874439461883406,978087.0,27830.0
2025,10,84006.0,2238.0,53,49.0,1,3,7,111,17.5442037664792,78.55770391375447,1076.223774850676,4,4,10,0,0,0.10313840169104334,756.8108108108108,20.16216216216216,0.4774774774774775,0.9245283018867925,1585.0188679245282,42.22641509433962,1714.408163265306,68484.0,2238.0,58135.0,54267.166666666664,44306.666666666664,9528.970720912102,8959.592165197411,68484.0,43553.0,22.66514806378132,0.0,1046571.0,30068.0
2025,11,101413.0,2310.0,53,50.0,1,3,7,111,17.5442037664792,78.55770391375447,1076.223774850676,4,4,11,0,0,0.10313840169104334,913.6306306306307,20.81081081081081,0.4774774774774775,0.9433962264150944,1913.4528301886792,43.58490566037736,2028.26,84006.0,2238.0,67404.66666666667,61009.333333333336,47396.666666666664,17166.46735159373,13403.249093658851,84006.0,48359.0,20.721138966264313,3.2171581769436997,1130577.0,32306.0
2025,12,117304.0,2310.0,53,50.0,1,3,7,111,17.5442037664792,78.55770391375447,1076.223774850676,4,4,12,0,0,0.10313840169104334,1056.7927927927929,20.81081081081081,0.4774774774774775,0.9433962264150944,2213.2830188679245,43.58490566037736,2346.08,101413.0,2310.0,84634.33333333333,69851.66666666667,53543.333333333336,16473.489682921874,19501.48520156008,101413.0,49724.0,15.669588711506414,0.0,1231990.0,34616.0
2026,1,140334.0,2339.0,53,50.0,1,3,7,111,17.5442037664792,78.55770391375447,1076.223774850676,1,5,1,0,0,0.10313840169104334,1264.2702702702702,21.07207207207207,0.4774774774774775,0.9433962264150944,2647.811320754717,44.132075471698116,2806.68,117304.0,2310.0,100907.66666666667,79521.33333333333,60892.25,16654.7507436567,26384.144978882046,117304.0,49724.0,19.632749096365,1.2554112554112553,1349294.0,36926.0
2026,2,135733.0,2339.0,53,50.0,1,3,7,111,17.5442037664792,78.55770391375447,1076.223774850676,1,5,2,0,0,0.10313840169104334,1222.8198198198197,21.07207207207207,0.4774774774774775,0.9433962264150944,2561.0,44.132075471698116,2714.66,140334.0,2339.0,119683.66666666667,93544.16666666667,69839.16666666667,19569.317063539373,33030.08418043567,140334.0,49724.0,-3.2786067524619837,0.0,1489628.0,39265.0
2026,3,162166.0,2339.0,53,50.0,1,3,7,111,17.5442037664792,78.55770391375447,1076.223774850676,1,5,3,0,0,0.10313840169104334,1460.954954954955,21.07207207207207,0.4774774774774775,0.9433962264150944,3059.735849056604,44.132075471698116,3243.32,135733.0,2339.0,131123.66666666666,107879.0,78380.91666666667,12187.275755201948,28571.658250791104,140334.0,68484.0,19.474261970191478,0.0,1625361.0,41604.0
2026,4,203498.0,2484.0,55,50.0,1,3,7,111,17.5442037664792,78.55770391375447,1076.223774850676,2,5,4,0,0,0.10313840169104334,1833.3153153153153,22.37837837837838,0.4954954954954955,0.9090909090909091,3699.9636363636364,45.163636363636364,4069.96,162166.0,2339.0,146077.66666666666,123492.66666666667,88879.91666666667,14121.549218599688,28334.047008266672,162166.0,84006.0,25.4874634633647,6.199230440359128,1787527.0,43943.0
2026,5,220909.0,2441.0,54,51.0,1,3,7,111,17.5442037664792,78.55770391375447,1076.223774850676,2,5,5,0,0,0.10313840169104334,1990.1711711711712,21.99099099099099,0.4864864864864865,0.9444444444444444,4090.9074074074074,45.2037037037037,4331.549019607844,203498.0,2484.0,167132.33333333334,143408.0,102208.66666666667,34154.38707301499,35988.955544722296,203498.0,101413.0,8.555858042830888,-1.7310789049919484,1991025.0,46427.0
2026,6,210852.0,2574.0,56,51.0,1,3,7,111,17.5442037664792,78.55770391375447,1076.223774850676,2,5,6,0,1,0.10313840169104334,1899.5675675675675,23.18918918918919,0.5045045045045045,0.9107142857142857,3765.214285714286,45.964285714285715,4134.35294117647,220909.0,2441.0,195524.33333333334,163324.0,116587.83333333333,30172.33057510362,40838.62692598756,220909.0,117304.0,-4.552553313807948,5.448586644817698,2211934.0,48868.0
2026,4,366.0,390.0,4,4.0,1,2,3,1,18.29151088879202,80.33735425361866,4286.974265866365,2,5,4,1,0,0.00023326475457577945,366.0,390.0,4.0,1.0,91.5,97.5,91.5,,,,,,,,,,,,,
2026,5,310.0,390.0,4,4.0,1,2,3,1,18.29151088879202,80.33735425361866,4286.974265866365,2,5,5,0,0,0.00023326475457577945,310.0,390.0,4.0,1.0,77.5,97.5,77.5,366.0,390.0,366.0,366.0,366.0,,,,,-15.300546448087431,0.0,366.0,390.0
2026,6,385.0,390.0,4,4.0,1,2,3,1,18.29151088879202,80.33735425361866,4286.974265866365,2,5,6,0,1,0.00023326475457577945,385.0,390.0,4.0,1.0,96.25,97.5,96.25,310.0,390.0,338.0,338.0,338.0,,,,,24.193548387096776,0.0,676.0,780.0
2023,9,0.0,54.0,1,0.0,1,1,1,4,16.382248026848238,78.59597920921627,6204.699538959476,3,2,9,1,0,0.0006446726348123535,0.0,13.5,0.25,0.0,0.0,54.0,,,,,,,,,,,,,,
2023,10,2415.0,54.0,1,1.0,1,1,1,4,16.382248026848238,78.59597920921627,6204.699538959476,4,2,10,0,0,0.0006446726348123535,603.75,13.5,0.25,1.0,2415.0,54.0,2415.0,0.0,54.0,0.0,0.0,0.0,,,,,,0.0,0.0,54.0
2023,11,2476.0,54.0,1,1.0,1,1,1,4,16.382248026848238,78.59597920921627,6204.699538959476,4,2,11,0,0,0.0006446726348123535,619.0,13.5,0.25,1.0,2476.0,54.0,2476.0,2415.0,54.0,1207.5,1207.5,1207.5,,,,,2.525879917184265,0.0,2415.0,108.0
2023,12,1868.0,54.0,1,1.0,1,1,1,4,16.382248026848238,78.59597920921627,6204.699538959476,4,2,12,0,0,0.0006446726348123535,467.0,13.5,0.25,1.0,1868.0,54.0,1868.0,2476.0,54.0,1630.3333333333333,1630.3333333333333,1630.3333333333333,1412.2394744990431,,,,-24.55573505654281,0.0,4891.0,162.0
2024,1,2772.0,54.0,1,1.0,1,1,1,4,16.382248026848238,78.59597920921627,6204.699538959476,1,3,1,0,0,0.0006446726348123535,693.0,13.5,0.25,1.0,2772.0,54.0,2772.0,1868.0,54.0,2253.0,1689.75,1689.75,334.8118874831063,,,,48.394004282655246,0.0,6759.0,216.0
2024,2,3969.0,54.0,1,1.0,1,1,1,4,16.382248026848238,78.59597920921627,6204.699538959476,1,3,2,0,0,0.0006446726348123535,992.25,13.5,0.25,1.0,3969.0,54.0,3969.0,2772.0,54.0,2372.0,1906.2,1906.2,460.8861030666907,,,,43.18181818181818,0.0,9531.0,270.0
2024,3,3476.0,54.0,1,1.0,1,1,1,4,16.382248026848238,78.59597920921627,6204.699538959476,1,3,3,0,0,0.0006446726348123535,869.0,13.5,0.25,1.0,3476.0,54.0,3476.0,3969.0,54.0,2869.6666666666665,2250.0,2250.0,1053.8995840844295,1304.9268178714085,3969.0,0.0,-12.421264802217182,0.0,13500.0,324.0
2024,4,3813.0,54.0,1,1.0,1,1,1,4,16.382248026848238,78.59597920921627,6204.699538959476,2,3,4,0,0,0.0006446726348123535,953.25,13.5,0.25,1.0,3813.0,54.0,3813.0,3476.0,54.0,3405.6666666666665,2829.3333333333335,2425.1428571428573,601.59150038322,766.9398064168182,3969.0,1868.0,9.695051783659379,0.0,16976.0,378.0
2024,5,4400.0,54.0,1,1.0,1,1,1,4,16.382248026848238,78.59597920921627,6204.699538959476,2,3,5,0,0,0.0006446726348123535,1100.0,13.5,0.25,1.0,4400.0,54.0,4400.0,3813.0,54.0,3752.6666666666665,3062.3333333333335,2598.625,251.97685078858706,825.9754637195142,3969.0,1868.0,15.394702334120115,0.0,20789.0,432.0
2024,6,4147.0,54.0,1,1.0,1,1,1,4,16.382248026848238,78.59597920921627,6204.699538959476,2,3,6,0,0,0.0006446726348123535,1036.75,13.5,0.25,1.0,4147.0,54.0,4147.0,4400.0,54.0,3896.3333333333335,3383.0,2798.777777777778,467.60275163148236,920.8452638744467,4400.0,1868.0,-5.75,0.0,25189.0,486.0
2024,7,3197.0,54.0,1,1.0,1,1,1,4,16.382248026848238,78.59597920921627,6204.699538959476,3,3,7,0,0,0.0006446726348123535,799.25,13.5,0.25,1.0,3197.0,54.0,3197.0,4147.0,54.0,4120.0,3762.8333333333335,2933.6,294.42995771490445,576.6473503508585,4400.0,2772.0,-22.908126356402217,0.0,29336.0,540.0
2024,8,4367.0,54.0,1,1.0,1,1,1,4,16.382248026848238,78.59597920921627,6204.699538959476,3,3,8,0,0,0.0006446726348123535,1091.75,13.5,0.25,1.0,4367.0,54.0,4367.0,3197.0,54.0,3914.6666666666665,3833.6666666666665,2957.5454545454545,634.2604617452783,440.6638930825461,4400.0,3197.0,36.59680950891461,0.0,32533.0,594.0
2024,9,3080.0,54.0,1,1.0,1,1,1,4,16.382248026848238,78.59597920921627,6204.699538959476,3,3,9,0,0,0.0006446726348123535,770.0,13.5,0.25,1.0,3080.0,54.0,3080.0,4367.0,54.0,3903.6666666666665,3900.0,3075.0,621.7984668148786,492.06747504788285,4400.0,3197.0,-29.47103274559194,0.0,36900.0,648.0
2024,10,2603.0,108.0,2,1.0,1,1,2,4,16.382248026848238,78.59597920921627,6204.699538959476,4,3,10,0,0,0.0006446726348123535,650.75,27.0,0.5,0.5,1301.5,54.0,2603.0,3080.0,54.0,3548.0,3834.0,3331.6666666666665,711.6832160448919,579.1614628063568,4400.0,3080.0,-15.487012987012987,100.0,39980.0,702.0
2024,11,16.0,108.0,2,2.0,1,1,2,4,16.382248026848238,78.59597920921627,6204.699538959476,4,3,11,0,0,0.0006446726348123535,4.0,27.0,0.5,1.0,8.0,54.0,8.0,2603.0,108.0,3350.0,3632.3333333333335,3347.3333333333335,912.4686295977524,767.8597962301882,4400.0,2603.0,-99.38532462543219,0.0,42583.0,810.0
2024,12,8159.0,162.0,3,2.0,1,1,2,4,16.382248026848238,78.59597920921627,6204.699538959476,4,3,12,0,0,0.0006446726348123535,2039.75,40.5,0.75,0.6666666666666666,2719.6666666666665,54.0,4079.5,16.0,108.0,1899.6666666666667,2901.6666666666665,3142.3333333333335,1648.645605742281,1564.1838340382717,4367.0,16.0,50893.75,50.0,42599.0,918.0
2025,1,4634.0,162.0,3,3.0,1,1,2,4,16.382248026848238,78.59597920921627,6204.699538959476,1,4,1,0,0,0.0006446726348123535,1158.5,40.5,0.75,1.0,1544.6666666666667,54.0,1544.6666666666667,8159.0,162.0,3592.6666666666665,3570.3333333333335,3666.5833333333335,4160.732187167703,2669.8076085491007,8159.0,16.0,-43.20382399803898,0.0,50758.0,1080.0
2025,2,4372.0,162.0,3,3.0,1,1,2,4,16.382248026848238,78.59597920921627,6204.699538959476,1,4,2,0,0,0.0006446726348123535,1093.0,40.5,0.75,1.0,1457.3333333333333,54.0,1457.3333333333333,4634.0,162.0,4269.666666666667,3809.8333333333335,3821.75,4083.7074250407973,2693.9640247536095,8159.0,16.0,-5.653862753560639,0.0,55392.0,1242.0
2025,3,3670.0,270.0,5,3.0,1,1,3,4,16.382248026848238,78.59597920921627,6204.699538959476,1,4,3,0,0,0.0006446726348123535,917.5,67.5,1.25,0.6,734.0,54.0,1223.3333333333333,4372.0,162.0,5721.666666666667,3810.6666666666665,3855.3333333333335,2114.853738047466,2694.1716104707707,8159.0,16.0,-16.05672461116194,66.66666666666667,59764.0,1404.0
2025,4,5540.0,270.0,5,5.0,1,1,3,4,16.382248026848238,78.59597920921627,6204.699538959476,2,4,4,0,0,0.0006446726348123535,1385.0,67.5,1.25,1.0,1108.0,54.0,1108.0,3670.0,270.0,4225.333333333333,3909.0,3871.5,498.4549461419123,2672.852408944422,8159.0,16.0,50.95367847411444,0.0,63434.0,1674.0
2025,5,6917.0,270.0,5,5.0,1,1,3,4,16.382248026848238,78.59597920921627,6204.699538959476,2,4,5,0,0,0.0006446726348123535,1729.25,67.5,1.25,1.0,1383.4,54.0,1383.4,5540.0,270.0,4527.333333333333,4398.5,4015.4166666666665,944.6276162241589,2654.7151824630832,8159.0,16.0,24.855595667870038,0.0,68974.0,1944.0
2025,6,5121.0,270.0,5,5.0,1,1,3,4,16.382248026848238,78.59597920921627,6204.699538959476,2,4,6,0,0,0.0006446726348123535,1280.25,67.5,1.25,1.0,1024.2,54.0,1024.2,6917.0,270.0,5375.666666666667,5548.666666666667,4225.166666666667,1629.7258460653243,1699.2233127716515,8159.0,3670.0,-25.965013734277868,0.0,75891.0,2214.0
2025,7,4088.0,324.0,6,5.0,1,1,3,4,16.382248026848238,78.59597920921627,6204.699538959476,3,4,7,0,0,0.0006446726348123535,1022.0,81.0,1.5,0.8333333333333334,681.3333333333334,54.0,817.6,5121.0,270.0,5859.333333333333,5042.333333333333,4306.333333333333,939.6192491287821,1119.6086220937507,6917.0,3670.0,-20.171841437219292,20.0,81012.0,2484.0
2025,8,4911.0,324.0,6,6.0,1,1,3,4,16.382248026848238,78.59597920921627,6204.699538959476,3,4,8,0,0,0.0006446726348123535,1227.75,81.0,1.5,1.0,818.5,54.0,818.5,4088.0,324.0,5375.333333333333,4951.333333333333,4380.583333333333,1431.5461338473644,1179.995536714723,6917.0,3670.0,20.132093933463796,0.0,85100.0,2808.0
2025,10,8490.0,384.0,7,6.0,1,1,3,4,16.382248026848238,78.59597920921627,6204.699538959476,4,4,10,0,0,0.0006446726348123535,2122.5,96.0,1.75,0.8571428571428571,1212.857142857143,54.857142857142854,1415.0,4911.0,324.0,4706.666666666667,5041.166666666667,4425.916666666667,545.9728320469214,1147.1291848203787,6917.0,3670.0,72.87721441661576,18.51851851851852,90011.0,3132.0
2025,11,10693.0,384.0,7,7.0,1,1,3,4,16.382248026848238,78.59597920921627,6204.699538959476,4,4,11,0,0,0.0006446726348123535,2673.25,96.0,1.75,1.0,1527.5714285714287,54.857142857142854,1527.5714285714287,8490.0,384.0,5829.666666666667,5844.5,4876.75,2340.376536656727,1595.1058585561022,8490.0,4088.0,25.948174322732626,0.0,98501.0,3516.0
2025,12,14986.0,384.0,7,7.0,1,1,3,4,16.382248026848238,78.59597920921627,6204.699538959476,4,4,12,0,0,0.0006446726348123535,3746.5,96.0,1.75,1.0,2140.8571428571427,54.857142857142854,2140.8571428571427,10693.0,384.0,8031.333333333333,6703.333333333333,5550.916666666667,2918.160779212368,2518.391444288728,10693.0,4088.0,40.14776021696437,0.0,109194.0,3900.0
2026,1,15285.0,512.0,9,7.0,1,1,3,4,16.382248026848238,78.59597920921627,6204.699538959476,1,5,1,0,0,0.0006446726348123535,3821.25,128.0,2.25,0.7777777777777778,1698.3333333333333,56.888888888888886,2183.5714285714284,14986.0,384.0,11389.666666666666,8048.166666666667,6798.416666666667,3303.5605539074563,4228.875283886564,14986.0,4088.0,1.9951955158147605,33.333333333333336,124180.0,4284.0
2026,2,16527.0,752.0,13,10.0,1,1,4,4,16.382248026848238,78.59597920921627,6204.699538959476,1,5,2,0,0,0.0006446726348123535,4131.75,188.0,3.25,0.7692307692307693,1271.3076923076924,57.84615384615385,1652.7,15285.0,512.0,13654.666666666666,9742.166666666666,7392.25,2569.231856671044,4816.6911221985865,15285.0,4088.0,8.125613346418056,46.875,139465.0,4796.0
2026,3,11307.0,752.0,13,13.0,1,1,4,4,16.382248026848238,78.59597920921627,6204.699538959476,1,5,3,0,0,0.0006446726348123535,2826.75,188.0,3.25,1.0,869.7692307692307,57.84615384615385,869.7692307692307,16527.0,752.0,15599.333333333334,11815.333333333334,8383.333333333334,817.1746039454127,4566.810907697698,16527.0,4911.0,-31.58467961517517,0.0,155992.0,5548.0
2026,4,15508.0,872.0,14,13.0,1,1,4,4,16.382248026848238,78.59597920921627,6204.699538959476,2,5,4,0,0,0.0006446726348123535,3877.0,218.0,3.5,0.9285714285714286,1107.7142857142858,62.285714285714285,1192.923076923077,11307.0,752.0,14373.0,12881.333333333334,8961.25,2726.8861362367165,3163.8349303758996,16527.0,8490.0,37.153975413460685,15.957446808510639,167299.0,6300.0
2026,5,18761.0,872.0,14,14.0,1,1,4,4,16.382248026848238,78.59597920921627,6204.699538959476,2,5,5,0,0,0.0006446726348123535,4690.25,218.0,3.5,1.0,1340.0714285714287,62.285714285714285,1340.0714285714287,15508.0,872.0,14447.333333333334,14051.0,9947.75,2766.9225383688176,2427.1838002096188,16527.0,10693.0,20.976270312096982,0.0,182807.0,7172.0
2026,6,22781.0,872.0,14,14.0,1,1,4,4,16.382248026848238,78.59597920921627,6204.699538959476,2,5,6,0,1,0.0006446726348123535,5695.25,218.0,3.5,1.0,1627.2142857142858,62.285714285714285,1627.2142857142858,18761.0,872.0,15192.0,15395.666666666666,11049.5,3737.0337167331004,2429.6201897964775,18761.0,11307.0,21.427429241511646,0.0,201568.0,8044.0
2021,10,0.0,36.0,2,0.0,1,1,2,19,16.876389205766454,79.19288090910462,7203.9987651799975,4,0,10,1,0,0.002637424105600228,0.0,1.894736842105263,0.10526315789473684,0.0,0.0,18.0,,,,,,,,,,,,,,
2021,11,47.0,36.0,2,2.0,1,1,2,19,16.876389205766454,79.19288090910462,7203.9987651799975,4,0,11,0,0,0.002637424105600228,2.473684210526316,1.894736842105263,0.10526315789473684,1.0,23.5,18.0,23.5,0.0,36.0,0.0,0.0,0.0,,,,,,0.0,0.0,36.0
2021,12,137.0,36.0,2,2.0,1,1,2,19,16.876389205766454,79.19288090910462,7203.9987651799975,4,0,12,0,0,0.002637424105600228,7.2105263157894735,1.894736842105263,0.10526315789473684,1.0,68.5,18.0,68.5,47.0,36.0,23.5,23.5,23.5,,,,,191.48936170212767,0.0,47.0,72.0
2022,1,13.0,36.0,2,2.0,1,1,2,19,16.876389205766454,79.19288090910462,7203.9987651799975,1,1,1,0,0,0.002637424105600228,0.6842105263157895,1.894736842105263,0.10526315789473684,1.0,6.5,18.0,6.5,137.0,36.0,61.333333333333336,61.333333333333336,61.333333333333336,69.61561127601577,,,,-90.51094890510949,0.0,184.0,108.0
2022,2,141.0,36.0,2,2.0,1,1,2,19,16.876389205766454,79.19288090910462,7203.9987651799975,1,1,2,0,0,0.002637424105600228,7.421052631578948,1.894736842105263,0.10526315789473684,1.0,70.5,18.0,70.5,13.0,36.0,65.66666666666667,49.25,49.25,64.07287517610969,,,,984.6153846153846,0.0,197.0,144.0
2022,3,53.0,36.0,2,2.0,1,1,2,19,16.876389205766454,79.19288090910462,7203.9987651799975,1,1,3,0,0,0.002637424105600228,2.789473684210526,1.894736842105263,0.10526315789473684,1.0,26.5,18.0,26.5,141.0,36.0,97.0,67.6,67.6,72.77362159464101,,,,-62.4113475177305,0.0,338.0,180.0
2022,4,63.0,36.0,2,2.0,1,1,2,19,16.876389205766454,79.19288090910462,7203.9987651799975,2,1,4,0,0,0.002637424105600228,3.3157894736842106,1.894736842105263,0.10526315789473684,1.0,31.5,18.0,31.5,53.0,36.0,69.0,65.16666666666667,65.16666666666667,65.4828221749796,60.59180362612312,141.0,0.0,18.867924528301888,0.0,391.0,216.0
2022,6,849.0,61.0,3,3.0,1,1,2,19,16.876389205766454,79.19288090910462,7203.9987651799975,2,1,6,0,0,0.002637424105600228,44.68421052631579,3.210526315789474,0.15789473684210525,1.0,283.0,20.333333333333332,283.0,63.0,36.0,85.66666666666667,75.66666666666667,64.85714285714286,48.18021724041241,51.87163643713842,141.0,13.0,1247.6190476190477,69.44444444444444,454.0,252.0
2022,7,458.0,61.0,3,3.0,1,1,2,19,16.876389205766454,79.19288090910462,7203.9987651799975,3,1,7,0,0,0.002637424105600228,24.105263157894736,3.210526315789474,0.15789473684210525,1.0,152.66666666666666,20.333333333333332,152.66666666666666,849.0,61.0,321.6666666666667,209.33333333333334,162.875,456.7114333288946,317.324859830847,849.0,13.0,-46.054181389870436,0.0,1303.0,313.0
2022,8,739.0,61.0,3,3.0,1,1,2,19,16.876389205766454,79.19288090910462,7203.9987651799975,3,1,8,0,0,0.002637424105600228,38.89473684210526,3.210526315789474,0.15789473684210525,1.0,246.33333333333334,20.333333333333332,246.33333333333334,458.0,61.0,456.6666666666667,262.8333333333333,195.66666666666666,393.0016963491803,329.5162616118766,849.0,13.0,61.353711790393014,0.0,1761.0,374.0
2022,9,660.0,61.0,3,3.0,1,1,2,19,16.876389205766454,79.19288090910462,7203.9987651799975,3,1,9,0,0,0.002637424105600228,34.73684210526316,3.210526315789474,0.15789473684210525,1.0,220.0,20.333333333333332,220.0,739.0,61.0,682.0,383.8333333333333,250.0,201.6358103115614,351.95932530147104,849.0,53.0,-10.690121786197563,0.0,2500.0,435.0
2022,10,648.0,61.0,3,3.0,1,1,2,19,16.876389205766454,79.19288090910462,7203.9987651799975,4,1,10,0,0,0.002637424105600228,34.10526315789474,3.210526315789474,0.15789473684210525,1.0,216.0,20.333333333333332,216.0,660.0,61.0,619.0,470.3333333333333,287.27272727272725,144.91721774861665,344.03003744828254,849.0,53.0,-1.8181818181818181,0.0,3160.0,496.0
2022,11,1244.0,61.0,3,3.0,1,1,2,19,16.876389205766454,79.19288090910462,7203.9987651799975,4,1,11,0,0,0.002637424105600228,65.47368421052632,3.210526315789474,0.15789473684210525,1.0,414.6666666666667,20.333333333333332,414.6666666666667,648.0,61.0,682.3333333333334,569.5,317.3333333333333,49.44019956809747,279.3483488406546,849.0,63.0,91.9753086419753,0.0,3808.0,557.0
2022,12,873.0,61.0,3,3.0,1,1,2,19,16.876389205766454,79.19288090910462,7203.9987651799975,4,1,12,0,0,0.002637424105600228,45.94736842105263,3.210526315789474,0.15789473684210525,1.0,291.0,20.333333333333332,291.0,1244.0,61.0,850.6666666666666,766.3333333333334,421.0,340.6894969518921,266.88024780164363,1244.0,458.0,-29.823151125401928,0.0,5052.0,618.0
2023,1,1393.0,116.0,5,3.0,1,1,3,19,16.876389205766454,79.19288090910462,7203.9987651799975,1,2,1,0,0,0.002637424105600228,73.3157894736842,6.105263157894737,0.2631578947368421,0.6,278.6,23.2,464.3333333333333,873.0,61.0,921.6666666666666,770.3333333333334,489.8333333333333,300.96566803097875,268.5417410136955,1244.0,458.0,59.56471935853379,90.1639344262295,5925.0,679.0
2023,2,2027.0,116.0,5,5.0,1,1,3,19,16.876389205766454,79.19288090910462,7203.9987651799975,1,2,2,0,0,0.002637424105600228,106.6842105263158,6.105263157894737,0.2631578947368421,1.0,405.4,23.2,405.4,1393.0,116.0,1170.0,926.1666666666666,594.5,267.78162745042835,317.8146734602837,1393.0,648.0,45.513280689160084,0.0,7318.0,795.0
2023,3,695.0,116.0,5,5.0,1,1,3,19,16.876389205766454,79.19288090910462,7203.9987651799975,1,2,3,0,0,0.002637424105600228,36.578947368421055,6.105263157894737,0.2631578947368421,1.0,139.0,23.2,139.0,2027.0,116.0,1431.0,1140.8333333333333,762.3333333333334,577.9377129068495,530.1590013068408,2027.0,648.0,-65.71287617168228,0.0,9345.0,911.0
2023,4,1229.0,166.0,7,5.0,1,1,3,19,16.876389205766454,79.19288090910462,7203.9987651799975,2,2,4,0,0,0.002637424105600228,64.6842105263158,8.736842105263158,0.3684210526315789,0.7142857142857143,175.57142857142858,23.714285714285715,245.8,695.0,116.0,1371.6666666666667,1146.6666666666667,808.5,666.2562069754648,523.9666656063788,2027.0,648.0,76.83453237410072,43.10344827586207,10040.0,1027.0
2023,5,2016.0,166.0,7,7.0,1,1,3,19,16.876389205766454,79.19288090910462,7203.9987651799975,2,2,5,0,0,0.002637424105600228,106.10526315789474,8.736842105263158,0.3684210526315789,1.0,288.0,23.714285714285715,288.0,1229.0,166.0,1317.0,1243.5,906.5,670.3461792238396,463.5850515277646,2027.0,695.0,64.03580146460537,0.0,11269.0,1193.0
2023,6,2154.0,166.0,7,7.0,1,1,3,19,16.876389205766454,79.19288090910462,7203.9987651799975,2,2,6,0,0,0.002637424105600228,113.36842105263158,8.736842105263158,0.3684210526315789,1.0,307.7142857142857,23.714285714285715,307.7142857142857,2016.0,166.0,1313.3333333333333,1372.1666666666667,1069.25,664.5256453541379,560.7104124828313,2027.0,695.0,6.845238095238095,0.0,13285.0,1359.0
2023,7,2252.0,166.0,7,7.0,1,1,3,19,16.876389205766454,79.19288090910462,7203.9987651799975,3,2,7,0,0,0.002637424105600228,118.52631578947368,8.736842105263158,0.3684210526315789,1.0,321.7142857142857,23.714285714285715,321.7142857142857,2154.0,166.0,1799.6666666666667,1585.6666666666667,1178.0,499.0053439927607,576.2956417210413,2154.0,695.0,4.549675023212628,0.0,15439.0,1525.0
2023,8,837.0,171.0,7,6.0,1,1,3,19,16.876389205766454,79.19288090910462,7203.9987651799975,3,2,8,0,0,0.002637424105600228,44.05263157894737,9.0,0.3684210526315789,0.8571428571428571,119.57142857142857,24.428571428571427,139.5,2252.0,166.0,2140.6666666666665,1728.8333333333333,1327.5,118.56362567555618,623.6157203492121,2252.0,695.0,-62.83303730017762,3.0120481927710845,17691.0,1691.0
2023,9,2418.0,196.0,8,8.0,1,2,4,19,16.876389205766454,79.19288090910462,7203.9987651799975,3,2,9,0,0,0.002637424105600228,127.26315789473684,10.31578947368421,0.42105263157894735,1.0,302.25,24.5,302.25,837.0,171.0,1747.6666666666667,1530.5,1335.6666666666667,790.1812028473807,694.9718699343163,2252.0,695.0,188.88888888888889,14.619883040935672,18528.0,1862.0
2023,10,2361.0,196.0,8,8.0,1,2,4,19,16.876389205766454,79.19288090910462,7203.9987651799975,4,2,10,0,0,0.002637424105600228,124.26315789473684,10.31578947368421,0.42105263157894735,1.0,295.125,24.5,295.125,2418.0,196.0,1835.6666666666667,1817.6666666666667,1482.1666666666667,868.8442514820096,633.9932702061329,2418.0,837.0,-2.357320099255583,0.0,20946.0,2058.0
2023,11,2213.0,226.0,9,8.0,1,3,5,19,16.876389205766454,79.19288090910462,7203.9987651799975,4,2,11,0,0,0.002637424105600228,116.47368421052632,11.894736842105264,0.47368421052631576,0.8888888888888888,245.88888888888889,25.11111111111111,276.625,2361.0,196.0,1872.0,2006.3333333333333,1624.9166666666667,896.7892729064059,590.7367151842406,2418.0,837.0,-6.26853028377806,15.306122448979592,23307.0,2254.0
2023,12,3140.0,226.0,9,9.0,1,3,5,19,16.876389205766454,79.19288090910462,7203.9987651799975,4,2,12,0,0,0.002637424105600228,165.26315789473685,11.894736842105264,0.47368421052631576,1.0,348.8888888888889,25.11111111111111,348.8888888888889,2213.0,226.0,2330.6666666666665,2039.1666666666667,1705.6666666666667,105.81272765283745,596.8247369761633,2418.0,837.0,41.888838680524174,0.0,25520.0,2480.0
2024,1,3223.0,279.0,10,10.0,1,3,5,19,16.876389205766454,79.19288090910462,7203.9987651799975,1,3,1,0,0,0.002637424105600228,169.6315789473684,14.68421052631579,0.5263157894736842,1.0,322.3,27.9,322.3,3140.0,226.0,2571.3333333333335,2203.5,1894.5833333333333,498.0083667302523,750.681490380574,3140.0,837.0,2.643312101910828,23.451327433628318,28660.0,2706.0
2024,2,4866.0,279.0,10,10.0,1,3,5,19,16.876389205766454,79.19288090910462,7203.9987651799975,1,3,2,0,0,0.002637424105600228,256.10526315789474,14.68421052631579,0.5263157894736842,1.0,486.6,27.9,486.6,3223.0,279.0,2858.6666666666665,2365.3333333333335,2047.0833333333333,560.7016437762007,859.9420135489755,3223.0,837.0,50.97735029475644,0.0,31883.0,2985.0
2024,3,3723.0,333.0,11,10.0,1,3,5,19,16.876389205766454,79.19288090910462,7203.9987651799975,1,3,3,0,0,0.002637424105600228,195.94736842105263,17.526315789473685,0.5789473684210527,0.9090909090909091,338.45454545454544,30.272727272727273,372.3,4866.0,279.0,3743.0,3036.8333333333335,2283.6666666666665,973.4315589706347,990.9146111884043,4866.0,2213.0,-23.48951911220715,19.35483870967742,36749.0,3264.0
2024,4,10648.0,333.0,11,11.0,1,3,5,19,16.876389205766454,79.19288090910462,7203.9987651799975,2,3,4,0,0,0.002637424105600228,560.421052631579,17.526315789473685,0.5789473684210527,1.0,968.0,30.272727272727273,968.0,3723.0,333.0,3937.3333333333335,3254.3333333333335,2536.0,842.2091980816487,970.9367984923973,4866.0,2213.0,186.00590921300028,0.0,40472.0,3597.0
2024,5,7164.0,333.0,11,11.0,1,3,5,19,16.876389205766454,79.19288090910462,7203.9987651799975,2,3,5,0,0,0.002637424105600228,377.05263157894734,17.526315789473685,0.5789473684210527,1.0,651.2727272727273,30.272727272727273,651.2727272727273,10648.0,333.0,6412.333333333333,4635.5,3320.9166666666665,3712.4474855994035,3070.3786574297314,10648.0,2213.0,-32.71975957926371,0.0,51120.0,3930.0
2024,6,8779.0,493.0,14,11.0,1,3,5,19,16.876389205766454,79.19288090910462,7203.9987651799975,2,3,6,0,0,0.002637424105600228,462.05263157894734,25.94736842105263,0.7368421052631579,0.7857142857142857,627.0714285714286,35.214285714285715,798.0909090909091,7164.0,333.0,7178.333333333333,5460.666666666667,3749.9166666666665,3462.5222502293514,2952.1358821481554,10648.0,3140.0,22.54327191513121,48.048048048048045,58284.0,4263.0
2024,7,9005.0,493.0,14,14.0,1,3,5,19,16.876389205766454,79.19288090910462,7203.9987651799975,3,3,7,0,0,0.002637424105600228,473.94736842105266,25.94736842105263,0.7368421052631579,1.0,643.2142857142857,35.214285714285715,643.2142857142857,8779.0,493.0,8863.666666666666,6400.5,4302.0,1743.5424667421582,2963.1622804024755,10648.0,3223.0,2.574325093974257,0.0,67063.0,4756.0
2024,8,9414.0,493.0,14,14.0,1,3,5,19,16.876389205766454,79.19288090910462,7203.9987651799975,3,3,8,0,0,0.002637424105600228,495.4736842105263,25.94736842105263,0.7368421052631579,1.0,672.4285714285714,35.214285714285715,672.4285714285714,9005.0,493.0,8316.0,7364.166666666667,4864.75,1004.0403378350867,2646.380427426614,10648.0,3723.0,4.541921154913937,0.0,76068.0,5249.0
2024,9,13490.0,493.0,14,14.0,1,3,5,19,16.876389205766454,79.19288090910462,7203.9987651799975,3,3,9,0,0,0.002637424105600228,710.0,25.94736842105263,0.7368421052631579,1.0,963.5714285714286,35.214285714285715,963.5714285714286,9414.0,493.0,9066.0,8122.166666666667,5579.5,321.864878481631,2430.2363190987553,10648.0,3723.0,43.29721691098364,0.0,85482.0,5742.0
2024,10,10609.0,493.0,14,14.0,1,3,5,19,16.876389205766454,79.19288090910462,7203.9987651799975,4,3,10,0,0,0.002637424105600228,558.3684210526316,25.94736842105263,0.7368421052631579,1.0,757.7857142857143,35.214285714285715,757.7857142857143,13490.0,493.0,10636.333333333334,9750.0,6502.166666666667,2479.794413521679,2149.0538383204826,13490.0,7164.0,-21.356560415122313,0.0,98972.0,6235.0
2024,11,12407.0,493.0,14,14.0,1,3,5,19,16.876389205766454,79.19288090910462,7203.9987651799975,4,3,11,0,0,0.002637424105600228,653.0,25.94736842105263,0.7368421052631579,1.0,886.2142857142857,35.214285714285715,886.2142857142857,10609.0,493.0,11171.0,9743.5,7189.5,2095.3107168150486,2145.851136495726,13490.0,7164.0,16.947874446224905,0.0,109581.0,6728.0
2024,12,12997.0,601.0,16,14.0,1,3,5,19,16.876389205766454,79.19288090910462,7203.9987651799975,4,3,12,0,0,0.002637424105600228,684.0526315789474,31.63157894736842,0.8421052631578947,0.875,812.3125,37.5625,928.3571428571429,12407.0,493.0,12168.666666666666,10617.333333333334,8039.0,1455.2121265758224,1943.3110576196152,13490.0,8779.0,4.755380027403885,21.906693711967545,121988.0,7221.0
2025,1,18073.0,601.0,16,16.0,1,3,5,19,16.876389205766454,79.19288090910462,7203.9987651799975,1,4,1,0,0,0.002637424105600228,951.2105263157895,31.63157894736842,0.8421052631578947,1.0,1129.5625,37.5625,1129.5625,12997.0,601.0,12004.333333333334,11320.333333333334,8860.416666666666,1243.8815592062317,1907.8982851993628,13490.0,9005.0,39.05516657690236,0.0,134985.0,7822.0
2025,2,19403.0,601.0,16,16.0,1,3,5,19,16.876389205766454,79.19288090910462,7203.9987651799975,1,4,2,0,0,0.002637424105600228,1021.2105263157895,31.63157894736842,0.8421052631578947,1.0,1212.6875,37.5625,1212.6875,18073.0,601.0,14492.333333333334,12831.666666666666,10097.916666666666,3114.9486887159674,2991.0983712787975,18073.0,9414.0,7.359043877607481,0.0,153058.0,8423.0
2025,3,17864.0,601.0,16,16.0,1,3,5,19,16.876389205766454,79.19288090910462,7203.9987651799975,1,4,3,0,0,0.002637424105600228,940.2105263157895,31.63157894736842,0.8421052631578947,1.0,1116.5,37.5625,1116.5,19403.0,601.0,16824.333333333332,14496.5,11309.333333333334,3380.6190754554596,3452.6889086623514,19403.0,10609.0,-7.931763129412977,0.0,172461.0,9024.0
2025,4,15219.0,817.0,20,16.0,1,3,6,19,16.876389205766454,79.19288090910462,7203.9987651799975,2,4,4,0,0,0.002637424105600228,801.0,43.0,1.0526315789473684,0.8,760.95,40.85,951.1875,17864.0,601.0,18446.666666666668,15225.5,12487.75,834.7756185546689,3653.5919722924755,19403.0,10609.0,-14.806314375279893,35.940099833610645,190325.0,9625.0
2025,5,20144.0,1141.0,26,23.0,1,3,8,19,16.876389205766454,79.19288090910462,7203.9987651799975,2,4,5,0,0,0.002637424105600228,1060.2105263157894,60.05263157894737,1.368421052631579,0.8846153846153846,774.7692307692307,43.88461538461539,875.8260869565217,15219.0,817.0,17495.333333333332,15993.833333333334,12868.666666666666,2116.2231293824684,2894.4645388511312,19403.0,12407.0,32.36086470858795,39.657282741738065,205544.0,10442.0
2025,6,24231.0,1267.0,28,26.0,1,3,8,19,16.876389205766454,79.19288090910462,7203.9987651799975,2,4,6,0,0,0.002637424105600228,1275.3157894736842,66.6842105263158,1.4736842105263157,0.9285714285714286,865.3928571428571,45.25,931.9615384615385,20144.0,1141.0,17742.333333333332,17283.333333333332,13950.333333333334,2464.7531992743875,2693.3723594532376,20144.0,12997.0,20.288919777601272,11.042944785276074,225688.0,11583.0
2025,7,21847.0,1645.0,35,28.0,1,3,8,19,16.876389205766454,79.19288090910462,7203.9987651799975,3,4,7,0,0,0.002637424105600228,1149.842105263158,86.57894736842105,1.8421052631578947,0.8,624.2,47.0,780.25,24231.0,1267.0,19864.666666666668,19155.666666666668,15238.0,4512.488928887618,3004.493279517647,24231.0,15219.0,-9.838636457430564,29.834254143646408,249919.0,12850.0
2025,8,22922.0,1699.0,36,36.0,1,3,8,19,16.876389205766454,79.19288090910462,7203.9987651799975,3,4,8,0,0,0.002637424105600228,1206.421052631579,89.42105263157895,1.894736842105263,1.0,636.7222222222222,47.19444444444444,636.7222222222222,21847.0,1645.0,22074.0,19784.666666666668,16308.166666666666,2052.9342415187066,3125.1291599975048,24231.0,15219.0,4.920584061884927,3.282674772036474,271766.0,14495.0
2025,10,17282.0,1738.0,36,36.0,1,3,8,19,16.876389205766454,79.19288090910462,7203.9987651799975,4,4,10,0,0,0.002637424105600228,909.578947368421,91.47368421052632,1.894736842105263,1.0,480.05555555555554,48.27777777777778,480.05555555555554,22922.0,1699.0,23000.0,20371.166666666668,17433.833333333332,1193.9124758540665,3360.5195679636677,24231.0,15219.0,-24.60518279382253,2.2954679223072394,294688.0,16194.0
2025,11,23469.0,1738.0,36,36.0,1,3,8,19,16.876389205766454,79.19288090910462,7203.9987651799975,4,4,11,0,0,0.002637424105600228,1235.2105263157894,91.47368421052632,1.894736842105263,1.0,651.9166666666666,48.27777777777778,651.9166666666666,17282.0,1738.0,20683.666666666668,20274.166666666668,17749.833333333332,2994.5631289611047,3454.4484605601965,24231.0,15219.0,35.80025460016202,0.0,311970.0,17932.0
2025,12,26587.0,1738.0,36,36.0,1,3,8,19,16.876389205766454,79.19288090910462,7203.9987651799975,4,4,12,0,0,0.002637424105600228,1399.3157894736842,91.47368421052632,1.894736842105263,1.0,738.5277777777778,48.27777777777778,738.5277777777778,23469.0,1738.0,21224.333333333332,21649.166666666668,18821.5,3425.098003464036,2568.056496003684,24231.0,17282.0,13.285610805743747,0.0,335439.0,19670.0
2026,1,33617.0,1960.0,40,36.0,1,3,8,19,16.876389205766454,79.19288090910462,7203.9987651799975,1,5,1,0,0,0.002637424105600228,1769.3157894736842,103.15789473684211,2.1052631578947367,0.9,840.425,49.0,933.8055555555555,26587.0,1738.0,22446.0,22723.0,20003.166666666668,4736.101033550698,3103.950192899374,26587.0,17282.0,26.441493963215105,12.773302646720369,362026.0,21408.0
2026,2,39464.0,2176.0,44,40.0,1,3,8,19,16.876389205766454,79.19288090910462,7203.9987651799975,1,5,2,0,0,0.002637424105600228,2077.0526315789475,114.52631578947368,2.3157894736842106,0.9090909090909091,896.9090909090909,49.45454545454545,986.6,33617.0,1960.0,27891.0,24287.333333333332,21721.5,5198.152364061676,5475.305897086185,33617.0,17282.0,17.392985691763094,11.020408163265307,395643.0,23368.0
2026,3,31552.0,2176.0,44,44.0,1,3,8,19,16.876389205766454,79.19288090910462,7203.9987651799975,1,5,3,0,0,0.002637424105600228,1660.6315789473683,114.52631578947368,2.3157894736842106,1.0,717.0909090909091,49.45454545454545,717.0909090909091,39464.0,2176.0,33222.666666666664,27223.5,23504.083333333332,6447.550413399909,8031.742146010423,39464.0,17282.0,-20.048651935941617,0.0,435107.0,25544.0
2026,4,42791.0,2326.0,45,45.0,1,3,8,19,16.876389205766454,79.19288090910462,7203.9987651799975,2,5,4,0,0,0.002637424105600228,2252.157894736842,122.42105263157895,2.3684210526315788,1.0,950.9111111111112,51.68888888888889,950.9111111111112,31552.0,2176.0,34877.666666666664,28661.833333333332,24516.5,4103.887953311268,7878.636973910322,39464.0,17282.0,35.62056288032454,6.893382352941177,466659.0,27720.0
2026,5,87055.0,2326.0,45,45.0,1,3,8,19,16.876389205766454,79.19288090910462,7203.9987651799975,2,5,5,0,0,0.002637424105600228,4581.8421052631575,122.42105263157895,2.3684210526315788,1.0,1934.5555555555557,51.68888888888889,1934.5555555555557,42791.0,2326.0,37935.666666666664,32913.333333333336,26593.75,5773.268773696003,7376.2569550326025,42791.0,23469.0,103.44231263583464,0.0,509450.0,30046.0
2026,6,63654.0,2332.0,45,45.0,1,3,8,19,16.876389205766454,79.19288090910462,7203.9987651799975,2,5,6,0,1,0.002637424105600228,3350.2105263157896,122.73684210526316,2.3684210526315788,1.0,1414.5333333333333,51.82222222222222,1414.5333333333333,87055.0,2326.0,53799.333333333336,43511.0,32580.083333333332,29343.369001076437,22092.112791672964,87055.0,26587.0,-26.880707598644534,0.2579535683576956,596505.0,32372.0
2023,1,522.0,45.0,1,1.0,1,1,1,1,19.11339092477979,78.31465969496338,3719.193060374223,1,2,1,1,0,0.00026887552858021857,522.0,45.0,1.0,1.0,522.0,45.0,522.0,,,,,,,,,,,,,
2023,2,381.0,45.0,1,1.0,1,1,1,1,19.11339092477979,78.31465969496338,3719.193060374223,1,2,2,0,0,0.00026887552858021857,381.0,45.0,1.0,1.0,381.0,45.0,381.0,522.0,45.0,522.0,522.0,522.0,,,,,-27.011494252873565,0.0,522.0,45.0
2023,3,638.0,45.0,1,1.0,1,1,1,1,19.11339092477979,78.31465969496338,3719.193060374223,1,2,3,0,0,0.00026887552858021857,638.0,45.0,1.0,1.0,638.0,45.0,638.0,381.0,45.0,451.5,451.5,451.5,,,,,67.45406824146981,0.0,903.0,90.0
2023,4,346.0,45.0,1,1.0,1,1,1,1,19.11339092477979,78.31465969496338,3719.193060374223,2,2,4,0,0,0.00026887552858021857,346.0,45.0,1.0,1.0,346.0,45.0,346.0,638.0,45.0,513.6666666666666,513.6666666666666,513.6666666666666,128.70249932823114,,,,-45.76802507836991,0.0,1541.0,135.0
2023,5,611.0,45.0,1,1.0,1,1,1,1,19.11339092477979,78.31465969496338,3719.193060374223,2,2,5,0,0,0.00026887552858021857,611.0,45.0,1.0,1.0,611.0,45.0,611.0,346.0,45.0,455.0,471.75,471.75,159.44591559522618,,,,76.58959537572254,0.0,1887.0,180.0
2023,6,844.0,45.0,1,1.0,1,1,1,1,19.11339092477979,78.31465969496338,3719.193060374223,2,2,6,0,0,0.00026887552858021857,844.0,45.0,1.0,1.0,844.0,45.0,844.0,611.0,45.0,531.6666666666666,499.6,499.6,161.35778051687913,,,,38.1342062193126,0.0,2498.0,225.0
2023,7,808.0,45.0,1,1.0,1,1,1,1,19.11339092477979,78.31465969496338,3719.193060374223,3,2,7,0,0,0.00026887552858021857,808.0,45.0,1.0,1.0,808.0,45.0,808.0,844.0,45.0,600.3333333333334,557.0,557.0,249.17129315660213,183.6126357307688,844.0,346.0,-4.265402843601896,0.0,3342.0,270.0
2023,8,616.0,45.0,1,1.0,1,1,1,1,19.11339092477979,78.31465969496338,3719.193060374223,3,2,8,0,0,0.00026887552858021857,616.0,45.0,1.0,1.0,616.0,45.0,616.0,808.0,45.0,754.3333333333334,604.6666666666666,592.8571428571429,125.42859854647739,208.18805601346747,844.0,346.0,-23.762376237623762,0.0,4150.0,315.0
2023,9,978.0,45.0,1,1.0,1,1,1,1,19.11339092477979,78.31465969496338,3719.193060374223,3,2,9,0,0,0.00026887552858021857,978.0,45.0,1.0,1.0,978.0,45.0,978.0,616.0,45.0,756.0,643.8333333333334,595.75,122.57242756835672,177.5437035399078,844.0,346.0,58.76623376623377,0.0,4766.0,360.0
2023,10,364.0,45.0,1,1.0,1,1,1,1,19.11339092477979,78.31465969496338,3719.193060374223,4,2,10,0,0,0.00026887552858021857,364.0,45.0,1.0,1.0,364.0,45.0,364.0,978.0,45.0,800.6666666666666,700.5,638.2222222222222,181.1113837762094,223.59584074843613,978.0,346.0,-62.78118609406953,0.0,5744.0,405.0
2023,11,948.0,45.0,1,1.0,1,1,1,1,19.11339092477979,78.31465969496338,3719.193060374223,4,2,11,0,0,0.00026887552858021857,948.0,45.0,1.0,1.0,948.0,45.0,948.0,364.0,45.0,652.6666666666666,703.5,610.8,308.6378676269867,217.93737632631996,978.0,364.0,160.43956043956044,0.0,6108.0,450.0
2023,12,728.0,45.0,1,1.0,1,1,1,1,19.11339092477979,78.31465969496338,3719.193060374223,4,2,12,0,0,0.00026887552858021857,728.0,45.0,1.0,1.0,728.0,45.0,728.0,948.0,45.0,763.3333333333334,759.6666666666666,641.4545454545455,346.1579600895138,232.28402154833358,978.0,364.0,-23.206751054852322,0.0,7056.0,495.0
2024,1,1041.0,45.0,1,1.0,1,1,1,1,19.11339092477979,78.31465969496338,3719.193060374223,1,3,1,0,0,0.00026887552858021857,1041.0,45.0,1.0,1.0,1041.0,45.0,1041.0,728.0,45.0,680.0,740.3333333333334,648.6666666666666,294.94406249321247,228.6601553980638,978.0,364.0,42.994505494505496,0.0,7784.0,540.0
2024,2,656.0,45.0,1,1.0,1,1,1,1,19.11339092477979,78.31465969496338,3719.193060374223,1,3,2,0,0,0.00026887552858021857,656.0,45.0,1.0,1.0,656.0,45.0,656.0,1041.0,45.0,905.6666666666666,779.1666666666666,691.9166666666666,160.73684497753914,260.07723211897405,1041.0,364.0,-36.983669548511045,0.0,8825.0,585.0
2024,3,573.0,45.0,1,1.0,1,1,1,1,19.11339092477979,78.31465969496338,3719.193060374223,1,3,3,0,0,0.00026887552858021857,573.0,45.0,1.0,1.0,573.0,45.0,573.0,656.0,45.0,808.3333333333334,785.8333333333334,714.8333333333334,204.68593828920785,255.53114617726484,1041.0,364.0,-12.652439024390244,0.0,9481.0,630.0
2024,4,887.0,45.0,1,1.0,1,1,1,1,19.11339092477979,78.31465969496338,3719.193060374223,2,3,4,0,0,0.00026887552858021857,887.0,45.0,1.0,1.0,887.0,45.0,887.0,573.0,45.0,756.6666666666666,718.3333333333334,709.4166666666666,249.71250135572583,247.99731181338777,1041.0,364.0,54.79930191972077,0.0,10054.0,675.0
2024,5,1173.0,45.0,1,1.0,1,1,1,1,19.11339092477979,78.31465969496338,3719.193060374223,2,3,5,0,0,0.00026887552858021857,1173.0,45.0,1.0,1.0,1173.0,45.0,1173.0,887.0,45.0,705.3333333333334,805.5,754.5,162.70935232288696,181.56073364028916,1041.0,573.0,32.2435174746336,0.0,10941.0,720.0
2024,7,965.0,45.0,1,1.0,1,1,1,1,19.11339092477979,78.31465969496338,3719.193060374223,3,3,7,0,0,0.00026887552858021857,965.0,45.0,1.0,1.0,965.0,45.0,965.0,1173.0,45.0,877.6666666666666,843.0,801.3333333333334,300.10886913474155,232.86648535158517,1173.0,573.0,-17.73231031543052,0.0,12114.0,765.0
2024,8,513.0,45.0,1,1.0,1,1,1,1,19.11339092477979,78.31465969496338,3719.193060374223,3,3,8,0,0,0.00026887552858021857,513.0,45.0,1.0,1.0,513.0,45.0,513.0,965.0,45.0,1008.3333333333334,882.5,811.4166666666666,147.842258280011,229.5349646568035,1173.0,573.0,-46.83937823834197,0.0,13079.0,810.0
2024,9,794.0,45.0,1,1.0,1,1,1,1,19.11339092477979,78.31465969496338,3719.193060374223,3,3,9,0,0,0.00026887552858021857,794.0,45.0,1.0,1.0,794.0,45.0,794.0,513.0,45.0,883.6666666666666,794.5,786.8333333333334,337.4334502288317,256.27153568041854,1173.0,513.0,54.77582846003899,0.0,13592.0,855.0
2024,10,468.0,45.0,1,1.0,1,1,1,1,19.11339092477979,78.31465969496338,3719.193060374223,4,3,10,0,0,0.00026887552858021857,468.0,45.0,1.0,1.0,468.0,45.0,468.0,794.0,45.0,757.3333333333334,817.5,801.6666666666666,228.21992317353315,247.3942198192998,1173.0,513.0,-41.05793450881612,0.0,14386.0,900.0
2024,11,822.0,45.0,1,1.0,1,1,1,1,19.11339092477979,78.31465969496338,3719.193060374223,4,3,11,0,0,0.00026887552858021857,822.0,45.0,1.0,1.0,822.0,45.0,822.0,468.0,45.0,591.6666666666666,800.0,759.1666666666666,176.66446539509096,270.75893337062774,1173.0,468.0,75.64102564102564,0.0,14854.0,945.0
2024,12,912.0,45.0,1,1.0,1,1,1,1,19.11339092477979,78.31465969496338,3719.193060374223,4,3,12,0,0,0.00026887552858021857,912.0,45.0,1.0,1.0,912.0,45.0,912.0,822.0,45.0,694.6666666666666,789.1666666666666,797.3333333333334,196.7976964634834,267.86669570266974,1173.0,468.0,10.94890510948905,0.0,15676.0,990.0
2025,1,1024.0,45.0,1,1.0,1,1,1,1,19.11339092477979,78.31465969496338,3719.193060374223,1,4,1,0,0,0.00026887552858021857,1024.0,45.0,1.0,1.0,1024.0,45.0,1024.0,912.0,45.0,734.0,745.6666666666666,794.3333333333334,234.7168506946189,207.44605724541185,965.0,468.0,12.280701754385966,0.0,16588.0,1035.0
2025,2,1356.0,45.0,1,1.0,1,1,1,1,19.11339092477979,78.31465969496338,3719.193060374223,1,4,2,0,0,0.00026887552858021857,1356.0,45.0,1.0,1.0,1356.0,45.0,1356.0,1024.0,45.0,919.3333333333334,755.5,819.0,101.19947298940559,220.88526433422405,1024.0,468.0,32.421875,0.0,17612.0,1080.0
2025,3,1283.0,95.054,3,1.0,1,2,3,1,19.11339092477979,78.31465969496338,3719.193060374223,1,4,3,0,0,0.00026887552858021857,1283.0,95.054,3.0,0.3333333333333333,427.6666666666667,31.68466666666667,1283.0,1356.0,45.0,1097.3333333333333,896.0,845.25,230.9054640612333,292.33679207379976,1356.0,468.0,-5.383480825958702,111.23111111111112,18968.0,1125.0
2025,4,1434.0,295.054,7,5.0,1,2,5,1,19.11339092477979,78.31465969496338,3719.193060374223,2,4,4,0,0,0.00026887552858021857,1434.0,295.054,7.0,0.7142857142857143,204.85714285714286,42.150571428571425,286.8,1283.0,95.054,1221.0,977.5,897.5,174.46776206508807,324.59682684832273,1356.0,468.0,11.7692907248636,210.4067161823805,20251.0,1220.054
2025,5,1852.0,295.054,7,7.0,1,2,5,1,19.11339092477979,78.31465969496338,3719.193060374223,2,4,5,0,0,0.00026887552858021857,1852.0,295.054,7.0,1.0,264.57142857142856,42.150571428571425,264.57142857142856,1434.0,295.054,1357.6666666666667,1138.5,969.25,75.51379564909654,253.01837877909188,1434.0,822.0,29.149232914923292,0.0,21685.0,1515.1080000000002
2025,6,1765.0,295.054,7,7.0,1,2,5,1,19.11339092477979,78.31465969496338,3719.193060374223,2,4,6,0,0,0.00026887552858021857,1765.0,295.054,7.0,1.0,252.14285714285714,42.150571428571425,252.14285714285714,1852.0,295.054,1523.0,1310.1666666666667,1049.6666666666667,294.75583115521255,332.32057815709624,1852.0,912.0,-4.697624190064795,0.0,23537.0,1810.1620000000003
2025,7,1286.0,349.054,8,7.0,1,2,5,1,19.11339092477979,78.31465969496338,3719.193060374223,3,4,7,0,0,0.00026887552858021857,1286.0,349.054,8.0,0.875,160.75,43.63175,183.71428571428572,1765.0,295.054,1683.6666666666667,1452.3333333333333,1099.0,220.55006990099437,309.59758827656714,1852.0,1024.0,-27.138810198300284,18.301734597734654,25302.0,2105.2160000000003
2025,8,2155.0,349.054,8,8.0,1,2,5,1,19.11339092477979,78.31465969496338,3719.193060374223,3,4,8,0,0,0.00026887552858021857,2155.0,349.054,8.0,1.0,269.375,43.63175,269.375,1286.0,349.054,1634.3333333333333,1496.0,1125.75,304.7857170756751,249.8039231077049,1852.0,1283.0,67.57387247278382,0.0,26588.0,2454.2700000000004
2025,9,2201.0,349.054,8,8.0,1,2,5,1,19.11339092477979,78.31465969496338,3719.193060374223,3,4,9,0,0,0.00026887552858021857,2201.0,349.054,8.0,1.0,275.125,43.63175,275.125,2155.0,349.054,1735.3333333333333,1629.1666666666667,1262.5833333333333,435.258926770415,352.21891866659706,2155.0,1283.0,2.1345707656612527,0.0,28743.0,2803.3240000000005
2025,10,3243.0,349.054,8,8.0,1,2,5,1,19.11339092477979,78.31465969496338,3719.193060374223,4,4,10,0,0,0.00026887552858021857,3243.0,349.054,8.0,1.0,405.375,43.63175,405.375,2201.0,349.054,1880.6666666666667,1782.1666666666667,1379.8333333333333,515.5097800559495,370.674745115805,2201.0,1286.0,47.342117219445704,0.0,30944.0,3152.3780000000006
2025,11,3694.0,349.054,8,8.0,1,2,5,1,19.11339092477979,78.31465969496338,3719.193060374223,4,4,11,0,0,0.00026887552858021857,3694.0,349.054,8.0,1.0,461.75,43.63175,461.75,3243.0,349.054,2533.0,2083.6666666666665,1611.0833333333333,615.3080529295875,656.4144016295403,3243.0,1286.0,13.906876349059512,0.0,34187.0,3501.4320000000007
2025,12,3987.0,469.054,9,8.0,1,2,5,1,19.11339092477979,78.31465969496338,3719.193060374223,4,4,12,0,0,0.00026887552858021857,3987.0,469.054,9.0,0.8888888888888888,443.0,52.11711111111111,498.375,3694.0,349.054,3046.0,2390.6666666666665,1850.4166666666667,765.7473473672632,908.6703839493548,3694.0,1286.0,7.931781266919328,34.37863482441112,37881.0,3850.486000000001
2026,1,6427.0,589.054,10,10.0,1,2,5,1,19.11339092477979,78.31465969496338,3719.193060374223,1,5,1,0,0,0.00026887552858021857,6427.0,589.054,10.0,1.0,642.7,58.9054,642.7,3987.0,469.054,3641.3333333333335,2761.0,2106.6666666666665,374.78571655458444,1045.212896973627,3987.0,1286.0,61.19889641334336,25.58340830693268,41868.0,4319.540000000001
2026,2,6906.0,709.054,11,11.0,1,2,5,1,19.11339092477979,78.31465969496338,3719.193060374223,1,5,2,0,0,0.00026887552858021857,6906.0,709.054,11.0,1.0,627.8181818181819,64.45945454545455,627.8181818181819,6427.0,589.054,4702.666666666667,3617.8333333333335,2556.9166666666665,1500.485365917753,1569.7962181973396,6427.0,2155.0,7.452932939162906,20.371646742064396,48295.0,4908.594000000001
2026,3,5384.0,709.054,11,11.0,1,2,5,1,19.11339092477979,78.31465969496338,3719.193060374223,1,5,3,0,0,0.00026887552858021857,5384.0,709.054,11.0,1.0,489.45454545454544,64.45945454545455,489.45454545454544,6906.0,709.054,5773.333333333333,4409.666666666667,3019.4166666666665,1565.4393419527098,1856.4190977973346,6906.0,2201.0,-22.03880683463655,0.0,55201.0,5617.648000000001
2026,4,5843.0,709.054,11,11.0,1,2,5,1,19.11339092477979,78.31465969496338,3719.193060374223,2,5,4,0,0,0.00026887552858021857,5843.0,709.054,11.0,1.0,531.1818181818181,64.45945454545455,531.1818181818181,5384.0,709.054,6239.0,4940.166666666667,3361.1666666666665,778.2216907796903,1524.0731500379734,6906.0,3243.0,8.525260029717682,0.0,60585.0,6326.702000000001
2026,5,7679.0,709.054,11,11.0,1,2,5,1,19.11339092477979,78.31465969496338,3719.193060374223,2,5,5,0,0,0.00026887552858021857,7679.0,709.054,11.0,1.0,698.0909090909091,64.45945454545455,698.0909090909091,5843.0,709.054,6044.333333333333,5373.5,3728.5833333333335,780.7191129550584,1297.8491052506854,6906.0,3694.0,31.422214615779566,0.0,66428.0,7035.756000000001
2026,6,12848.0,709.054,11,11.0,1,2,5,1,19.11339092477979,78.31465969496338,3719.193060374223,2,5,6,0,1,0.00026887552858021857,12848.0,709.054,11.0,1.0,1168.0,64.45945454545455,1168.0,7679.0,709.054,6302.0,6037.666666666667,4214.166666666667,1214.399851778647,1286.0767732397128,7679.0,3987.0,67.3134522724313,0.0,74107.0,7744.810000000001
2023,1,354.0,30075.0,3,2.0,1,2,2,10,18.701624341558382,78.21123096498536,4216.8054981347295,1,2,1,1,0,0.002371463422826455,35.4,3007.5,0.3,0.6666666666666666,118.0,10025.0,177.0,,,,,,,,,,,,,
2023,2,483.0,75.0,2,2.0,1,2,2,10,18.701624341558382,78.21123096498536,4216.8054981347295,1,2,2,0,0,0.002371463422826455,48.3,7.5,0.2,1.0,241.5,37.5,241.5,354.0,30075.0,354.0,354.0,354.0,,,,,36.440677966101696,-99.75062344139651,354.0,30075.0
2023,3,286.0,75.0,2,2.0,1,2,2,10,18.701624341558382,78.21123096498536,4216.8054981347295,1,2,3,0,0,0.002371463422826455,28.6,7.5,0.2,1.0,143.0,37.5,143.0,483.0,75.0,418.5,418.5,418.5,,,,,-40.78674948240165,0.0,837.0,30150.0
2023,4,919.0,75.0,2,2.0,1,2,2,10,18.701624341558382,78.21123096498536,4216.8054981347295,2,2,4,0,0,0.002371463422826455,91.9,7.5,0.2,1.0,459.5,37.5,459.5,286.0,75.0,374.3333333333333,374.3333333333333,374.3333333333333,100.06164766449398,,,,221.32867132867133,0.0,1123.0,30225.0
2023,5,702.0,75.0,2,2.0,1,2,2,10,18.701624341558382,78.21123096498536,4216.8054981347295,2,2,5,0,0,0.002371463422826455,70.2,7.5,0.2,1.0,351.0,37.5,351.0,919.0,75.0,562.6666666666666,510.5,510.5,323.9326061595735,,,,-23.612622415669204,0.0,2042.0,30300.0
2023,6,1131.0,75.0,2,2.0,1,2,2,10,18.701624341558382,78.21123096498536,4216.8054981347295,2,2,6,0,0,0.002371463422826455,113.1,7.5,0.2,1.0,565.5,37.5,565.5,702.0,75.0,635.6666666666666,548.8,548.8,321.67115713618676,,,,61.111111111111114,0.0,2744.0,30375.0
2023,7,1682.0,75.0,2,2.0,1,2,2,10,18.701624341558382,78.21123096498536,4216.8054981347295,3,2,7,0,0,0.002371463422826455,168.2,7.5,0.2,1.0,841.0,37.5,841.0,1131.0,75.0,917.3333333333334,645.8333333333334,645.8333333333334,214.504856199885,332.96331129220033,1131.0,286.0,48.717948717948715,0.0,3875.0,30450.0
2023,8,1312.0,75.0,2,2.0,1,2,2,10,18.701624341558382,78.21123096498536,4216.8054981347295,3,2,8,0,0,0.002371463422826455,131.2,7.5,0.2,1.0,656.0,37.5,656.0,1682.0,75.0,1171.6666666666667,867.1666666666666,793.8571428571429,491.2640159154071,499.7733152807048,1682.0,286.0,-21.997621878715815,0.0,5557.0,30525.0
2023,9,1730.0,75.0,2,2.0,1,2,2,10,18.701624341558382,78.21123096498536,4216.8054981347295,3,2,9,0,0,0.002371463422826455,173.0,7.5,0.2,1.0,865.0,37.5,865.0,1312.0,75.0,1375.0,1005.3333333333334,858.625,280.8504940355276,486.7482580006494,1682.0,286.0,31.859756097560975,0.0,6869.0,30600.0
2023,10,1730.0,105.0,3,2.0,1,3,3,10,18.701624341558382,78.21123096498536,4216.8054981347295,4,2,10,0,0,0.002371463422826455,173.0,10.5,0.3,0.6666666666666666,576.6666666666666,35.0,865.0,1730.0,75.0,1574.6666666666667,1246.0,955.4444444444445,228.7385698419339,411.0469559551561,1730.0,702.0,0.0,40.0,8599.0,30675.0
2023,11,1802.0,135.0,4,3.0,1,3,4,10,18.701624341558382,78.21123096498536,4216.8054981347295,4,2,11,0,0,0.002371463422826455,180.2,13.5,0.4,0.75,450.5,33.75,600.6666666666666,1730.0,105.0,1590.6666666666667,1381.1666666666667,1032.9,241.33241252126345,415.3323568741866,1730.0,702.0,4.161849710982659,28.571428571428573,10329.0,30780.0
2023,12,1517.0,135.0,4,4.0,1,3,4,10,18.701624341558382,78.21123096498536,4216.8054981347295,4,2,12,0,0,0.002371463422826455,151.7,13.5,0.4,1.0,379.25,33.75,379.25,1802.0,135.0,1754.0,1564.5,1102.8181818181818,41.56921938165209,274.47094563906035,1802.0,1131.0,-15.815760266370699,0.0,12131.0,30915.0
2024,1,1782.0,189.0,5,4.0,1,3,4,10,18.701624341558382,78.21123096498536,4216.8054981347295,1,3,1,0,0,0.002371463422826455,178.2,18.9,0.5,0.8,356.4,37.8,445.5,1517.0,135.0,1683.0,1628.8333333333333,1137.3333333333333,148.19919028118852,182.30350152058708,1802.0,1312.0,17.46868820039552,40.0,13648.0,31050.0
2024,2,2005.0,189.0,5,5.0,1,3,4,10,18.701624341558382,78.21123096498536,4216.8054981347295,1,3,2,0,0,0.002371463422826455,200.5,18.9,0.5,1.0,401.0,37.8,401.0,1782.0,189.0,1700.3333333333333,1645.5,1256.3333333333333,159.08593065803544,192.426349547041,1802.0,1312.0,12.514029180695847,0.0,15430.0,31239.0
2024,3,2200.0,189.0,5,5.0,1,3,4,10,18.701624341558382,78.21123096498536,4216.8054981347295,1,3,3,0,0,0.002371463422826455,220.0,18.9,0.5,1.0,440.0,37.8,440.0,2005.0,189.0,1768.0,1761.0,1383.1666666666667,244.30104379637822,156.9178128830502,2005.0,1517.0,9.72568578553616,0.0,17435.0,31428.0
2024,4,2608.0,189.0,5,5.0,1,3,4,10,18.701624341558382,78.21123096498536,4216.8054981347295,2,3,4,0,0,0.002371463422826455,260.8,18.9,0.5,1.0,521.6,37.8,521.6,2200.0,189.0,1995.6666666666667,1839.3333333333333,1542.6666666666667,209.15624144006134,235.82168404679535,2200.0,1517.0,18.545454545454547,0.0,19635.0,31617.0
2024,5,3562.0,189.0,5,5.0,1,3,4,10,18.701624341558382,78.21123096498536,4216.8054981347295,2,3,5,0,0,0.002371463422826455,356.2,18.9,0.5,1.0,712.4,37.8,712.4,2608.0,189.0,2271.0,1985.6666666666667,1683.4166666666667,307.70602854022843,381.6997074490187,2608.0,1517.0,36.579754601226995,0.0,22243.0,31806.0
2024,6,2767.0,189.0,5,5.0,1,3,4,10,18.701624341558382,78.21123096498536,4216.8054981347295,2,3,6,0,0,0.002371463422826455,276.7,18.9,0.5,1.0,553.4,37.8,553.4,3562.0,189.0,2790.0,2279.0,1921.75,699.0021459194527,729.8355979259984,3562.0,1517.0,-22.31892195395845,0.0,25805.0,31995.0
2024,7,3380.0,189.0,5,5.0,1,3,4,10,18.701624341558382,78.21123096498536,4216.8054981347295,3,3,7,0,0,0.002371463422826455,338.0,18.9,0.5,1.0,676.0,37.8,676.0,2767.0,189.0,2979.0,2487.3333333333335,2058.0833333333335,511.1134903326265,641.9319797818661,3562.0,1782.0,22.1539573545356,0.0,28572.0,32184.0
2024,8,2562.0,189.0,5,5.0,1,3,4,10,18.701624341558382,78.21123096498536,4216.8054981347295,3,3,8,0,0,0.002371463422826455,256.2,18.9,0.5,1.0,512.4,37.8,512.4,3380.0,189.0,3236.3333333333335,2753.6666666666665,2199.5833333333335,416.51690641957526,621.9551966714852,3562.0,2005.0,-24.201183431952664,0.0,31952.0,32373.0
2024,9,2026.0,189.0,5,5.0,1,3,4,10,18.701624341558382,78.21123096498536,4216.8054981347295,3,3,9,0,0,0.002371463422826455,202.6,18.9,0.5,1.0,405.2,37.8,405.2,2562.0,189.0,2903.0,2846.5,2303.75,425.62072317968716,521.280634591387,3562.0,2200.0,-20.921155347384854,0.0,34514.0,32562.0
2024,10,2520.0,189.0,5,5.0,1,3,4,10,18.701624341558382,78.21123096498536,4216.8054981347295,4,3,10,0,0,0.002371463422826455,252.0,18.9,0.5,1.0,504.0,37.8,504.0,2026.0,189.0,2656.0,2817.5,2328.4166666666665,681.8768217207562,567.2529418169632,3562.0,2026.0,24.383020730503453,0.0,36540.0,32751.0
2024,11,11557.0,239.0,6,6.0,1,4,5,10,18.701624341558382,78.21123096498536,4216.8054981347295,4,3,11,0,0,0.002371463422826455,1155.7,23.9,0.6,1.0,1926.1666666666667,39.833333333333336,1926.1666666666667,2520.0,189.0,2369.3333333333335,2802.8333333333335,2394.25,298.0760529350407,574.8399487393563,3562.0,2026.0,358.6111111111111,26.455026455026456,39060.0,32940.0
2024,12,6500.0,239.0,6,6.0,1,4,5,10,18.701624341558382,78.21123096498536,4216.8054981347295,4,3,12,0,0,0.002371463422826455,650.0,23.9,0.6,1.0,1083.3333333333333,39.833333333333336,1083.3333333333333,11557.0,239.0,5367.666666666667,4135.333333333333,3207.1666666666665,5365.807891951904,3662.184248050153,11557.0,2026.0,-43.7570303712036,0.0,50617.0,33179.0
2025,1,6472.0,389.0,9,6.0,1,4,6,10,18.701624341558382,78.21123096498536,4216.8054981347295,1,4,1,0,0,0.002371463422826455,647.2,38.9,0.9,0.6666666666666666,719.1111111111111,43.22222222222222,1078.6666666666667,6500.0,239.0,6859.0,4757.5,3622.4166666666665,4529.183480496237,3700.127876168606,11557.0,2026.0,-0.4307692307692308,62.76150627615063,57117.0,33418.0
2025,2,8335.0,439.0,10,9.0,1,4,6,10,18.701624341558382,78.21123096498536,4216.8054981347295,1,4,2,0,0,0.002371463422826455,833.5,43.9,1.0,0.9,833.5,43.9,926.1111111111111,6472.0,389.0,8176.333333333333,5272.833333333333,4013.25,2927.776687750168,3685.1953770006094,11557.0,2026.0,28.785537700865266,12.853470437017995,63589.0,33807.0
2025,3,9974.0,594.0,13,11.0,1,4,7,10,18.701624341558382,78.21123096498536,4216.8054981347295,1,4,3,0,0,0.002371463422826455,997.4,59.4,1.3,0.8461538461538461,767.2307692307693,45.69230769230769,906.7272727272727,8335.0,439.0,7102.333333333333,6235.0,4540.75,1067.6124452877743,3588.2303159078283,11557.0,2026.0,19.664067186562686,35.30751708428246,71924.0,34246.0
2025,4,8439.0,744.108,18,15.0,1,4,9,10,18.701624341558382,78.21123096498536,4216.8054981347295,2,4,4,0,0,0.002371463422826455,843.9,74.4108,1.8,0.8333333333333334,468.8333333333333,41.33933333333333,562.6,9974.0,594.0,8260.333333333334,7559.666666666667,5188.583333333333,1752.19357758592,3165.8481749235316,11557.0,2520.0,-15.390014036494886,25.270707070707065,81898.0,34840.0
2025,5,10352.0,844.108,20,18.0,1,4,9,10,18.701624341558382,78.21123096498536,4216.8054981347295,2,4,5,0,0,0.002371463422826455,1035.2,84.4108,2.0,0.9,517.6,42.2054,575.1111111111111,8439.0,744.108,8916.0,8546.166666666666,5674.5,917.7292629092819,1982.3655986388214,11557.0,6472.0,22.668562625903544,13.438909405623916,90337.0,35584.108
2025,6,15692.0,844.162,21,20.0,1,4,9,10,18.701624341558382,78.21123096498536,4216.8054981347295,2,4,6,0,0,0.002371463422826455,1569.2,84.4162,2.1,0.9523809523809523,747.2380952380952,40.198190476190476,784.6,10352.0,844.108,9588.333333333334,8345.333333333334,6240.333333333333,1013.1368778863753,1649.4107634748395,10352.0,6472.0,51.584234930448225,0.006397285655400413,100689.0,36428.216
2025,7,10768.0,948.324,26,21.0,1,4,11,10,18.701624341558382,78.21123096498536,4216.8054981347295,3,4,7,0,0,0.002371463422826455,1076.8,94.83239999999999,2.6,0.8076923076923077,414.15384615384613,36.474,512.7619047619048,15692.0,844.162,11494.333333333334,9877.333333333334,7317.416666666667,3759.0153409281756,3165.0874026899546,15692.0,6472.0,-31.37904664797349,12.33910078871116,116381.0,37272.378
2025,8,26004.0,1056.216,26,26.0,1,4,11,10,18.701624341558382,78.21123096498536,4216.8054981347295,3,4,8,0,0,0.002371463422826455,2600.4,105.62159999999999,2.6,1.0,1000.1538461538462,40.6236923076923,1000.1538461538462,10768.0,948.324,12270.666666666666,10593.333333333334,7933.083333333333,2970.2534123090195,2691.0944737535024,15692.0,8335.0,141.49331352154533,11.377124273982304,127149.0,38220.702
2025,9,19062.0,1142.216,28,26.0,1,4,11,10,18.701624341558382,78.21123096498536,4216.8054981347295,3,4,9,0,0,0.002371463422826455,1906.2,114.2216,2.8,0.9285714285714286,680.7857142857143,40.79342857142857,733.1538461538462,26004.0,1056.216,17488.0,13538.166666666666,9886.583333333334,7775.161477422838,6581.280495972393,26004.0,8439.0,-26.69589293954776,8.142273928817591,153153.0,39276.918
2025,10,17897.0,1142.216,28,28.0,1,4,11,10,18.701624341558382,78.21123096498536,4216.8054981347295,4,4,10,0,0,0.002371463422826455,1789.7,114.2216,2.8,1.0,639.1785714285714,40.79342857142857,639.1785714285714,19062.0,1142.216,18611.333333333332,15052.833333333334,11306.25,7627.991172866775,6642.445706715758,26004.0,8439.0,-6.111635715035148,0.0,172215.0,40419.134
2025,11,21081.0,1250.108,28,28.0,1,4,11,10,18.701624341558382,78.21123096498536,4216.8054981347295,4,4,11,0,0,0.002371463422826455,2108.1,125.01079999999999,2.8,1.0,752.8928571428571,44.64671428571428,752.8928571428571,17897.0,1142.216,20987.666666666668,16629.166666666668,12587.666666666666,4383.15027501151,5831.774289756643,26004.0,10352.0,17.790691177292285,9.445849121357085,190112.0,41561.35
2025,12,23708.0,1300.054,28,28.0,1,4,11,10,18.701624341558382,78.21123096498536,4216.8054981347295,4,4,12,0,0,0.002371463422826455,2370.8,130.0054,2.8,1.0,846.7142857142857,46.4305,846.7142857142857,21081.0,1250.108,19346.666666666668,18417.333333333332,13381.333333333334,1610.9749635960964,5124.035818245868,26004.0,10768.0,12.461458185095584,3.995334803073026,211193.0,42811.458
2026,1,46370.0,1532.054,31,30.0,1,4,12,10,18.701624341558382,78.21123096498536,4216.8054981347295,1,5,1,0,0,0.002371463422826455,4637.0,153.2054,3.1,0.967741935483871,1495.8064516129032,49.42109677419355,1545.6666666666667,23708.0,1300.054,20895.333333333332,19753.333333333332,14815.333333333334,2909.945761235674,5312.87212971163,26004.0,10768.0,95.58798717732411,17.845412575169952,234901.0,44111.512
2026,2,30841.0,1588.054,32,31.0,1,4,12,10,18.701624341558382,78.21123096498536,4216.8054981347295,1,5,2,0,0,0.002371463422826455,3084.1,158.80540000000002,3.2,0.96875,963.78125,49.6266875,994.8709677419355,46370.0,1532.054,30386.333333333332,25687.0,18140.166666666668,13904.441101077511,10560.240338174122,46370.0,17897.0,-33.48932499460858,3.6552236409421597,281271.0,45643.566000000006
2026,3,34343.0,1588.054,32,32.0,1,4,12,10,18.701624341558382,78.21123096498536,4216.8054981347295,1,5,3,0,0,0.002371463422826455,3434.3,158.80540000000002,3.2,1.0,1073.21875,49.6266875,1073.21875,30841.0,1588.054,33639.666666666664,26493.166666666668,20015.666666666668,11587.31903130891,10771.7888842414,46370.0,17897.0,11.35501442884472,0.0,312112.0,47231.62000000001
2026,4,23204.0,1642.0,32,32.0,1,4,12,10,18.701624341558382,78.21123096498536,4216.8054981347295,2,5,4,0,0,0.002371463422826455,2320.4,164.2,3.2,1.0,725.125,51.3125,725.125,34343.0,1588.054,37184.666666666664,29040.0,22046.416666666668,8145.168035917594,10465.530698440472,46370.0,17897.0,-32.43455726057712,3.3969877598620646,346455.0,48819.67400000001
2026,5,30044.0,1642.0,32,32.0,1,4,12,10,18.701624341558382,78.21123096498536,4216.8054981347295,2,5,5,0,0,0.002371463422826455,3004.4,164.2,3.2,1.0,938.875,51.3125,938.875,23204.0,1642.0,29462.666666666668,29924.5,23276.833333333332,5695.979488493057,9516.670315819494,46370.0,21081.0,29.477676262713324,0.0,369659.0,50461.67400000001
2026,6,31542.0,1882.0,34,32.0,1,4,13,10,18.701624341558382,78.21123096498536,4216.8054981347295,2,5,6,0,1,0.002371463422826455,3154.2,188.2,3.4,0.9411764705882353,927.7058823529412,55.35294117647059,985.6875,30044.0,1642.0,29197.0,31418.333333333332,24917.833333333332,5617.596194102981,8500.030933277043,46370.0,23204.0,4.986020503261883,14.616321559074299,399703.0,52103.67400000001
2023,1,284.0,90.0,3,3.0,1,2,3,3,18.620166559696884,79.4536806438775,2193.575419134703,1,2,1,1,0,0.0013676302049297243,94.66666666666667,30.0,1.0,1.0,94.66666666666667,30.0,94.66666666666667,,,,,,,,,,,,,
2023,2,403.0,90.0,3,3.0,1,2,3,3,18.620166559696884,79.4536806438775,2193.575419134703,1,2,2,0,0,0.0013676302049297243,134.33333333333334,30.0,1.0,1.0,134.33333333333334,30.0,134.33333333333334,284.0,90.0,284.0,284.0,284.0,,,,,41.901408450704224,0.0,284.0,90.0
2023,3,332.0,90.0,3,3.0,1,2,3,3,18.620166559696884,79.4536806438775,2193.575419134703,1,2,3,0,0,0.0013676302049297243,110.66666666666667,30.0,1.0,1.0,110.66666666666667,30.0,110.66666666666667,403.0,90.0,343.5,343.5,343.5,,,,,-17.617866004962778,0.0,687.0,180.0
2023,4,478.0,90.0,3,3.0,1,2,3,3,18.620166559696884,79.4536806438775,2193.575419134703,2,2,4,0,0,0.0013676302049297243,159.33333333333334,30.0,1.0,1.0,159.33333333333334,30.0,159.33333333333334,332.0,90.0,339.6666666666667,339.6666666666667,339.6666666666667,59.86930209492452,,,,43.975903614457835,0.0,1019.0,270.0
2023,5,551.0,90.0,3,3.0,1,2,3,3,18.620166559696884,79.4536806438775,2193.575419134703,2,2,5,0,0,0.0013676302049297243,183.66666666666666,30.0,1.0,1.0,183.66666666666666,30.0,183.66666666666666,478.0,90.0,404.3333333333333,374.25,374.25,73.0091318489224,,,,15.271966527196653,0.0,1497.0,360.0
2023,6,606.0,90.0,3,3.0,1,2,3,3,18.620166559696884,79.4536806438775,2193.575419134703,2,2,6,0,0,0.0013676302049297243,202.0,30.0,1.0,1.0,202.0,30.0,202.0,551.0,90.0,453.6666666666667,409.6,409.6,111.5093419105921,,,,9.98185117967332,0.0,2048.0,450.0
2023,7,160.0,90.0,3,3.0,1,2,3,3,18.620166559696884,79.4536806438775,2193.575419134703,3,2,7,0,0,0.0013676302049297243,53.333333333333336,30.0,1.0,1.0,53.333333333333336,30.0,53.333333333333336,606.0,90.0,545.0,442.3333333333333,442.3333333333333,64.21059102671455,125.42514367807861,606.0,284.0,-73.5973597359736,0.0,2654.0,540.0
2023,8,475.0,90.0,3,3.0,1,2,3,3,18.620166559696884,79.4536806438775,2193.575419134703,3,2,8,0,0,0.0013676302049297243,158.33333333333334,30.0,1.0,1.0,158.33333333333334,30.0,158.33333333333334,160.0,90.0,439.0,421.6666666666667,402.0,243.1810025474852,161.7017831276658,606.0,160.0,196.875,0.0,2814.0,630.0
2023,9,464.0,90.0,3,3.0,1,2,3,3,18.620166559696884,79.4536806438775,2193.575419134703,3,2,9,0,0,0.0013676302049297243,154.66666666666666,30.0,1.0,1.0,154.66666666666666,30.0,154.66666666666666,475.0,90.0,413.6666666666667,433.6666666666667,411.125,229.23859477263713,162.70791826664941,606.0,160.0,-2.3157894736842106,0.0,3289.0,720.0
2023,10,424.0,90.0,3,3.0,1,2,3,3,18.620166559696884,79.4536806438775,2193.575419134703,4,2,10,0,0,0.0013676302049297243,141.33333333333334,30.0,1.0,1.0,141.33333333333334,30.0,141.33333333333334,464.0,90.0,366.3333333333333,455.6666666666667,417.0,178.77453211610802,154.95117510579473,606.0,160.0,-8.620689655172415,0.0,3753.0,810.0
2023,11,1078.0,90.0,3,3.0,1,2,3,3,18.620166559696884,79.4536806438775,2193.575419134703,4,2,11,0,0,0.0013676302049297243,359.3333333333333,30.0,1.0,1.0,359.3333333333333,30.0,359.3333333333333,424.0,90.0,454.3333333333333,446.6666666666667,417.7,26.83902631120101,154.96279123282036,606.0,160.0,154.24528301886792,0.0,4177.0,900.0
2023,12,684.0,90.0,3,3.0,1,2,3,3,18.620166559696884,79.4536806438775,2193.575419134703,4,2,12,0,0,0.0013676302049297243,228.0,30.0,1.0,1.0,228.0,30.0,228.0,1078.0,90.0,655.3333333333334,534.5,477.72727272727275,366.5860517441073,303.80108623900605,1078.0,160.0,-36.54916512059369,0.0,5255.0,990.0
2024,1,731.0,90.0,3,3.0,1,2,3,3,18.620166559696884,79.4536806438775,2193.575419134703,1,3,1,0,0,0.0013676302049297243,243.66666666666666,30.0,1.0,1.0,243.66666666666666,30.0,243.66666666666666,684.0,90.0,728.6666666666666,547.5,494.9166666666667,329.2800226757361,309.0952927496632,1078.0,160.0,6.871345029239766,0.0,5939.0,1080.0
2024,2,838.0,90.0,3,3.0,1,2,3,3,18.620166559696884,79.4536806438775,2193.575419134703,1,3,2,0,0,0.0013676302049297243,279.3333333333333,30.0,1.0,1.0,279.3333333333333,30.0,279.3333333333333,731.0,90.0,831.0,642.6666666666666,532.1666666666666,215.19526017085036,247.73991738649357,1078.0,424.0,14.6374829001368,0.0,6670.0,1170.0
2024,3,794.0,90.0,3,3.0,1,2,3,3,18.620166559696884,79.4536806438775,2193.575419134703,1,3,3,0,0,0.0013676302049297243,264.6666666666667,30.0,1.0,1.0,264.6666666666667,30.0,264.6666666666667,838.0,90.0,751.0,703.1666666666666,568.4166666666666,78.92401408950238,242.88138394423453,1078.0,424.0,-5.250596658711217,0.0,7508.0,1260.0
2024,4,578.0,90.0,3,3.0,1,2,3,3,18.620166559696884,79.4536806438775,2193.575419134703,2,3,4,0,0,0.0013676302049297243,192.66666666666666,30.0,1.0,1.0,192.66666666666666,30.0,192.66666666666666,794.0,90.0,787.6666666666666,758.1666666666666,606.9166666666666,53.780417749709834,213.4745105783514,1078.0,424.0,-27.20403022670025,0.0,8302.0,1350.0
2024,5,816.0,90.0,3,3.0,1,2,3,3,18.620166559696884,79.4536806438775,2193.575419134703,2,3,5,0,0,0.0013676302049297243,272.0,30.0,1.0,1.0,272.0,30.0,272.0,578.0,90.0,736.6666666666666,783.8333333333334,615.25,139.15938104681732,170.11574491112418,1078.0,578.0,41.1764705882353,0.0,8880.0,1440.0
2024,7,641.0,90.0,3,3.0,1,2,3,3,18.620166559696884,79.4536806438775,2193.575419134703,3,3,7,0,0,0.0013676302049297243,213.66666666666666,30.0,1.0,1.0,213.66666666666666,30.0,213.66666666666666,816.0,90.0,729.3333333333334,740.1666666666666,637.3333333333334,131.51932684337044,97.73109365328253,838.0,578.0,-21.44607843137255,0.0,9696.0,1530.0
2024,8,580.0,90.0,3,3.0,1,2,3,3,18.620166559696884,79.4536806438775,2193.575419134703,3,3,8,0,0,0.0013676302049297243,193.33333333333334,30.0,1.0,1.0,193.33333333333334,30.0,193.33333333333334,641.0,90.0,678.3333333333334,733.0,640.25,123.31396244275544,104.04614360945826,838.0,578.0,-9.51638065522621,0.0,10337.0,1620.0
2024,9,903.0,90.0,3,3.0,1,2,3,3,18.620166559696884,79.4536806438775,2193.575419134703,3,3,9,0,0,0.0013676302049297243,301.0,30.0,1.0,1.0,301.0,30.0,301.0,580.0,90.0,679.0,707.8333333333334,675.25,122.50306118624123,121.4354423826367,838.0,578.0,55.689655172413794,0.0,10917.0,1710.0
2024,10,631.0,90.0,3,3.0,1,2,3,3,18.620166559696884,79.4536806438775,2193.575419134703,4,3,10,0,0,0.0013676302049297243,210.33333333333334,30.0,1.0,1.0,210.33333333333334,30.0,210.33333333333334,903.0,90.0,708.0,718.6666666666666,710.9166666666666,171.60710940983756,137.240907409805,903.0,578.0,-30.121816168327797,0.0,11820.0,1800.0
2024,11,1201.0,90.0,3,3.0,1,2,3,3,18.620166559696884,79.4536806438775,2193.575419134703,4,3,11,0,0,0.0013676302049297243,400.3333333333333,30.0,1.0,1.0,400.3333333333333,30.0,400.3333333333333,631.0,90.0,704.6666666666666,691.5,724.8333333333334,173.64427238850493,135.46770832932845,903.0,578.0,90.33280507131538,0.0,12451.0,1890.0
2024,12,534.0,90.0,3,3.0,1,2,3,3,18.620166559696884,79.4536806438775,2193.575419134703,4,3,12,0,0,0.0013676302049297243,178.0,30.0,1.0,1.0,178.0,30.0,178.0,1201.0,90.0,911.6666666666666,795.3333333333334,789.5833333333334,285.0988132794195,233.9988603960855,1201.0,580.0,-55.537052456286425,0.0,13652.0,1980.0
2025,1,1500.0,90.0,3,3.0,1,2,3,3,18.620166559696884,79.4536806438775,2193.575419134703,1,4,1,0,0,0.0013676302049297243,500.0,30.0,1.0,1.0,500.0,30.0,500.0,534.0,90.0,788.6666666666666,748.3333333333334,744.25,360.3697175586946,256.27771394849515,1201.0,534.0,180.8988764044944,0.0,14186.0,2070.0
2025,2,1529.0,90.0,3,3.0,1,2,3,3,18.620166559696884,79.4536806438775,2193.575419134703,1,4,2,0,0,0.0013676302049297243,509.6666666666667,30.0,1.0,1.0,509.6666666666667,30.0,509.6666666666667,1500.0,90.0,1078.3333333333333,891.5,812.25,494.54457163468425,389.5878591537474,1500.0,534.0,1.9333333333333333,0.0,15686.0,2160.0
2025,3,2667.0,140.0,4,3.0,1,2,4,3,18.620166559696884,79.4536806438775,2193.575419134703,1,4,3,0,0,0.0013676302049297243,889.0,46.666666666666664,1.3333333333333333,0.75,666.75,35.0,889.0,1529.0,90.0,1187.6666666666667,1049.6666666666667,878.75,566.2776115416655,428.5247561887958,1529.0,534.0,74.42773054283846,55.55555555555556,17215.0,2250.0
2025,4,1937.0,140.0,4,4.0,1,2,4,3,18.620166559696884,79.4536806438775,2193.575419134703,2,4,4,0,0,0.0013676302049297243,645.6666666666666,46.666666666666664,1.3333333333333333,1.0,484.25,35.0,484.25,2667.0,140.0,1898.6666666666667,1343.6666666666667,1031.1666666666667,665.554155071797,773.7967864153139,2667.0,534.0,-27.371578552680916,0.0,19882.0,2390.0
2025,5,1616.0,190.0,5,4.0,1,2,4,3,18.620166559696884,79.4536806438775,2193.575419134703,2,4,5,0,0,0.0013676302049297243,538.6666666666666,63.333333333333336,1.6666666666666667,0.8,323.2,38.0,404.0,1937.0,140.0,2044.3333333333333,1561.3333333333333,1126.4166666666667,576.5425685353456,714.6587064233297,2667.0,534.0,-16.572018585441405,35.714285714285715,21819.0,2530.0
2025,6,2618.0,190.0,5,5.0,1,2,4,3,18.620166559696884,79.4536806438775,2193.575419134703,2,4,6,0,0,0.0013676302049297243,872.6666666666666,63.333333333333336,1.6666666666666667,1.0,523.6,38.0,523.6,1616.0,190.0,2073.3333333333335,1630.5,1212.9166666666667,538.6003465774356,692.55028698283,2667.0,534.0,62.004950495049506,0.0,23435.0,2720.0
2025,7,2761.0,244.0,6,5.0,1,2,4,3,18.620166559696884,79.4536806438775,2193.575419134703,3,4,7,0,0,0.0013676302049297243,920.3333333333334,81.33333333333333,2.0,0.8333333333333334,460.1666666666667,40.666666666666664,552.2,2618.0,190.0,2057.0,1977.8333333333333,1363.0833333333333,511.6649294215898,537.983426014842,2667.0,1500.0,5.46218487394958,28.42105263157895,26053.0,2910.0
2025,8,2982.0,244.0,6,6.0,1,2,4,3,18.620166559696884,79.4536806438775,2193.575419134703,3,4,8,0,0,0.0013676302049297243,994.0,81.33333333333333,2.0,1.0,497.0,40.666666666666664,497.0,2761.0,244.0,2331.6666666666665,2188.0,1539.75,623.8960917759734,559.8456930262126,2761.0,1529.0,8.004346251358204,0.0,28814.0,3154.0
2025,9,2679.0,244.0,6,6.0,1,2,4,3,18.620166559696884,79.4536806438775,2193.575419134703,3,4,9,0,0,0.0013676302049297243,893.0,81.33333333333333,2.0,1.0,446.5,40.666666666666664,446.5,2982.0,244.0,2787.0,2430.1666666666665,1739.9166666666667,183.38756773565808,531.3045893521595,2982.0,1616.0,-10.160965794768611,0.0,31796.0,3398.0
2025,10,3468.0,244.0,6,6.0,1,2,4,3,18.620166559696884,79.4536806438775,2193.575419134703,4,4,10,0,0,0.0013676302049297243,1156.0,81.33333333333333,2.0,1.0,578.0,40.666666666666664,578.0,2679.0,244.0,2807.3333333333335,2432.1666666666665,1887.9166666666667,156.7237484663187,532.3958740135641,2982.0,1616.0,29.451287793952968,0.0,34475.0,3642.0
2025,11,3505.0,412.0,9,6.0,1,2,5,3,18.620166559696884,79.4536806438775,2193.575419134703,4,4,11,0,0,0.0013676302049297243,1168.3333333333333,137.33333333333334,3.0,0.6666666666666666,389.44444444444446,45.77777777777778,584.1666666666666,3468.0,244.0,3043.0,2687.3333333333335,2124.3333333333335,398.0213562109458,608.9872467192287,3468.0,1616.0,1.0668973471741638,68.85245901639344,37943.0,3886.0
2025,12,3567.0,498.0,11,10.0,1,2,6,3,18.620166559696884,79.4536806438775,2193.575419134703,4,4,12,0,0,0.0013676302049297243,1189.0,166.0,3.6666666666666665,0.9090909090909091,324.27272727272725,45.27272727272727,356.7,3505.0,412.0,3217.3333333333335,3002.1666666666665,2316.3333333333335,466.5772533389663,395.0774185734569,3505.0,2618.0,1.768901569186876,20.87378640776699,41448.0,4298.0
2026,1,3398.0,498.0,11,11.0,1,2,6,3,18.620166559696884,79.4536806438775,2193.575419134703,1,5,1,0,0,0.0013676302049297243,1132.6666666666667,166.0,3.6666666666666665,1.0,308.90909090909093,45.27272727272727,308.90909090909093,3567.0,498.0,3513.3333333333335,3160.3333333333335,2569.0833333333335,50.023327891433034,400.4455851506748,3567.0,2679.0,-4.737874964956546,0.0,45015.0,4796.0
2026,2,3964.0,498.0,11,11.0,1,2,6,3,18.620166559696884,79.4536806438775,2193.575419134703,1,5,2,0,0,0.0013676302049297243,1321.3333333333333,166.0,3.6666666666666665,1.0,360.3636363636364,45.27272727272727,360.3636363636364,3398.0,498.0,3490.0,3266.5,2727.25,85.49268974596883,355.2952293515908,3567.0,2679.0,16.656856974690996,0.0,48413.0,5294.0
2026,3,3868.0,528.0,12,11.0,1,2,6,3,18.620166559696884,79.4536806438775,2193.575419134703,1,5,3,0,0,0.0013676302049297243,1289.3333333333333,176.0,4.0,0.9166666666666666,322.3333333333333,44.0,351.6363636363636,3964.0,498.0,3643.0,3430.1666666666665,2930.1666666666665,290.5529211692777,418.57349016232024,3964.0,2679.0,-2.4217961654894045,6.024096385542169,52377.0,5792.0
2026,4,5821.0,528.0,12,12.0,1,2,6,3,18.620166559696884,79.4536806438775,2193.575419134703,2,5,4,0,0,0.0013676302049297243,1940.3333333333333,176.0,4.0,1.0,485.0833333333333,44.0,485.0833333333333,3868.0,528.0,3743.3333333333335,3628.3333333333335,3030.25,302.8949212735892,231.4499225894574,3964.0,3398.0,50.491209927611166,0.0,56245.0,6320.0
2026,5,8227.0,528.0,12,12.0,1,2,6,3,18.620166559696884,79.4536806438775,2193.575419134703,2,5,5,0,0,0.0013676302049297243,2742.3333333333335,176.0,4.0,1.0,685.5833333333334,44.0,685.5833333333334,5821.0,528.0,4551.0,4020.5,3353.9166666666665,1100.8991779450107,908.5326081104622,5821.0,3398.0,41.33310427761553,0.0,62066.0,6848.0
2026,6,8405.0,528.0,12,12.0,1,2,6,3,18.620166559696884,79.4536806438775,2193.575419134703,2,5,6,0,1,0.0013676302049297243,2801.6666666666665,176.0,4.0,1.0,700.4166666666666,44.0,700.4166666666666,8227.0,528.0,5972.0,4807.5,3904.8333333333335,2183.419565727119,1888.9068531825487,8227.0,3398.0,2.1636076334022123,0.0,70293.0,7376.0
2026,4,2587.0,80.0,2,2.0,1,1,2,2,18.414077116741232,78.76343751929087,1809.3938935220497,2,5,4,1,0,0.0011053425167180865,1293.5,40.0,1.0,1.0,1293.5,40.0,1293.5,,,,,,,,,,,,,
2026,5,1745.0,80.0,2,2.0,1,1,2,2,18.414077116741232,78.76343751929087,1809.3938935220497,2,5,5,0,0,0.0011053425167180865,872.5,40.0,1.0,1.0,872.5,40.0,872.5,2587.0,80.0,2587.0,2587.0,2587.0,,,,,-32.547352145342096,0.0,2587.0,80.0
2026,6,3327.0,80.0,2,2.0,1,1,2,2,18.414077116741232,78.76343751929087,1809.3938935220497,2,5,6,0,1,0.0011053425167180865,1663.5,40.0,1.0,1.0,1663.5,40.0,1663.5,1745.0,80.0,2166.0,2166.0,2166.0,,,,,90.65902578796562,0.0,4332.0,160.0
2021,6,177.0,155.0,8,8.0,2,5,7,129,17.13094792118452,78.41255276864116,5002.066948810028,2,0,6,1,0,0.025789338951308634,1.372093023255814,1.2015503875968991,0.06201550387596899,1.0,22.125,19.375,22.125,,,,,,,,,,,,,
2021,7,429.0,155.0,8,8.0,2,5,7,129,17.13094792118452,78.41255276864116,5002.066948810028,3,0,7,0,0,0.025789338951308634,3.3255813953488373,1.2015503875968991,0.06201550387596899,1.0,53.625,19.375,53.625,177.0,155.0,177.0,177.0,177.0,,,,,142.3728813559322,0.0,177.0,155.0
2021,8,239.0,178.0,10,8.0,2,5,7,129,17.13094792118452,78.41255276864116,5002.066948810028,3,0,8,0,0,0.025789338951308634,1.8527131782945736,1.37984496124031,0.07751937984496124,0.8,23.9,17.8,29.875,429.0,155.0,303.0,303.0,303.0,,,,,-44.28904428904429,14.838709677419354,606.0,310.0
2021,9,2321.0,183.0,11,10.0,2,5,7,129,17.13094792118452,78.41255276864116,5002.066948810028,3,0,9,0,0,0.025789338951308634,17.992248062015506,1.4186046511627908,0.08527131782945736,0.9090909090909091,211.0,16.636363636363637,232.1,239.0,178.0,281.6666666666667,281.6666666666667,281.6666666666667,131.30625778436203,,,,871.1297071129707,2.808988764044944,845.0,488.0
2021,10,3439.0,183.0,11,11.0,2,5,7,129,17.13094792118452,78.41255276864116,5002.066948810028,4,0,10,0,0,0.025789338951308634,26.65891472868217,1.4186046511627908,0.08527131782945736,1.0,312.6363636363636,16.636363636363637,312.6363636363636,2321.0,183.0,996.3333333333334,791.5,791.5,1151.121771722407,,,,48.168892718655755,0.0,3166.0,671.0
2021,11,6548.0,188.0,12,11.0,2,5,7,129,17.13094792118452,78.41255276864116,5002.066948810028,4,0,11,0,0,0.025789338951308634,50.75968992248062,1.4573643410852712,0.09302325581395349,0.9166666666666666,545.6666666666666,15.666666666666666,595.2727272727273,3439.0,183.0,1999.6666666666667,1321.0,1321.0,1624.020114817958,,,,90.40418726373946,2.73224043715847,6605.0,854.0
2021,12,7261.0,188.0,12,12.0,2,5,7,129,17.13094792118452,78.41255276864116,5002.066948810028,4,0,12,0,0,0.025789338951308634,56.286821705426355,1.4573643410852712,0.09302325581395349,1.0,605.0833333333334,15.666666666666666,605.0833333333334,6548.0,188.0,4102.666666666667,2192.1666666666665,2192.1666666666665,2190.2562254981344,2511.1347567716607,6548.0,177.0,10.888821014050091,0.0,13153.0,1042.0
2022,1,8208.0,188.0,12,12.0,2,5,7,129,17.13094792118452,78.41255276864116,5002.066948810028,1,1,1,0,0,0.025789338951308634,63.627906976744185,1.4573643410852712,0.09302325581395349,1.0,684.0,15.666666666666666,684.0,7261.0,188.0,5749.333333333333,3372.8333333333335,2916.285714285714,2032.3194466749892,2993.2364034046273,7261.0,239.0,13.042280677592618,0.0,20414.0,1230.0
2022,2,8108.0,188.0,12,12.0,2,5,7,129,17.13094792118452,78.41255276864116,5002.066948810028,1,1,2,0,0,0.025789338951308634,62.85271317829457,1.4573643410852712,0.09302325581395349,1.0,675.6666666666666,15.666666666666666,675.6666666666666,8208.0,188.0,7339.0,4669.333333333333,3577.75,832.7442584611442,3144.0270143029416,8208.0,239.0,-1.2183235867446394,0.0,28622.0,1418.0
2022,3,8372.0,188.0,12,12.0,2,5,7,129,17.13094792118452,78.41255276864116,5002.066948810028,1,1,3,0,0,0.025789338951308634,64.89922480620154,1.4573643410852712,0.09302325581395349,1.0,697.6666666666666,15.666666666666666,697.6666666666666,8108.0,188.0,7859.0,5980.833333333333,4081.1111111111113,520.2912645816773,2502.03560459612,8208.0,2321.0,3.2560434139121854,0.0,36730.0,1606.0
2022,4,9589.0,188.0,12,12.0,2,5,7,129,17.13094792118452,78.41255276864116,5002.066948810028,2,1,4,0,0,0.025789338951308634,74.33333333333333,1.4573643410852712,0.09302325581395349,1.0,799.0833333333334,15.666666666666666,799.0833333333334,8372.0,188.0,8229.333333333334,6989.333333333333,4510.2,133.28665849714366,1871.9922720638222,8372.0,3439.0,14.536550406115623,0.0,45102.0,1794.0
2022,6,8014.0,223.0,14,13.0,2,5,7,129,17.13094792118452,78.41255276864116,5002.066948810028,2,1,6,0,0,0.025789338951308634,62.12403100775194,1.7286821705426356,0.10852713178294573,0.9285714285714286,572.4285714285714,15.928571428571429,616.4615384615385,9589.0,188.0,8689.666666666666,8014.333333333333,4971.909090909091,789.9521082529842,1036.4772388560555,9589.0,6548.0,-16.425070393158826,18.617021276595743,54691.0,1982.0
2022,7,8451.0,223.0,14,14.0,2,5,7,129,17.13094792118452,78.41255276864116,5002.066948810028,3,1,7,0,0,0.025789338951308634,65.51162790697674,1.7286821705426356,0.10852713178294573,1.0,603.6428571428571,15.928571428571429,603.6428571428571,8014.0,223.0,8658.333333333334,8258.666666666666,5225.416666666667,825.6187578618445,756.7165034982867,9589.0,7261.0,5.452957324681807,0.0,62705.0,2205.0
2022,8,8185.0,223.0,14,14.0,2,5,7,129,17.13094792118452,78.41255276864116,5002.066948810028,3,1,8,0,0,0.025789338951308634,63.44961240310077,1.7286821705426356,0.10852713178294573,1.0,584.6428571428571,15.928571428571429,584.6428571428571,8451.0,223.0,8684.666666666666,8457.0,5914.916666666667,813.0844564578362,577.7085770524836,9589.0,8014.0,-3.14755650218909,0.0,71156.0,2428.0
2022,9,10776.0,223.0,14,14.0,2,5,7,129,17.13094792118452,78.41255276864116,5002.066948810028,3,1,9,0,0,0.025789338951308634,83.53488372093024,1.7286821705426356,0.10852713178294573,1.0,769.7142857142857,15.928571428571429,769.7142857142857,8185.0,223.0,8216.666666666666,8453.166666666666,6561.25,220.2142895757096,579.7638887225315,9589.0,8014.0,31.65546731826512,0.0,79341.0,2651.0
2022,10,13107.0,228.0,15,14.0,2,5,7,129,17.13094792118452,78.41255276864116,5002.066948810028,4,1,10,0,0,0.025789338951308634,101.6046511627907,1.7674418604651163,0.11627906976744186,0.9333333333333333,873.8,15.2,936.2142857142857,10776.0,223.0,9137.333333333334,8897.833333333334,7439.333333333333,1425.3456890640016,1074.306737699561,10776.0,8014.0,21.63140311804009,2.242152466367713,90117.0,2874.0
2022,11,11738.0,228.0,15,15.0,2,5,7,129,17.13094792118452,78.41255276864116,5002.066948810028,4,1,11,0,0,0.025789338951308634,90.9922480620155,1.7674418604651163,0.11627906976744186,1.0,782.5333333333333,15.2,782.5333333333333,13107.0,228.0,10689.333333333334,9687.0,8338.166666666666,2462.144255183545,1973.5528368908722,13107.0,8014.0,-10.444800488288701,0.0,103224.0,3102.0
2022,12,14553.0,240.0,16,15.0,2,5,8,129,17.13094792118452,78.41255276864116,5002.066948810028,4,1,12,0,0,0.025789338951308634,112.81395348837209,1.8604651162790697,0.12403100775193798,0.9375,909.5625,15.0,970.2,11738.0,228.0,11873.666666666666,10045.166666666666,9029.75,1171.406988767495,2140.1799379179956,13107.0,8014.0,23.98193900153348,5.2631578947368425,114962.0,3330.0
2023,1,13869.0,258.0,18,16.0,2,5,8,129,17.13094792118452,78.41255276864116,5002.066948810028,1,2,1,0,0,0.025789338951308634,107.51162790697674,2.0,0.13953488372093023,0.8888888888888888,770.5,14.333333333333334,866.8125,14553.0,240.0,13132.666666666666,11135.0,9696.833333333334,1407.6755071156604,2528.6499955509876,14553.0,8185.0,-4.700061842918986,7.5,129515.0,3570.0
2023,2,14547.0,264.0,17,16.0,2,5,8,129,17.13094792118452,78.41255276864116,5002.066948810028,1,2,2,0,0,0.025789338951308634,112.76744186046511,2.046511627906977,0.13178294573643412,0.9411764705882353,855.7058823529412,15.529411764705882,909.1875,13869.0,258.0,13386.666666666666,12038.0,10247.5,1468.1758523192418,2338.751803847516,14553.0,8185.0,4.8886004758814625,2.3255813953488373,143384.0,3828.0
2023,3,16479.0,388.0,19,17.0,2,5,8,129,17.13094792118452,78.41255276864116,5002.066948810028,1,2,3,0,0,0.025789338951308634,127.74418604651163,3.007751937984496,0.14728682170542637,0.8947368421052632,867.3157894736842,20.42105263157895,969.3529411764706,14547.0,264.0,14323.0,13098.333333333334,10775.75,393.18697842120804,1552.5740776744524,14553.0,10776.0,13.281088884306042,46.96969696969697,157931.0,4092.0
2023,4,15990.0,388.0,19,18.0,2,5,8,129,17.13094792118452,78.41255276864116,5002.066948810028,2,2,4,0,0,0.025789338951308634,123.95348837209302,3.007751937984496,0.14728682170542637,0.9473684210526315,841.578947368421,20.42105263157895,888.3333333333334,16479.0,388.0,14965.0,14048.833333333334,11473.333333333334,1354.2776672455318,1591.691228431782,16479.0,11738.0,-2.967413071181504,0.0,174410.0,4480.0
2023,5,20121.0,514.0,23,19.0,2,5,8,129,17.13094792118452,78.41255276864116,5002.066948810028,2,2,5,0,0,0.025789338951308634,155.97674418604652,3.9844961240310077,0.17829457364341086,0.8260869565217391,874.8260869565217,22.347826086956523,1059.0,15990.0,388.0,15672.0,14529.333333333334,12108.166666666666,1004.4894225426167,1683.0449389920263,16479.0,11738.0,25.834896810506567,32.47422680412371,190400.0,4868.0
2023,6,23513.0,534.0,25,23.0,2,5,9,129,17.13094792118452,78.41255276864116,5002.066948810028,2,2,6,0,0,0.025789338951308634,182.27131782945736,4.1395348837209305,0.1937984496124031,0.92,940.52,21.36,1022.304347826087,20121.0,514.0,17530.0,15926.5,12985.833333333334,2257.1532956358988,2277.101117649369,20121.0,13869.0,16.85800904527608,3.8910505836575875,210521.0,5382.0
2023,7,20892.0,564.0,26,24.0,2,5,9,129,17.13094792118452,78.41255276864116,5002.066948810028,3,2,7,0,0,0.025789338951308634,161.95348837209303,4.372093023255814,0.20155038759689922,0.9230769230769231,803.5384615384615,21.692307692307693,870.5,23513.0,534.0,19874.666666666668,17419.833333333332,14277.416666666666,3767.5446026999243,3693.6204686820042,23513.0,13869.0,-11.147025049972356,5.617977528089888,234034.0,5916.0
2023,8,39849.0,725.0,29,27.0,2,5,9,129,17.13094792118452,78.41255276864116,5002.066948810028,3,2,8,0,0,0.025789338951308634,308.90697674418607,5.62015503875969,0.2248062015503876,0.9310344827586207,1374.103448275862,25.0,1475.888888888889,20892.0,564.0,21508.666666666668,18590.333333333332,15314.166666666666,1778.0957042109196,3447.934550809609,23513.0,14547.0,90.7380815623205,28.54609929078014,254926.0,6480.0
2023,9,36920.0,779.0,30,28.0,2,5,9,129,17.13094792118452,78.41255276864116,5002.066948810028,3,2,9,0,0,0.025789338951308634,286.2015503875969,6.038759689922481,0.23255813953488372,0.9333333333333333,1230.6666666666667,25.966666666666665,1318.5714285714287,39849.0,725.0,28084.666666666668,22807.333333333332,17952.833333333332,10272.149937249422,8812.775877478482,39849.0,15990.0,-7.350247183116264,7.448275862068965,294775.0,7205.0
2023,10,35837.0,873.0,32,29.0,2,5,10,129,17.13094792118452,78.41255276864116,5002.066948810028,4,2,10,0,0,0.025789338951308634,277.8062015503876,6.767441860465116,0.24806201550387597,0.90625,1119.90625,27.28125,1235.7586206896551,36920.0,779.0,32553.666666666668,26214.166666666668,20131.5,10204.93078532791,9775.536515540545,39849.0,15990.0,-2.9333694474539547,12.066752246469832,331695.0,7984.0
2023,11,40915.0,881.0,33,31.0,2,5,11,129,17.13094792118452,78.41255276864116,5002.066948810028,4,2,11,0,0,0.025789338951308634,317.17054263565893,6.829457364341085,0.2558139534883721,0.9393939393939394,1239.8484848484848,26.696969696969695,1319.8387096774193,35837.0,873.0,37535.333333333336,29522.0,22025.666666666668,2075.5751813252373,8946.735046931919,39849.0,20121.0,14.169712866590395,0.9163802978235968,367532.0,8857.0
2023,12,48464.0,965.0,35,32.0,2,5,11,129,17.13094792118452,78.41255276864116,5002.066948810028,4,2,12,0,0,0.025789338951308634,375.68992248062017,7.48062015503876,0.2713178294573643,0.9142857142857143,1384.6857142857143,27.571428571428573,1514.5,40915.0,881.0,37890.666666666664,32987.666666666664,24457.083333333332,2674.540396653844,8597.405600916272,40915.0,20892.0,18.450446046682146,9.534619750283769,408447.0,9738.0
2024,1,45119.0,965.0,35,33.0,2,5,11,129,17.13094792118452,78.41255276864116,5002.066948810028,1,3,1,0,0,0.025789338951308634,349.7596899224806,7.48062015503876,0.2713178294573643,0.9428571428571428,1289.1142857142856,27.571428571428573,1367.2424242424242,48464.0,965.0,41738.666666666664,37146.166666666664,27283.0,6353.668415437913,9116.64156181795,48464.0,20892.0,-6.902030373060416,0.0,456911.0,10703.0
2024,2,48886.0,1100.0,37,36.0,2,5,11,129,17.13094792118452,78.41255276864116,5002.066948810028,1,3,2,0,0,0.025789338951308634,378.9612403100775,8.527131782945736,0.2868217054263566,0.972972972972973,1321.2432432432433,29.72972972972973,1357.9444444444443,45119.0,965.0,44832.666666666664,41184.0,29887.166666666668,3782.6366906343683,4839.613951546107,48464.0,35837.0,8.349032558345709,13.989637305699482,502030.0,11668.0
2024,3,52234.0,1172.0,39,37.0,2,6,12,129,17.13094792118452,78.41255276864116,5002.066948810028,1,3,3,0,0,0.025789338951308634,404.91472868217056,9.085271317829458,0.3023255813953488,0.9487179487179487,1339.3333333333333,30.05128205128205,1411.7297297297298,48886.0,1100.0,47489.666666666664,42690.166666666664,32748.75,2063.871685287953,5675.150514890894,48886.0,35837.0,6.848586507384527,6.545454545454546,550916.0,12768.0
2024,4,54691.0,1226.0,40,40.0,2,6,12,129,17.13094792118452,78.41255276864116,5002.066948810028,2,3,4,0,0,0.025789338951308634,423.9612403100775,9.503875968992247,0.31007751937984496,1.0,1367.275,30.65,1367.275,52234.0,1172.0,48746.333333333336,45242.5,35728.333333333336,3559.5556370610825,5995.667861047649,52234.0,35837.0,4.70383275261324,4.607508532423208,603150.0,13940.0
2024,5,59240.0,1321.0,41,40.0,2,6,12,129,17.13094792118452,78.41255276864116,5002.066948810028,2,3,5,0,0,0.025789338951308634,459.2248062015504,10.24031007751938,0.3178294573643411,0.975609756097561,1444.878048780488,32.21951219512195,1481.0,54691.0,1226.0,51937.0,48384.833333333336,38953.416666666664,2913.874225151111,4925.5524529403165,54691.0,40915.0,8.31763909966905,7.748776508972267,657841.0,15166.0
2024,6,64671.0,1321.0,41,41.0,2,6,12,129,17.13094792118452,78.41255276864116,5002.066948810028,2,3,6,0,0,0.025789338951308634,501.3255813953488,10.24031007751938,0.3178294573643411,1.0,1577.341463414634,32.21951219512195,1577.341463414634,59240.0,1321.0,55388.333333333336,51439.0,42213.333333333336,3554.6749968644554,5047.255967354908,59240.0,45119.0,9.167792032410533,0.0,717081.0,16487.0
2024,7,62999.0,1375.0,42,41.0,2,6,12,129,17.13094792118452,78.41255276864116,5002.066948810028,3,3,7,0,0,0.025789338951308634,488.3643410852713,10.65891472868217,0.32558139534883723,0.9761904761904762,1499.9761904761904,32.73809523809524,1536.560975609756,64671.0,1321.0,59534.0,54140.166666666664,45643.166666666664,4996.491469021034,7068.6824066912495,64671.0,45119.0,-2.5853937622736622,4.08781226343679,781752.0,17808.0
2024,8,66475.0,1429.0,43,43.0,2,6,12,129,17.13094792118452,78.41255276864116,5002.066948810028,3,3,8,0,0,0.025789338951308634,515.3100775193799,11.077519379844961,0.3333333333333333,1.0,1545.9302325581396,33.23255813953488,1545.9302325581396,62999.0,1375.0,62303.333333333336,57120.166666666664,49152.083333333336,2781.5291358052154,6223.285865735755,64671.0,48886.0,5.5175478975856755,3.9272727272727272,844751.0,19183.0
2024,9,76588.0,1699.0,48,46.0,2,6,12,129,17.13094792118452,78.41255276864116,5002.066948810028,3,3,9,0,0,0.025789338951308634,593.7054263565891,13.170542635658915,0.37209302325581395,0.9583333333333334,1595.5833333333333,35.395833333333336,1664.9565217391305,66475.0,1429.0,64715.0,60051.666666666664,51370.916666666664,1738.417671332172,5688.509248183256,66475.0,52234.0,15.213238059420835,18.894331700489854,911226.0,20612.0
2024,10,63995.0,1783.0,49,48.0,2,6,12,129,17.13094792118452,78.41255276864116,5002.066948810028,4,3,10,0,0,0.025789338951308634,496.08527131782944,13.821705426356589,0.3798449612403101,0.9795918367346939,1306.0204081632653,36.38775510204081,1333.2291666666667,76588.0,1699.0,68687.33333333333,64110.666666666664,54676.583333333336,7059.464875848122,7419.935435478294,76588.0,54691.0,-16.442523632945107,4.94408475573867,987814.0,22311.0
2024,11,80025.0,1783.0,49,48.0,2,6,12,129,17.13094792118452,78.41255276864116,5002.066948810028,4,3,11,0,0,0.025789338951308634,620.3488372093024,13.821705426356589,0.3798449612403101,0.9795918367346939,1633.1632653061224,36.38775510204081,1667.1875,63995.0,1783.0,69019.33333333333,65661.33333333333,57023.083333333336,6670.917203303706,5867.419625923007,76588.0,59240.0,25.048831939995313,0.0,1051809.0,24094.0
2024,12,64554.0,1778.0,48,48.0,2,6,12,129,17.13094792118452,78.41255276864116,5002.066948810028,4,3,12,0,0,0.025789338951308634,500.4186046511628,13.782945736434108,0.37209302325581395,1.0,1344.875,37.041666666666664,1344.875,80025.0,1783.0,73536.0,69125.5,60282.25,8439.564739961417,7283.018048858581,80025.0,62999.0,-19.332708528584817,-0.28042624789680315,1131834.0,25877.0
2025,1,77310.0,1936.0,51,48.0,2,6,12,129,17.13094792118452,78.41255276864116,5002.066948810028,1,4,1,0,0,0.025789338951308634,599.3023255813954,15.007751937984496,0.3953488372093023,0.9411764705882353,1515.8823529411766,37.96078431372549,1610.625,64554.0,1778.0,69524.66666666667,69106.0,61623.083333333336,9097.849764275808,7297.472439139448,80025.0,62999.0,19.760200762152618,8.88638920134983,1196388.0,27655.0
2025,2,83276.0,2059.0,54,51.0,2,6,12,129,17.13094792118452,78.41255276864116,5002.066948810028,1,4,2,0,0,0.025789338951308634,645.5503875968992,15.96124031007752,0.4186046511627907,0.9444444444444444,1542.148148148148,38.129629629629626,1632.862745098039,77310.0,1936.0,73963.0,71491.16666666667,64305.666666666664,8260.736468378593,7240.739835587697,80025.0,63995.0,7.7169835726296725,6.353305785123967,1273698.0,29591.0
2025,3,91044.0,2383.0,60,54.0,2,6,12,129,17.13094792118452,78.41255276864116,5002.066948810028,1,4,3,0,0,0.025789338951308634,705.7674418604652,18.472868217054263,0.46511627906976744,0.9,1517.4,39.71666666666667,1686.0,83276.0,2059.0,75046.66666666667,74291.33333333333,67171.5,9564.012198514456,8109.455411226242,83276.0,63995.0,9.328017676161199,15.735794074793588,1356974.0,31650.0
2025,4,115344.0,3139.0,74,67.0,2,6,13,129,17.13094792118452,78.41255276864116,5002.066948810028,2,4,4,0,0,0.025789338951308634,894.1395348837209,24.333333333333332,0.5736434108527132,0.9054054054054054,1558.7027027027027,42.41891891891892,1721.55223880597,91044.0,2383.0,83876.66666666667,76700.66666666667,70405.66666666667,6886.674766048796,10671.121546804092,91044.0,63995.0,26.690391459074732,31.724716743600503,1448018.0,34033.0
2025,5,146118.0,3624.0,83,76.0,2,6,14,129,17.13094792118452,78.41255276864116,5002.066948810028,2,4,5,0,0,0.025789338951308634,1132.6976744186047,28.093023255813954,0.6434108527131783,0.9156626506024096,1760.4578313253012,43.66265060240964,1922.6052631578948,115344.0,3139.0,96554.66666666667,85258.83333333333,75460.08333333333,16729.158416768405,17098.44508037694,115344.0,64554.0,26.68019142738244,15.450780503345014,1563362.0,37172.0
2025,6,149844.0,3947.0,89,86.0,2,6,14,129,17.13094792118452,78.41255276864116,5002.066948810028,2,4,6,0,0,0.025789338951308634,1161.5813953488373,30.5968992248062,0.689922480620155,0.9662921348314607,1683.6404494382023,44.348314606741575,1742.3720930232557,146118.0,3624.0,117502.0,96274.33333333333,82699.91666666667,27600.345867398108,29699.09707493927,146118.0,64554.0,2.549993840594588,8.91280353200883,1709480.0,40796.0
2025,7,144038.0,4055.0,91,89.0,2,6,14,129,17.13094792118452,78.41255276864116,5002.066948810028,3,4,7,0,0,0.025789338951308634,1116.5736434108528,31.434108527131784,0.7054263565891473,0.978021978021978,1582.8351648351647,44.56043956043956,1618.4044943820224,149844.0,3947.0,137102.0,110489.33333333333,89797.66666666667,18934.85389433992,31816.078090592277,149844.0,77310.0,-3.8746963508715733,2.736255383835825,1859324.0,44743.0
2025,8,165386.0,4270.0,95,93.0,2,6,14,129,17.13094792118452,78.41255276864116,5002.066948810028,3,4,8,0,0,0.025789338951308634,1282.062015503876,33.10077519379845,0.7364341085271318,0.9789473684210527,1740.9052631578948,44.94736842105263,1778.3440860215053,144038.0,4055.0,146666.66666666666,121610.66666666667,96550.91666666667,2941.6297070387827,29474.92042171896,149844.0,83276.0,14.821088879323511,5.302096177558569,2003362.0,48798.0
2025,10,182121.0,4507.0,99,98.0,2,6,14,129,17.13094792118452,78.41255276864116,5002.066948810028,4,4,10,0,0,0.025789338951308634,1411.7906976744187,34.93798449612403,0.7674418604651163,0.98989898989899,1839.6060606060605,45.525252525252526,1858.3775510204082,165386.0,4270.0,153089.33333333334,135295.66666666666,104793.5,11037.817598299629,27081.035649817113,165386.0,91044.0,10.118752494165165,5.5503512880562065,2168748.0,53068.0
2025,11,183952.0,4624.0,102,99.0,2,6,14,129,17.13094792118452,78.41255276864116,5002.066948810028,4,4,11,0,0,0.025789338951308634,1425.984496124031,35.84496124031008,0.7906976744186046,0.9705882352941176,1803.450980392157,45.333333333333336,1858.1010101010102,182121.0,4507.0,163848.33333333334,150475.16666666666,113587.91666666667,19088.007657514518,22444.647365611796,182121.0,115344.0,1.0053755470264274,2.595961837142223,2350869.0,57575.0
2025,12,202498.0,4886.0,105,102.0,2,6,14,129,17.13094792118452,78.41255276864116,5002.066948810028,4,4,12,0,0,0.025789338951308634,1569.7519379844962,37.87596899224806,0.813953488372093,0.9714285714285714,1928.5523809523809,46.53333333333333,1985.2745098039215,183952.0,4624.0,177153.0,161909.83333333334,123584.33333333333,10231.561806488751,18004.44869932607,183952.0,144038.0,10.08197790728016,5.666089965397924,2534821.0,62199.0
2026,1,230785.0,5048.0,108,106.0,2,6,14,129,17.13094792118452,78.41255276864116,5002.066948810028,1,5,1,0,0,0.025789338951308634,1789.031007751938,39.13178294573643,0.8372093023255814,0.9814814814814815,2136.8981481481483,46.74074074074074,2177.2169811320755,202498.0,4886.0,189523.66666666666,171306.5,133790.41666666666,11273.337320125429,22311.584755458258,202498.0,144038.0,13.969026854586218,3.3155955792058944,2737319.0,67085.0
2026,2,234759.0,5324.0,113,107.0,2,6,14,129,17.13094792118452,78.41255276864116,5002.066948810028,1,5,2,0,0,0.025789338951308634,1819.8372093023256,41.27131782945737,0.875968992248062,0.9469026548672567,2077.5132743362833,47.11504424778761,2194.0093457943926,230785.0,5048.0,205745.0,184796.66666666666,147643.0,23584.73508437183,29913.808006782823,230785.0,144038.0,1.7219490001516562,5.467511885895404,2968104.0,72133.0
2026,3,237376.0,5407.0,115,113.0,2,6,14,129,17.13094792118452,78.41255276864116,5002.066948810028,1,5,3,0,0,0.025789338951308634,1840.124031007752,41.91472868217054,0.8914728682170543,0.9826086956521739,2064.1391304347826,47.017391304347825,2100.6725663716816,234759.0,5324.0,222680.66666666666,199916.83333333334,160763.75,17591.281770619586,28062.176504445702,234759.0,165386.0,1.114760243483743,1.5589782118707738,3202863.0,77457.0
2026,4,305496.0,5402.0,114,114.0,2,6,14,129,17.13094792118452,78.41255276864116,5002.066948810028,2,5,4,0,0,0.025789338951308634,2368.186046511628,41.87596899224806,0.8837209302325582,1.0,2679.7894736842104,47.3859649122807,2679.7894736842104,237376.0,5407.0,234306.66666666666,211915.16666666666,173605.41666666666,3318.700699571011,25629.98029977131,237376.0,182121.0,28.697088163925585,-0.0924727205474385,3440239.0,82864.0
2026,5,360729.0,5444.0,114,113.0,2,6,14,129,17.13094792118452,78.41255276864116,5002.066948810028,2,5,5,0,0,0.025789338951308634,2796.3488372093025,42.201550387596896,0.8837209302325582,0.9912280701754386,3164.2894736842104,47.75438596491228,3192.29203539823,305496.0,5402.0,259210.33333333334,232477.66666666666,191476.41666666666,40105.91448070138,41514.481842685535,305496.0,183952.0,18.079778458637755,0.777489818585709,3745735.0,88266.0
2026,6,387272.0,5606.0,117,114.0,2,6,14,129,17.13094792118452,78.41255276864116,5002.066948810028,2,5,6,0,1,0.025789338951308634,3002.108527131783,43.457364341085274,0.9069767441860465,0.9743589743589743,3310.017094017094,47.914529914529915,3397.122807017544,360729.0,5444.0,301200.3333333333,261940.5,211925.16666666666,61788.5929305186,59165.148358641025,360729.0,202498.0,7.358155291091096,2.9757531227038942,4106464.0,93710.0
2021,7,9.0,22.0,1,1.0,1,1,1,18,17.785308465824144,77.87426478490553,4460.5550039511645,3,0,7,1,0,0.004035372276332335,0.5,1.2222222222222223,0.05555555555555555,1.0,9.0,22.0,9.0,,,,,,,,,,,,,
2021,8,22.0,22.0,1,1.0,1,1,1,18,17.785308465824144,77.87426478490553,4460.5550039511645,3,0,8,0,0,0.004035372276332335,1.2222222222222223,1.2222222222222223,0.05555555555555555,1.0,22.0,22.0,22.0,9.0,22.0,9.0,9.0,9.0,,,,,144.44444444444446,0.0,9.0,22.0
2021,9,26.0,22.0,1,1.0,1,1,1,18,17.785308465824144,77.87426478490553,4460.5550039511645,3,0,9,0,0,0.004035372276332335,1.4444444444444444,1.2222222222222223,0.05555555555555555,1.0,26.0,22.0,26.0,22.0,22.0,15.5,15.5,15.5,,,,,18.181818181818183,0.0,31.0,44.0
2021,10,23.0,22.0,1,1.0,1,1,1,18,17.785308465824144,77.87426478490553,4460.5550039511645,4,0,10,0,0,0.004035372276332335,1.2777777777777777,1.2222222222222223,0.05555555555555555,1.0,23.0,22.0,23.0,26.0,22.0,19.0,19.0,19.0,8.888194417315589,,,,-11.538461538461538,0.0,57.0,66.0
2021,11,29.0,22.0,1,1.0,1,1,1,18,17.785308465824144,77.87426478490553,4460.5550039511645,4,0,11,0,0,0.004035372276332335,1.6111111111111112,1.2222222222222223,0.05555555555555555,1.0,29.0,22.0,29.0,23.0,22.0,23.666666666666668,20.0,20.0,2.081665999466133,,,,26.08695652173913,0.0,80.0,88.0
2021,12,24.0,22.0,1,1.0,1,1,1,18,17.785308465824144,77.87426478490553,4460.5550039511645,4,0,12,0,0,0.004035372276332335,1.3333333333333333,1.2222222222222223,0.05555555555555555,1.0,24.0,22.0,24.0,29.0,22.0,26.0,21.8,21.8,3.0,,,,-17.24137931034483,0.0,109.0,110.0
2022,1,24.0,22.0,1,1.0,1,1,1,18,17.785308465824144,77.87426478490553,4460.5550039511645,1,1,1,0,0,0.004035372276332335,1.3333333333333333,1.2222222222222223,0.05555555555555555,1.0,24.0,22.0,24.0,24.0,22.0,25.333333333333332,22.166666666666668,22.166666666666668,3.214550253664318,6.911343333004567,29.0,9.0,0.0,0.0,133.0,132.0
2022,2,24.0,22.0,1,1.0,1,1,1,18,17.785308465824144,77.87426478490553,4460.5550039511645,1,1,2,0,0,0.004035372276332335,1.3333333333333333,1.2222222222222223,0.05555555555555555,1.0,24.0,22.0,24.0,24.0,22.0,25.666666666666668,24.666666666666668,22.428571428571427,2.886751345948129,2.5033311140691445,29.0,22.0,0.0,0.0,157.0,154.0
2022,3,44.0,22.0,1,1.0,1,1,1,18,17.785308465824144,77.87426478490553,4460.5550039511645,1,1,3,0,0,0.004035372276332335,2.4444444444444446,1.2222222222222223,0.05555555555555555,1.0,44.0,22.0,44.0,24.0,22.0,24.0,25.0,22.625,0.0,2.1908902300206634,29.0,23.0,83.33333333333333,0.0,181.0,176.0
2022,4,42.0,22.0,1,1.0,1,1,1,18,17.785308465824144,77.87426478490553,4460.5550039511645,2,1,4,0,0,0.004035372276332335,2.3333333333333335,1.2222222222222223,0.05555555555555555,1.0,42.0,22.0,42.0,44.0,22.0,30.666666666666668,28.0,25.0,11.547005383792515,8.124038404635959,44.0,23.0,-4.545454545454546,0.0,225.0,198.0
2022,6,38.0,22.0,1,1.0,1,1,1,18,17.785308465824144,77.87426478490553,4460.5550039511645,2,1,6,0,0,0.004035372276332335,2.111111111111111,1.2222222222222223,0.05555555555555555,1.0,38.0,22.0,38.0,42.0,22.0,36.666666666666664,31.166666666666668,26.7,11.015141094572202,9.389710680668847,44.0,24.0,-9.523809523809524,0.0,267.0,220.0
2022,7,36.0,22.0,1,1.0,1,1,1,18,17.785308465824144,77.87426478490553,4460.5550039511645,3,1,7,0,0,0.004035372276332335,2.0,1.2222222222222223,0.05555555555555555,1.0,36.0,22.0,36.0,38.0,22.0,41.333333333333336,32.666666666666664,27.727272727272727,3.0550504633038944,9.688481133111969,44.0,24.0,-5.2631578947368425,0.0,305.0,242.0
2022,8,22.0,22.0,1,1.0,1,1,1,18,17.785308465824144,77.87426478490553,4460.5550039511645,3,1,8,0,0,0.004035372276332335,1.2222222222222223,1.2222222222222223,0.05555555555555555,1.0,22.0,22.0,22.0,36.0,22.0,38.666666666666664,34.666666666666664,28.416666666666668,3.0550504633038944,8.733078876700162,44.0,24.0,-38.888888888888886,0.0,341.0,264.0
2022,9,8.0,22.0,1,1.0,1,1,1,18,17.785308465824144,77.87426478490553,4460.5550039511645,3,1,9,0,0,0.004035372276332335,0.4444444444444444,1.2222222222222223,0.05555555555555555,1.0,8.0,22.0,8.0,22.0,22.0,32.0,34.333333333333336,29.5,8.717797887081348,9.244818368506033,44.0,22.0,-63.63636363636363,0.0,363.0,286.0
2022,10,5.0,22.0,1,1.0,1,1,1,18,17.785308465824144,77.87426478490553,4460.5550039511645,4,1,10,0,0,0.004035372276332335,0.2777777777777778,1.2222222222222223,0.05555555555555555,1.0,5.0,22.0,5.0,8.0,22.0,22.0,31.666666666666668,28.333333333333332,14.0,13.93795776527776,44.0,8.0,-37.5,0.0,371.0,308.0
2022,11,6.0,52.0,2,1.0,1,2,2,18,17.785308465824144,77.87426478490553,4460.5550039511645,4,1,11,0,0,0.004035372276332335,0.3333333333333333,2.888888888888889,0.1111111111111111,0.5,3.0,26.0,6.0,5.0,22.0,11.666666666666666,25.166666666666668,26.583333333333332,9.073771725877465,15.980196077228422,42.0,5.0,20.0,136.36363636363637,376.0,330.0
2022,12,123.0,52.0,2,2.0,1,2,2,18,17.785308465824144,77.87426478490553,4460.5550039511645,4,1,12,0,0,0.004035372276332335,6.833333333333333,2.888888888888889,0.1111111111111111,1.0,61.5,26.0,61.5,6.0,52.0,6.333333333333333,19.166666666666668,25.166666666666668,1.5275252316519419,15.131644546005788,38.0,5.0,1950.0,0.0,382.0,382.0
2023,1,69.0,52.0,2,2.0,1,2,2,18,17.785308465824144,77.87426478490553,4460.5550039511645,1,2,1,0,0,0.004035372276332335,3.8333333333333335,2.888888888888889,0.1111111111111111,1.0,34.5,26.0,34.5,123.0,52.0,44.666666666666664,33.333333333333336,33.0,67.84049921199971,45.53533426545441,123.0,5.0,-43.90243902439025,0.0,505.0,434.0
2023,2,29.0,82.0,3,2.0,1,2,3,18,17.785308465824144,77.87426478490553,4460.5550039511645,1,2,2,0,0,0.004035372276332335,1.6111111111111112,4.555555555555555,0.16666666666666666,0.6666666666666666,9.666666666666666,27.333333333333332,14.5,69.0,52.0,66.0,38.833333333333336,36.75,58.55766388782941,47.855685834252405,123.0,5.0,-57.971014492753625,57.69230769230769,574.0,486.0
2023,3,146.0,197.0,7,3.0,1,3,5,18,17.785308465824144,77.87426478490553,4460.5550039511645,1,2,3,0,0,0.004035372276332335,8.11111111111111,10.944444444444445,0.3888888888888889,0.42857142857142855,20.857142857142858,28.142857142857142,48.666666666666664,29.0,82.0,73.66666666666667,40.0,37.166666666666664,47.17343885422531,47.446812327067875,123.0,5.0,403.44827586206895,140.2439024390244,603.0,568.0
2023,4,1937.0,257.0,9,7.0,1,3,6,18,17.785308465824144,77.87426478490553,4460.5550039511645,2,2,4,0,0,0.004035372276332335,107.61111111111111,14.277777777777779,0.5,0.7777777777777778,215.22222222222223,28.555555555555557,276.7142857142857,146.0,197.0,81.33333333333333,63.0,47.333333333333336,59.46707772653146,60.48801534188405,146.0,5.0,1226.7123287671234,30.456852791878173,749.0,765.0
2023,5,4525.0,287.0,10,10.0,1,3,6,18,17.785308465824144,77.87426478490553,4460.5550039511645,2,2,5,0,0,0.004035372276332335,251.38888888888889,15.944444444444445,0.5555555555555556,1.0,452.5,28.7,452.5,1937.0,257.0,704.0,385.0,205.08333333333334,1069.4105853225878,762.1944633753253,1937.0,6.0,133.60867320598865,11.673151750972762,2686.0,1022.0
2023,6,3779.0,349.0,13,10.0,1,3,6,18,17.785308465824144,77.87426478490553,4460.5550039511645,2,2,6,0,0,0.004035372276332335,209.94444444444446,19.38888888888889,0.7222222222222222,0.7692307692307693,290.6923076923077,26.846153846153847,377.9,4525.0,287.0,2202.6666666666665,1138.1666666666667,578.6666666666666,2201.5549807654893,1816.430611574983,4525.0,29.0,-16.486187845303867,21.60278745644599,7211.0,1309.0
2023,7,7571.0,403.0,14,13.0,1,3,6,18,17.785308465824144,77.87426478490553,4460.5550039511645,3,2,7,0,0,0.004035372276332335,420.6111111111111,22.38888888888889,0.7777777777777778,0.9285714285714286,540.7857142857143,28.785714285714285,582.3846153846154,3779.0,349.0,3413.6666666666665,1747.5,890.4166666666666,1332.1176124251685,2010.612618084349,4525.0,29.0,100.34400635088647,15.472779369627506,10990.0,1658.0
2023,8,11829.0,457.0,15,14.0,1,4,7,18,17.785308465824144,77.87426478490553,4460.5550039511645,3,2,8,0,0,0.004035372276332335,657.1666666666666,25.38888888888889,0.8333333333333334,0.9333333333333333,788.6,30.466666666666665,844.9285714285714,7571.0,403.0,5291.666666666667,2997.8333333333335,1518.3333333333333,2008.892563910109,2895.810934205938,7571.0,29.0,56.24091929731872,13.399503722084367,18561.0,2061.0
2023,9,8358.0,482.0,16,16.0,1,4,7,18,17.785308465824144,77.87426478490553,4460.5550039511645,3,2,9,0,0,0.004035372276332335,464.3333333333333,26.77777777777778,0.8888888888888888,1.0,522.375,30.125,522.375,11829.0,457.0,7726.333333333333,4964.5,2502.25,4027.2473643089434,4192.790753185759,11829.0,146.0,-29.34313974131372,5.470459518599562,30390.0,2518.0
2023,10,8239.0,482.0,16,16.0,1,4,7,18,17.785308465824144,77.87426478490553,4460.5550039511645,4,2,10,0,0,0.004035372276332335,457.72222222222223,26.77777777777778,0.8888888888888888,1.0,514.9375,30.125,514.9375,8358.0,482.0,9252.666666666666,6333.166666666667,3198.0833333333335,2265.6041872607243,3604.3274222338164,11829.0,1937.0,-1.423785594639866,0.0,38748.0,3000.0
2023,11,10701.0,482.0,16,16.0,1,4,7,18,17.785308465824144,77.87426478490553,4460.5550039511645,4,2,11,0,0,0.004035372276332335,594.5,26.77777777777778,0.8888888888888888,1.0,668.8125,30.125,668.8125,8239.0,482.0,9475.333333333334,7383.5,3884.25,2039.2033575230619,2920.362974015388,11829.0,3779.0,29.882267265444835,0.0,46987.0,3482.0
2023,12,19030.0,536.0,17,16.0,1,4,7,18,17.785308465824144,77.87426478490553,4460.5550039511645,4,2,12,0,0,0.004035372276332335,1057.2222222222222,29.77777777777778,0.9444444444444444,0.9411764705882353,1119.4117647058824,31.529411764705884,1189.375,10701.0,482.0,9099.333333333334,8412.833333333334,4775.5,1388.3595835853655,2797.149292881356,11829.0,3779.0,77.83384730399028,11.203319502074688,57688.0,3964.0
2024,1,17757.0,536.0,17,17.0,1,4,7,18,17.785308465824144,77.87426478490553,4460.5550039511645,1,3,1,0,0,0.004035372276332335,986.5,29.77777777777778,0.9444444444444444,1.0,1044.5294117647059,31.529411764705884,1044.5294117647059,19030.0,536.0,12656.666666666666,10954.666666666666,6351.083333333333,5655.076863609665,4280.339643844478,19030.0,7571.0,-6.689437729900158,0.0,76718.0,4500.0
2024,2,14701.0,542.0,17,17.0,1,4,7,18,17.785308465824144,77.87426478490553,4460.5550039511645,1,3,2,0,0,0.004035372276332335,816.7222222222222,30.11111111111111,0.9444444444444444,1.0,864.7647058823529,31.88235294117647,864.7647058823529,17757.0,536.0,15829.333333333334,12652.333333333334,7825.083333333333,4486.645108913043,4671.9726740068445,19030.0,8239.0,-17.2101143211128,1.1194029850746268,94475.0,5036.0
2024,3,19072.0,545.0,18,17.0,1,4,7,18,17.785308465824144,77.87426478490553,4460.5550039511645,1,3,3,0,0,0.004035372276332335,1059.5555555555557,30.27777777777778,1.0,0.9444444444444444,1059.5555555555557,30.27777777777778,1121.8823529411766,14701.0,542.0,17162.666666666668,13131.0,9047.75,2224.856025304409,4717.6492027279855,19030.0,8239.0,29.732671246853954,0.5535055350553506,109176.0,5578.0
2024,4,15458.0,599.0,19,17.0,1,4,7,18,17.785308465824144,77.87426478490553,4460.5550039511645,2,3,4,0,0,0.004035372276332335,858.7777777777778,33.27777777777778,1.0555555555555556,0.8947368421052632,813.578947368421,31.526315789473685,909.2941176470588,19072.0,545.0,17176.666666666668,14916.666666666666,10624.916666666666,2242.5432734583587,4575.224351511811,19072.0,8239.0,-18.949244966442954,9.908256880733944,128248.0,6123.0
2024,5,20989.0,599.0,19,18.0,1,4,7,18,17.785308465824144,77.87426478490553,4460.5550039511645,2,3,5,0,0,0.004035372276332335,1166.0555555555557,33.27777777777778,1.0555555555555556,0.9473684210526315,1104.6842105263158,31.526315789473685,1166.0555555555557,15458.0,599.0,16410.333333333332,16119.833333333334,11751.666666666666,2335.939710980001,3214.950663177689,19072.0,10701.0,35.78082546254367,0.0,143706.0,6722.0
2024,6,26057.0,620.0,19,18.0,1,4,7,18,17.785308465824144,77.87426478490553,4460.5550039511645,2,3,6,0,0,0.004035372276332335,1447.611111111111,34.44444444444444,1.0555555555555556,0.9473684210526315,1371.421052631579,32.63157894736842,1447.611111111111,20989.0,599.0,18506.333333333332,17834.5,13123.666666666666,2808.5537796761764,2382.606870635605,20989.0,14701.0,24.145981228262425,3.5058430717863107,164695.0,7321.0
2024,7,20136.0,620.0,19,18.0,1,4,7,18,17.785308465824144,77.87426478490553,4460.5550039511645,3,3,7,0,0,0.004035372276332335,1118.6666666666667,34.44444444444444,1.0555555555555556,0.9473684210526315,1059.7894736842106,32.63157894736842,1118.6666666666667,26057.0,620.0,20834.666666666668,19005.666666666668,14980.166666666666,5301.185181950667,4155.347767235211,26057.0,14701.0,-22.72326054419158,0.0,190752.0,7941.0
2024,8,24400.0,620.0,19,18.0,1,4,7,18,17.785308465824144,77.87426478490553,4460.5550039511645,3,3,8,0,0,0.004035372276332335,1355.5555555555557,34.44444444444444,1.0555555555555556,0.9473684210526315,1284.2105263157894,32.63157894736842,1355.5555555555557,20136.0,620.0,22394.0,19402.166666666668,16027.25,3200.793495369545,4125.767488197396,26057.0,14701.0,21.176003178386967,0.0,210888.0,8561.0
2024,9,8318.0,620.0,19,18.0,1,4,7,18,17.785308465824144,77.87426478490553,4460.5550039511645,3,3,9,0,0,0.004035372276332335,462.1111111111111,34.44444444444444,1.0555555555555556,0.9473684210526315,437.7894736842105,32.63157894736842,462.1111111111111,24400.0,620.0,23531.0,21018.666666666668,17074.833333333332,3054.657263916852,3802.860064039518,26057.0,15458.0,-65.90983606557377,0.0,235288.0,9181.0
2024,10,7397.0,620.0,19,18.0,1,4,7,18,17.785308465824144,77.87426478490553,4460.5550039511645,4,3,10,0,0,0.004035372276332335,410.94444444444446,34.44444444444444,1.0555555555555556,0.9473684210526315,389.3157894736842,32.63157894736842,410.94444444444446,8318.0,620.0,17618.0,19226.333333333332,17071.5,8331.44189201365,6489.243304628563,26057.0,8318.0,-11.072373166626592,0.0,243606.0,9801.0
2024,11,14372.0,620.0,19,18.0,1,4,7,18,17.785308465824144,77.87426478490553,4460.5550039511645,4,3,11,0,0,0.004035372276332335,798.4444444444445,34.44444444444444,1.0555555555555556,0.9473684210526315,756.421052631579,32.63157894736842,798.4444444444445,7397.0,620.0,13371.666666666666,17882.833333333332,17001.333333333332,9561.912064714532,8067.8898211779415,26057.0,7397.0,94.29498445315669,0.0,251003.0,10421.0
2024,12,15717.0,620.0,19,18.0,1,4,7,18,17.785308465824144,77.87426478490553,4460.5550039511645,4,3,12,0,0,0.004035372276332335,873.1666666666666,34.44444444444444,1.0555555555555556,0.9473684210526315,827.2105263157895,32.63157894736842,873.1666666666666,14372.0,620.0,10029.0,16780.0,17307.25,3789.234355381041,8010.423983785126,26057.0,7397.0,9.358474812134707,0.0,265375.0,11041.0
2025,1,16157.0,674.0,20,19.0,1,4,7,18,17.785308465824144,77.87426478490553,4460.5550039511645,1,4,1,0,0,0.004035372276332335,897.6111111111111,37.44444444444444,1.1111111111111112,0.95,807.85,33.7,850.3684210526316,15717.0,620.0,12495.333333333334,15056.666666666666,17031.166666666668,4466.207376884027,6604.277936812369,24400.0,7397.0,2.799516447159127,8.709677419354838,281092.0,11661.0
2025,2,18331.0,890.0,24,19.0,1,4,7,18,17.785308465824144,77.87426478490553,4460.5550039511645,1,4,2,0,0,0.004035372276332335,1018.3888888888889,49.44444444444444,1.3333333333333333,0.7916666666666666,763.7916666666666,37.083333333333336,964.7894736842105,16157.0,674.0,15415.333333333334,14393.5,16897.833333333332,929.9507155399706,6178.265152937349,24400.0,7397.0,13.455468218109798,32.047477744807125,297249.0,12335.0
2025,3,16397.0,890.0,24,23.0,1,4,7,18,17.785308465824144,77.87426478490553,4460.5550039511645,1,4,3,0,0,0.004035372276332335,910.9444444444445,49.44444444444444,1.3333333333333333,0.9583333333333334,683.2083333333334,37.083333333333336,712.9130434782609,18331.0,890.0,16735.0,13382.0,17200.333333333332,1399.5756499739373,4474.145102698388,18331.0,7397.0,-10.550433691560745,0.0,315580.0,13225.0
2025,4,20908.0,890.0,24,23.0,1,4,7,18,17.785308465824144,77.87426478490553,4460.5550039511645,2,4,4,0,0,0.004035372276332335,1161.5555555555557,49.44444444444444,1.3333333333333333,0.9583333333333334,871.1666666666666,37.083333333333336,909.0434782608696,16397.0,890.0,16961.666666666668,14728.5,16977.416666666668,1191.9334433320105,3812.0238063264997,18331.0,7397.0,27.511130084771604,0.0,331977.0,14115.0
2025,5,18435.0,1106.0,28,27.0,1,4,8,18,17.785308465824144,77.87426478490553,4460.5550039511645,2,4,5,0,0,0.004035372276332335,1024.1666666666667,61.44444444444444,1.5555555555555556,0.9642857142857143,658.3928571428571,39.5,682.7777777777778,20908.0,890.0,18545.333333333332,16980.333333333332,17431.583333333332,2263.1249044923047,2309.4776610018644,20908.0,14372.0,-11.828008417830496,24.269662921348313,352885.0,15005.0
2025,6,14755.0,1430.0,34,28.0,1,4,8,18,17.785308465824144,77.87426478490553,4460.5550039511645,2,4,6,0,0,0.004035372276332335,819.7222222222222,79.44444444444444,1.8888888888888888,0.8235294117647058,433.97058823529414,42.05882352941177,526.9642857142857,18435.0,1106.0,18580.0,17657.5,17218.75,2258.9929172088987,1961.109864337023,20908.0,15717.0,-19.96202874966097,29.29475587703436,371320.0,16111.0
2025,7,12854.0,1538.0,36,33.0,1,4,8,18,17.785308465824144,77.87426478490553,4460.5550039511645,3,4,7,0,0,0.004035372276332335,714.1111111111111,85.44444444444444,2.0,0.9166666666666666,357.05555555555554,42.72222222222222,389.5151515151515,14755.0,1430.0,18032.666666666668,17497.166666666668,16276.916666666666,3096.1680079306593,2178.737470799693,20908.0,14755.0,-12.88376821416469,7.5524475524475525,386075.0,17541.0
2025,8,21840.0,1700.0,39,35.0,1,4,8,18,17.785308465824144,77.87426478490553,4460.5550039511645,3,4,8,0,0,0.004035372276332335,1213.3333333333333,94.44444444444444,2.1666666666666665,0.8974358974358975,560.0,43.58974358974359,624.0,12854.0,1538.0,15348.0,16946.666666666668,15670.083333333334,2837.3626839020735,2887.183171651331,20908.0,12854.0,69.90819978216898,10.533159947984394,398929.0,19079.0
2025,10,31087.0,1700.0,39,38.0,1,4,8,18,17.785308465824144,77.87426478490553,4460.5550039511645,4,4,10,0,0,0.004035372276332335,1727.0555555555557,94.44444444444444,2.1666666666666665,0.9743589743589743,797.1025641025641,43.58974358974359,818.078947368421,21840.0,1700.0,16483.0,17531.5,15456.75,4735.666478965762,3511.560493569771,21840.0,12854.0,42.33974358974359,0.0,420769.0,20779.0
2025,11,26905.0,1708.0,40,38.0,1,4,8,18,17.785308465824144,77.87426478490553,4460.5550039511645,4,4,11,0,0,0.004035372276332335,1494.7222222222222,94.88888888888889,2.2222222222222223,0.95,672.625,42.7,708.0263157894736,31087.0,1700.0,21927.0,19979.833333333332,17354.166666666668,9116.811339498036,6452.189687746841,31087.0,12854.0,-13.452568597806158,0.47058823529411764,451856.0,22479.0
2025,12,47594.0,1708.0,40,39.0,1,4,8,18,17.785308465824144,77.87426478490553,4460.5550039511645,4,4,12,0,0,0.004035372276332335,2644.1111111111113,94.88888888888889,2.2222222222222223,0.975,1189.85,42.7,1220.3589743589744,26905.0,1708.0,26610.666666666668,20979.333333333332,18979.833333333332,4630.521172971063,7060.5410179862765,31087.0,12854.0,76.89648764170228,0.0,478761.0,24187.0
2026,1,44400.0,1708.0,40,39.0,1,4,8,18,17.785308465824144,77.87426478490553,4460.5550039511645,1,5,1,0,0,0.004035372276332335,2466.6666666666665,94.88888888888889,2.2222222222222223,0.975,1110.0,42.7,1138.4615384615386,47594.0,1708.0,35195.333333333336,25839.166666666668,21748.333333333332,10939.263335953354,12723.32634835194,47594.0,12854.0,-6.710929949153255,0.0,526355.0,25895.0
2026,2,47903.0,1716.0,41,39.0,1,4,8,18,17.785308465824144,77.87426478490553,4460.5550039511645,1,5,2,0,0,0.004035372276332335,2661.277777777778,95.33333333333333,2.2777777777777777,0.9512195121951219,1168.3658536585365,41.853658536585364,1228.2820512820513,44400.0,1708.0,39633.0,30780.0,24138.583333333332,11137.858725984988,13301.052183943952,47594.0,12854.0,7.88963963963964,0.468384074941452,570755.0,27603.0
2026,3,46702.0,1790.0,42,41.0,1,4,8,18,17.785308465824144,77.87426478490553,4460.5550039511645,1,5,3,0,0,0.004035372276332335,2594.5555555555557,99.44444444444444,2.3333333333333335,0.9761904761904762,1111.952380952381,42.61904761904762,1139.0731707317073,47903.0,1716.0,46632.333333333336,36621.5,26784.083333333332,1939.4211335687955,11416.714636882201,47903.0,21840.0,-2.5071498653529005,4.312354312354312,618658.0,29319.0
2026,4,44206.0,1851.0,43,41.0,1,4,8,18,17.785308465824144,77.87426478490553,4460.5550039511645,2,5,4,0,0,0.004035372276332335,2455.8888888888887,102.83333333333333,2.388888888888889,0.9534883720930233,1028.046511627907,43.04651162790697,1078.1951219512196,46702.0,1790.0,46335.0,40765.166666666664,29148.333333333332,1780.1036486676667,9293.123940132675,47903.0,26905.0,-5.344524859749047,3.4078212290502794,665360.0,31109.0
2026,5,66773.0,1905.0,44,42.0,1,4,9,18,17.785308465824144,77.87426478490553,4460.5550039511645,2,5,5,0,0,0.004035372276332335,3709.6111111111113,105.83333333333333,2.4444444444444446,0.9545454545454546,1517.5681818181818,43.29545454545455,1589.8333333333333,44206.0,1851.0,46270.333333333336,42951.666666666664,31465.75,1885.9226742720066,8016.214734316134,47903.0,26905.0,51.049631271773066,2.9173419773095626,709566.0,32960.0
2026,6,80690.0,2019.04,46,43.0,1,4,9,18,17.785308465824144,77.87426478490553,4460.5550039511645,2,5,6,0,1,0.004035372276332335,4482.777777777777,112.16888888888889,2.5555555555555554,0.9347826086956522,1754.1304347826087,43.89217391304348,1876.5116279069769,66773.0,1905.0,52560.333333333336,49596.333333333336,35287.833333333336,12371.63790018659,8559.78192868646,66773.0,44206.0,20.84225660072185,5.986351706036744,776339.0,34865.0
2022,4,0.0,30.0,1,0.0,1,1,1,4,18.02159496047411,78.85692001486474,3727.798868371362,2,1,4,1,0,0.0010730192645150836,0.0,7.5,0.25,0.0,0.0,30.0,,,,,,,,,,,,,,
2022,6,240.0,30.0,1,1.0,1,1,1,4,18.02159496047411,78.85692001486474,3727.798868371362,2,1,6,0,0,0.0010730192645150836,60.0,7.5,0.25,1.0,240.0,30.0,240.0,0.0,30.0,0.0,0.0,0.0,,,,,,0.0,0.0,30.0
2022,7,65.0,30.0,1,1.0,1,1,1,4,18.02159496047411,78.85692001486474,3727.798868371362,3,1,7,0,0,0.0010730192645150836,16.25,7.5,0.25,1.0,65.0,30.0,65.0,240.0,30.0,120.0,120.0,120.0,,,,,-72.91666666666667,0.0,240.0,60.0
2022,8,1747.0,85.0,3,2.0,1,2,3,4,18.02159496047411,78.85692001486474,3727.798868371362,3,1,8,0,0,0.0010730192645150836,436.75,21.25,0.75,0.6666666666666666,582.3333333333334,28.333333333333332,873.5,65.0,30.0,101.66666666666667,101.66666666666667,101.66666666666667,124.13030787576955,,,,2587.6923076923076,183.33333333333334,305.0,90.0
2022,9,830.0,85.0,3,3.0,1,2,3,4,18.02159496047411,78.85692001486474,3727.798868371362,3,1,9,0,0,0.0010730192645150836,207.5,21.25,0.75,1.0,276.6666666666667,28.333333333333332,276.6666666666667,1747.0,85.0,684.0,513.0,513.0,924.7340158121145,,,,-52.48998282770464,0.0,2052.0,175.0
2022,10,1408.0,85.0,3,3.0,1,2,3,4,18.02159496047411,78.85692001486474,3727.798868371362,4,1,10,0,0,0.0010730192645150836,352.0,21.25,0.75,1.0,469.3333333333333,28.333333333333332,469.3333333333333,830.0,85.0,880.6666666666666,576.4,576.4,842.1438911096686,,,,69.63855421686748,0.0,2882.0,260.0
2022,11,1458.0,85.0,3,3.0,1,2,3,4,18.02159496047411,78.85692001486474,3727.798868371362,4,1,11,0,0,0.0010730192645150836,364.5,21.25,0.75,1.0,486.0,28.333333333333332,486.0,1408.0,85.0,1328.3333333333333,715.0,715.0,463.6618739268233,737.2717273841442,1747.0,0.0,3.5511363636363638,0.0,4290.0,345.0
2022,12,1739.0,85.0,3,3.0,1,2,3,4,18.02159496047411,78.85692001486474,3727.798868371362,4,1,12,0,0,0.0010730192645150836,434.75,21.25,0.75,1.0,579.6666666666666,28.333333333333332,579.6666666666666,1458.0,85.0,1232.0,958.0,821.1428571428571,349.0386798049753,693.4519449824912,1747.0,65.0,19.272976680384087,0.0,5748.0,430.0
2023,1,2174.0,85.0,3,3.0,1,2,3,4,18.02159496047411,78.85692001486474,3727.798868371362,1,2,1,0,0,0.0010730192645150836,543.5,21.25,0.75,1.0,724.6666666666666,28.333333333333332,724.6666666666666,1739.0,85.0,1535.0,1207.8333333333333,935.875,178.4292576905482,651.8151322780614,1747.0,65.0,25.014376078205867,0.0,7487.0,515.0
2023,2,2456.0,85.0,3,3.0,1,2,3,4,18.02159496047411,78.85692001486474,3727.798868371362,1,2,2,0,0,0.0010730192645150836,614.0,21.25,0.75,1.0,818.6666666666666,28.333333333333332,818.6666666666666,2174.0,85.0,1790.3333333333333,1559.3333333333333,1073.4444444444443,360.74968237454266,449.5356122340774,2174.0,830.0,12.97148114075437,0.0,9661.0,600.0
2023,3,1974.0,85.0,3,3.0,1,2,3,4,18.02159496047411,78.85692001486474,3727.798868371362,1,2,3,0,0,0.0010730192645150836,493.5,21.25,0.75,1.0,658.0,28.333333333333332,658.0,2456.0,85.0,2123.0,1677.5,1211.7,361.2104649646797,582.309797272895,2456.0,830.0,-19.62540716612378,0.0,12117.0,685.0
2023,4,1960.0,85.0,3,3.0,1,2,3,4,18.02159496047411,78.85692001486474,3727.798868371362,2,2,4,0,0,0.0010730192645150836,490.0,21.25,0.75,1.0,653.3333333333334,28.333333333333332,653.3333333333334,1974.0,85.0,2201.3333333333335,1868.1666666666667,1281.0,242.1597269021698,411.5718244324638,2456.0,1408.0,-0.7092198581560284,0.0,14091.0,770.0
2023,5,2904.0,85.0,3,3.0,1,2,3,4,18.02159496047411,78.85692001486474,3727.798868371362,2,2,5,0,0,0.0010730192645150836,726.0,21.25,0.75,1.0,968.0,28.333333333333332,968.0,1960.0,85.0,2130.0,1960.1666666666667,1337.5833333333333,282.4110479425338,344.3407711361912,2456.0,1458.0,48.16326530612245,0.0,16051.0,855.0
2023,6,2679.0,85.0,3,3.0,1,2,3,4,18.02159496047411,78.85692001486474,3727.798868371362,2,2,6,0,0,0.0010730192645150836,669.75,21.25,0.75,1.0,893.0,28.333333333333332,893.0,2904.0,85.0,2279.3333333333335,2201.1666666666665,1579.5833333333333,541.0224887500827,420.24203343628875,2904.0,1739.0,-7.74793388429752,0.0,18955.0,940.0
2023,7,2355.0,85.0,3,3.0,1,2,3,4,18.02159496047411,78.85692001486474,3727.798868371362,3,2,7,0,0,0.0010730192645150836,588.75,21.25,0.75,1.0,785.0,28.333333333333332,785.0,2679.0,85.0,2514.3333333333335,2357.8333333333335,1782.8333333333333,493.07234087234434,387.4214328953251,2904.0,1960.0,-12.094064949608063,0.0,21634.0,1025.0
2023,8,1053.0,85.0,3,3.0,1,2,3,4,18.02159496047411,78.85692001486474,3727.798868371362,3,2,8,0,0,0.0010730192645150836,263.25,21.25,0.75,1.0,351.0,28.333333333333332,351.0,2355.0,85.0,2646.0,2388.0,1973.6666666666667,275.983695170566,377.1551404926098,2904.0,1960.0,-55.28662420382165,0.0,23989.0,1110.0
2023,9,766.0,85.0,3,3.0,1,2,3,4,18.02159496047411,78.85692001486474,3727.798868371362,3,2,9,0,0,0.0010730192645150836,191.5,21.25,0.75,1.0,255.33333333333334,28.333333333333332,255.33333333333334,1053.0,85.0,2029.0,2154.1666666666665,1915.8333333333333,860.6253540304282,657.3831201564783,2904.0,1053.0,-27.255460588793923,0.0,25042.0,1195.0
2023,10,744.0,85.0,3,3.0,1,2,3,4,18.02159496047411,78.85692001486474,3727.798868371362,4,2,10,0,0,0.0010730192645150836,186.0,21.25,0.75,1.0,248.0,28.333333333333332,248.0,766.0,85.0,1391.3333333333333,1952.8333333333333,1910.5,846.807140577672,873.1665171470255,2904.0,766.0,-2.8720626631853787,0.0,25808.0,1280.0
2023,11,1412.0,139.0,4,3.0,1,2,4,4,18.02159496047411,78.85692001486474,3727.798868371362,4,2,11,0,0,0.0010730192645150836,353.0,34.75,1.0,0.75,353.0,34.75,470.6666666666667,744.0,85.0,854.3333333333334,1750.1666666666667,1855.1666666666667,172.4016627916715,1002.6846795811068,2904.0,744.0,89.78494623655914,63.529411764705884,26552.0,1365.0
2023,12,2145.0,139.0,4,4.0,1,2,4,4,18.02159496047411,78.85692001486474,3727.798868371362,4,2,12,0,0,0.0010730192645150836,536.25,34.75,1.0,1.0,536.25,34.75,536.25,1412.0,139.0,974.0,1501.5,1851.3333333333333,379.4785896463724,829.3247253036653,2679.0,744.0,51.91218130311615,0.0,27964.0,1504.0
2024,1,2520.0,139.0,4,4.0,1,2,4,4,18.02159496047411,78.85692001486474,3727.798868371362,1,3,1,0,0,0.0010730192645150836,630.0,34.75,1.0,1.0,630.0,34.75,630.0,2145.0,139.0,1433.6666666666667,1412.5,1885.1666666666667,700.7512635260342,695.5512202562799,2355.0,744.0,17.482517482517483,0.0,30109.0,1643.0
2024,2,2469.0,139.0,4,4.0,1,2,4,4,18.02159496047411,78.85692001486474,3727.798868371362,1,3,2,0,0,0.0010730192645150836,617.25,34.75,1.0,1.0,617.25,34.75,617.25,2520.0,139.0,2025.6666666666667,1440.0,1914.0,563.5568590065546,741.979784091184,2520.0,744.0,-2.0238095238095237,0.0,32629.0,1782.0
2024,3,3049.0,193.0,5,4.0,1,2,4,4,18.02159496047411,78.85692001486474,3727.798868371362,1,3,3,0,0,0.0010730192645150836,762.25,48.25,1.25,0.8,609.8,38.6,762.25,2469.0,139.0,2378.0,1676.0,1915.0833333333333,203.38879025157817,815.7899239387551,2520.0,744.0,23.49129202106116,38.84892086330935,35098.0,1921.0
2024,4,3818.0,193.0,5,5.0,1,2,4,4,18.02159496047411,78.85692001486474,3727.798868371362,2,3,4,0,0,0.0010730192645150836,954.5,48.25,1.25,1.0,763.6,38.6,763.6,3049.0,193.0,2679.3333333333335,2056.5,2004.6666666666667,321.1546875468794,838.5598964892132,3049.0,744.0,25.221384060347656,0.0,38147.0,2114.0
2024,5,4422.0,193.0,5,5.0,1,2,4,4,18.02159496047411,78.85692001486474,3727.798868371362,2,3,5,0,0,0.0010730192645150836,1105.5,48.25,1.25,1.0,884.4,38.6,884.4,3818.0,193.0,3112.0,2568.8333333333335,2159.5,676.7030367894032,815.0124947917465,3818.0,1412.0,15.819800942902043,0.0,41965.0,2307.0
2024,6,4644.0,193.0,5,5.0,1,2,4,4,18.02159496047411,78.85692001486474,3727.798868371362,2,3,6,0,0,0.0010730192645150836,1161.0,48.25,1.25,1.0,928.8,38.6,928.8,4422.0,193.0,3763.0,3070.5,2286.0,688.1504196031566,883.9879524065924,4422.0,2145.0,5.020352781546811,0.0,46387.0,2500.0
2024,7,4221.0,193.0,5,5.0,1,2,4,4,18.02159496047411,78.85692001486474,3727.798868371362,3,3,7,0,0,0.0010730192645150836,1055.25,48.25,1.25,1.0,844.2,38.6,844.2,4644.0,193.0,4294.666666666667,3487.0,2449.75,427.46851735927135,947.1739016674815,4644.0,2469.0,-9.108527131782946,0.0,51031.0,2693.0
2024,8,3674.0,193.0,5,5.0,1,2,4,4,18.02159496047411,78.85692001486474,3727.798868371362,3,3,8,0,0,0.0010730192645150836,918.5,48.25,1.25,1.0,734.8,38.6,734.8,4221.0,193.0,4429.0,3770.5,2605.25,211.58686159589453,849.3674705332197,4644.0,2469.0,-12.959014451551765,0.0,55252.0,2886.0
2024,9,4290.0,193.0,5,5.0,1,2,4,4,18.02159496047411,78.85692001486474,3727.798868371362,3,3,9,0,0,0.0010730192645150836,1072.5,48.25,1.25,1.0,858.0,38.6,858.0,3674.0,193.0,4179.666666666667,3971.3333333333335,2823.6666666666665,486.31916817387906,579.7467263095726,4644.0,3049.0,16.766467065868262,0.0,58926.0,3079.0
2024,10,3350.0,193.0,5,5.0,1,2,4,4,18.02159496047411,78.85692001486474,3727.798868371362,4,3,10,0,0,0.0010730192645150836,837.5,48.25,1.25,1.0,670.0,38.6,670.0,4290.0,193.0,4061.6666666666665,4178.166666666667,3117.3333333333335,337.4971604818829,367.3420295401363,4644.0,3674.0,-21.91142191142191,0.0,63216.0,3272.0
2024,11,8633.0,193.0,5,5.0,1,2,4,4,18.02159496047411,78.85692001486474,3727.798868371362,4,3,11,0,0,0.0010730192645150836,2158.25,48.25,1.25,1.0,1726.6,38.6,1726.6,3350.0,193.0,3771.3333333333335,4100.166666666667,3334.5,477.49904013865205,488.74059240732856,4644.0,3350.0,157.70149253731344,0.0,66566.0,3465.0
2024,12,6904.0,247.0,6,5.0,1,2,4,4,18.02159496047411,78.85692001486474,3727.798868371362,4,3,12,0,0,0.0010730192645150836,1726.0,61.75,1.5,0.8333333333333334,1150.6666666666667,41.166666666666664,1380.8,8633.0,193.0,5424.333333333333,4802.0,3936.25,2818.2541285933276,1932.972736486472,8633.0,3350.0,-20.02780030116993,27.979274611398964,75199.0,3658.0
2025,1,7029.0,625.0,13,6.0,1,2,4,4,18.02159496047411,78.85692001486474,3727.798868371362,1,4,1,0,0,0.0010730192645150836,1757.25,156.25,3.25,0.46153846153846156,540.6923076923077,48.07692307692308,1171.5,6904.0,247.0,6295.666666666667,5178.666666666667,4332.833333333333,2693.5245187919368,2108.273764639371,8633.0,3350.0,1.8105446118192352,153.03643724696357,82103.0,3905.0
2025,2,7194.0,787.0,16,14.0,1,2,5,4,18.02159496047411,78.85692001486474,3727.798868371362,1,4,2,0,0,0.0010730192645150836,1798.5,196.75,4.0,0.875,449.625,49.1875,513.8571428571429,7029.0,625.0,7522.0,5646.666666666667,4708.583333333333,964.1820367544715,2164.095900524435,8633.0,3350.0,2.347417840375587,25.92,89132.0,4530.0
2025,3,6579.0,841.0,17,16.0,1,2,6,4,18.02159496047411,78.85692001486474,3727.798868371362,1,4,3,0,0,0.0010730192645150836,1644.75,210.25,4.25,0.9411764705882353,387.0,49.470588235294116,411.1875,7194.0,787.0,7042.333333333333,6233.333333333333,5102.333333333333,145.45904349106075,1992.7024531190464,8633.0,3350.0,-8.548790658882401,6.861499364675985,96326.0,5317.0
2025,4,5761.0,841.0,17,17.0,1,2,6,4,18.02159496047411,78.85692001486474,3727.798868371362,2,4,4,0,0,0.0010730192645150836,1440.25,210.25,4.25,1.0,338.88235294117646,49.470588235294116,338.88235294117646,6579.0,841.0,6934.0,6614.833333333333,5396.5,318.3158808479417,1750.6571813655191,8633.0,3350.0,-12.433500531995744,0.0,102905.0,6158.0
2025,5,7247.0,841.0,17,17.0,1,2,6,4,18.02159496047411,78.85692001486474,3727.798868371362,2,4,5,0,0,0.0010730192645150836,1811.75,210.25,4.25,1.0,426.29411764705884,49.470588235294116,426.29411764705884,5761.0,841.0,6511.333333333333,7016.666666666667,5558.416666666667,718.8924351621278,940.7526065160087,8633.0,5761.0,25.794132963027252,0.0,108666.0,6999.0
2025,6,7383.0,841.0,17,17.0,1,2,6,4,18.02159496047411,78.85692001486474,3727.798868371362,2,4,6,0,0,0.0010730192645150836,1845.75,210.25,4.25,1.0,434.29411764705884,49.470588235294116,434.29411764705884,7247.0,841.0,6529.0,6785.666666666667,5793.833333333333,744.2607070106554,555.9552739804388,7247.0,5761.0,1.8766386090796192,0.0,115913.0,7840.0
2025,7,6723.0,841.0,17,17.0,1,2,6,4,18.02159496047411,78.85692001486474,3727.798868371362,3,4,7,0,0,0.0010730192645150836,1680.75,210.25,4.25,1.0,395.47058823529414,49.470588235294116,395.47058823529414,7383.0,841.0,6797.0,6865.5,6022.083333333333,899.7755275622919,608.2755132339274,7383.0,5761.0,-8.939455505891914,0.0,123296.0,8681.0
2025,8,7450.0,841.0,17,17.0,1,2,6,4,18.02159496047411,78.85692001486474,3727.798868371362,3,4,8,0,0,0.0010730192645150836,1862.5,210.25,4.25,1.0,438.2352941176471,49.470588235294116,438.2352941176471,6723.0,841.0,7117.666666666667,6814.5,6230.583333333333,348.4900763771246,604.6426217196387,7383.0,5761.0,10.81362486984977,0.0,130019.0,9522.0
2025,10,8840.0,895.0,18,17.0,1,2,6,4,18.02159496047411,78.85692001486474,3727.798868371362,4,4,10,0,0,0.0010730192645150836,2210.0,223.75,4.5,0.9444444444444444,491.1111111111111,49.72222222222222,520.0,7450.0,841.0,7185.333333333333,6857.166666666667,6545.25,401.79140525070244,644.4968321618536,7450.0,5761.0,18.65771812080537,6.4209274673008325,137469.0,10363.0
2025,11,10245.0,895.0,18,18.0,1,2,6,4,18.02159496047411,78.85692001486474,3727.798868371362,4,4,11,0,0,0.0010730192645150836,2561.25,223.75,4.5,1.0,569.1666666666666,49.72222222222222,569.1666666666666,8840.0,895.0,7671.0,7234.0,6924.416666666667,1075.6639809903468,1007.8801516053362,8840.0,5761.0,15.893665158371041,0.0,146309.0,11258.0
2025,12,10726.0,895.0,18,18.0,1,2,6,4,18.02159496047411,78.85692001486474,3727.798868371362,4,4,12,0,0,0.0010730192645150836,2681.5,223.75,4.5,1.0,595.8888888888889,49.72222222222222,595.8888888888889,10245.0,895.0,8845.0,7981.333333333333,7499.0,1397.5067083917704,1313.351539636916,10245.0,6723.0,4.694973157637872,0.0,156554.0,12153.0
2026,1,14309.0,895.0,18,18.0,1,2,6,4,18.02159496047411,78.85692001486474,3727.798868371362,1,5,1,0,0,0.0010730192645150836,3577.25,223.75,4.5,1.0,794.9444444444445,49.72222222222222,794.9444444444445,10726.0,895.0,9937.0,8561.166666666666,7673.416666666667,979.9984693865603,1649.313240917763,10726.0,6723.0,33.40481074025732,0.0,167280.0,13048.0
2026,2,17544.0,895.0,18,18.0,1,2,6,4,18.02159496047411,78.85692001486474,3727.798868371362,1,5,2,0,0,0.0010730192645150836,4386.0,223.75,4.5,1.0,974.6666666666666,49.72222222222222,974.6666666666666,14309.0,895.0,11760.0,9715.5,8290.5,2220.5609651617315,2729.6801827320332,14309.0,6723.0,22.60814871759033,0.0,181589.0,13943.0
2026,3,15134.0,895.0,18,18.0,1,2,6,4,18.02159496047411,78.85692001486474,3727.798868371362,1,5,3,0,0,0.0010730192645150836,3783.5,223.75,4.5,1.0,840.7777777777778,49.72222222222222,840.7777777777778,17544.0,895.0,14193.0,11519.0,9166.75,3410.479878257604,3743.539822146946,17544.0,7450.0,-13.73689010487916,0.0,199133.0,14838.0
2026,4,18003.0,895.0,18,18.0,1,2,6,4,18.02159496047411,78.85692001486474,3727.798868371362,2,5,4,0,0,0.0010730192645150836,4500.75,223.75,4.5,1.0,1000.1666666666666,49.72222222222222,1000.1666666666666,15134.0,895.0,15662.333333333334,12799.666666666666,9828.416666666666,1680.9694623440764,3368.7170653925,17544.0,8840.0,18.95731465574204,0.0,214267.0,15733.0
2026,5,26209.0,895.0,18,18.0,1,2,6,4,18.02159496047411,78.85692001486474,3727.798868371362,2,5,5,0,0,0.0010730192645150836,6552.25,223.75,4.5,1.0,1456.0555555555557,49.72222222222222,1456.0555555555557,18003.0,895.0,16893.666666666668,14326.833333333334,10780.416666666666,1541.1003644582438,3290.700923308993,18003.0,10245.0,45.58129200688774,0.0,232270.0,16628.0
2026,6,29358.0,1003.0,20,18.0,1,2,6,4,18.02159496047411,78.85692001486474,3727.798868371362,2,5,6,0,1,0.0010730192645150836,7339.5,250.75,5.0,0.9,1467.9,50.15,1631.0,26209.0,895.0,19782.0,16987.5,12484.416666666666,5747.828894460934,5219.065079111391,26209.0,10726.0,12.01495669426533,12.067039106145252,258479.0,17523.0
2021,8,0.0,66.0,4,0.0,1,2,2,14,17.080453682764272,79.75463695883276,3592.814807333747,3,0,8,1,0,0.0038966661937105238,0.0,4.714285714285714,0.2857142857142857,0.0,0.0,16.5,,,,,,,,,,,,,,
2021,9,47.0,66.0,4,4.0,1,2,2,14,17.080453682764272,79.75463695883276,3592.814807333747,3,0,9,0,0,0.0038966661937105238,3.357142857142857,4.714285714285714,0.2857142857142857,1.0,11.75,16.5,11.75,0.0,66.0,0.0,0.0,0.0,,,,,,0.0,0.0,66.0
2021,10,77.0,66.0,4,4.0,1,2,2,14,17.080453682764272,79.75463695883276,3592.814807333747,4,0,10,0,0,0.0038966661937105238,5.5,4.714285714285714,0.2857142857142857,1.0,19.25,16.5,19.25,47.0,66.0,23.5,23.5,23.5,,,,,63.829787234042556,0.0,47.0,132.0
2021,11,135.0,66.0,4,4.0,1,2,2,14,17.080453682764272,79.75463695883276,3592.814807333747,4,0,11,0,0,0.0038966661937105238,9.642857142857142,4.714285714285714,0.2857142857142857,1.0,33.75,16.5,33.75,77.0,66.0,41.333333333333336,41.333333333333336,41.333333333333336,38.81151032017865,,,,75.32467532467533,0.0,124.0,198.0
2021,12,314.0,66.0,4,4.0,1,2,2,14,17.080453682764272,79.75463695883276,3592.814807333747,4,0,12,0,0,0.0038966661937105238,22.428571428571427,4.714285714285714,0.2857142857142857,1.0,78.5,16.5,78.5,135.0,66.0,86.33333333333333,64.75,64.75,44.736264186153655,,,,132.59259259259258,0.0,259.0,264.0
2022,1,309.0,66.0,4,4.0,1,2,2,14,17.080453682764272,79.75463695883276,3592.814807333747,1,1,1,0,0,0.0038966661937105238,22.071428571428573,4.714285714285714,0.2857142857142857,1.0,77.25,16.5,77.25,314.0,66.0,175.33333333333334,114.6,114.6,123.54081646700145,,,,-1.5923566878980893,0.0,573.0,330.0
2022,2,68.0,66.0,4,4.0,1,2,2,14,17.080453682764272,79.75463695883276,3592.814807333747,1,1,2,0,0,0.0038966661937105238,4.857142857142857,4.714285714285714,0.2857142857142857,1.0,17.0,16.5,17.0,309.0,66.0,252.66666666666666,147.0,147.0,101.93298452087694,134.74865490979863,314.0,0.0,-77.99352750809061,0.0,882.0,396.0
2022,3,70.0,66.0,4,4.0,1,2,2,14,17.080453682764272,79.75463695883276,3592.814807333747,1,1,3,0,0,0.0038966661937105238,5.0,4.714285714285714,0.2857142857142857,1.0,17.5,16.5,17.5,68.0,66.0,230.33333333333334,158.33333333333334,135.71428571428572,140.60701736874066,122.18619671086692,314.0,47.0,2.9411764705882355,0.0,950.0,462.0
2022,4,39.0,66.0,4,4.0,1,2,2,14,17.080453682764272,79.75463695883276,3592.814807333747,2,1,4,0,0,0.0038966661937105238,2.7857142857142856,4.714285714285714,0.2857142857142857,1.0,9.75,16.5,9.75,70.0,66.0,149.0,162.16666666666666,127.5,138.56767299770897,118.29356139142428,314.0,68.0,-44.285714285714285,0.0,1020.0,528.0
2022,6,38.0,66.0,4,4.0,1,2,2,14,17.080453682764272,79.75463695883276,3592.814807333747,2,1,6,0,0,0.0038966661937105238,2.7142857142857144,4.714285714285714,0.2857142857142857,1.0,9.5,16.5,9.5,39.0,66.0,59.0,155.83333333333334,117.66666666666667,17.349351572897238,124.61366966214688,314.0,39.0,-2.5641025641025643,0.0,1059.0,594.0
2022,7,34.0,66.0,4,4.0,1,2,2,14,17.080453682764272,79.75463695883276,3592.814807333747,3,1,7,0,0,0.0038966661937105238,2.4285714285714284,4.714285714285714,0.2857142857142857,1.0,8.5,16.5,8.5,38.0,66.0,49.0,139.66666666666666,109.7,18.193405398660005,133.80981528522736,314.0,38.0,-10.526315789473685,0.0,1097.0,660.0
2022,8,57.0,66.0,4,4.0,1,2,2,14,17.080453682764272,79.75463695883276,3592.814807333747,3,1,8,0,0,0.0038966661937105238,4.071428571428571,4.714285714285714,0.2857142857142857,1.0,14.25,16.5,14.25,34.0,66.0,37.0,93.0,102.81818181818181,2.645751311062697,106.98784977743968,309.0,34.0,67.6470588235294,0.0,1131.0,726.0
2022,9,79.0,66.0,4,4.0,1,2,2,14,17.080453682764272,79.75463695883276,3592.814807333747,3,1,9,0,0,0.0038966661937105238,5.642857142857143,4.714285714285714,0.2857142857142857,1.0,19.75,16.5,19.75,57.0,66.0,43.0,51.0,99.0,12.28820572744412,16.049922118190942,70.0,34.0,38.59649122807018,0.0,1188.0,792.0
2022,10,50.0,66.0,4,4.0,1,2,2,14,17.080453682764272,79.75463695883276,3592.814807333747,4,1,10,0,0,0.0038966661937105238,3.5714285714285716,4.714285714285714,0.2857142857142857,1.0,12.5,16.5,12.5,79.0,66.0,56.666666666666664,52.833333333333336,105.58333333333333,22.501851775650046,18.776758683720193,79.0,34.0,-36.70886075949367,0.0,1267.0,858.0
2022,11,94.0,66.0,4,4.0,1,2,2,14,17.080453682764272,79.75463695883276,3592.814807333747,4,1,11,0,0,0.0038966661937105238,6.714285714285714,4.714285714285714,0.2857142857142857,1.0,23.5,16.5,23.5,50.0,66.0,62.0,49.5,105.83333333333333,15.132745950421299,16.789877903069897,79.0,34.0,88.0,0.0,1317.0,924.0
2022,12,74.0,66.0,4,4.0,1,2,2,14,17.080453682764272,79.75463695883276,3592.814807333747,4,1,12,0,0,0.0038966661937105238,5.285714285714286,4.714285714285714,0.2857142857142857,1.0,18.5,16.5,18.5,94.0,66.0,74.33333333333333,58.666666666666664,107.25,22.368132093076674,23.55985285749174,94.0,34.0,-21.27659574468085,0.0,1411.0,990.0
2023,1,50.0,96.0,5,4.0,1,2,2,14,17.080453682764272,79.75463695883276,3592.814807333747,1,2,1,0,0,0.0038966661937105238,3.5714285714285716,6.857142857142857,0.35714285714285715,0.8,10.0,19.2,12.5,74.0,66.0,72.66666666666667,64.66666666666667,102.16666666666667,22.030282189144252,21.75928920407701,94.0,34.0,-32.432432432432435,45.45454545454545,1485.0,1056.0
2023,2,1227.0,96.0,5,5.0,1,2,2,14,17.080453682764272,79.75463695883276,3592.814807333747,1,2,2,0,0,0.0038966661937105238,87.64285714285714,6.857142857142857,0.35714285714285715,1.0,245.4,19.2,245.4,50.0,96.0,72.66666666666667,67.33333333333333,80.16666666666667,22.030282189144252,17.884816651748555,94.0,50.0,2354.0,0.0,1535.0,1152.0
2023,3,396.0,96.0,5,5.0,1,2,2,14,17.080453682764272,79.75463695883276,3592.814807333747,1,2,3,0,0,0.0038966661937105238,28.285714285714285,6.857142857142857,0.35714285714285715,1.0,79.2,19.2,79.2,1227.0,96.0,450.3333333333333,262.3333333333333,156.66666666666666,672.7201002893651,472.8994255300662,1227.0,50.0,-67.72616136919315,0.0,2762.0,1248.0
2023,4,897.0,96.0,5,5.0,1,2,2,14,17.080453682764272,79.75463695883276,3592.814807333747,2,2,4,0,0,0.0038966661937105238,64.07142857142857,6.857142857142857,0.35714285714285715,1.0,179.4,19.2,179.4,396.0,96.0,557.6666666666666,315.1666666666667,184.0,604.9250642297221,465.9778607044187,1227.0,50.0,126.51515151515152,0.0,3158.0,1344.0
2023,5,857.0,96.0,5,5.0,1,2,2,14,17.080453682764272,79.75463695883276,3592.814807333747,2,2,5,0,0,0.0038966661937105238,61.214285714285715,6.857142857142857,0.35714285714285715,1.0,171.4,19.2,171.4,897.0,96.0,840.0,456.3333333333333,252.91666666666666,418.4220357485969,496.85517675341447,1227.0,50.0,-4.459308807134894,0.0,4055.0,1440.0
2023,6,680.0,96.0,5,5.0,1,2,2,14,17.080453682764272,79.75463695883276,3592.814807333747,2,2,6,0,0,0.0038966661937105238,48.57142857142857,6.857142857142857,0.35714285714285715,1.0,136.0,19.2,136.0,857.0,96.0,716.6666666666666,583.5,321.0833333333333,278.42473549117983,483.020807005247,1227.0,50.0,-20.653442240373394,0.0,4912.0,1536.0
2023,7,508.0,141.0,6,5.0,1,2,3,14,17.080453682764272,79.75463695883276,3592.814807333747,3,2,7,0,0,0.0038966661937105238,36.285714285714285,10.071428571428571,0.42857142857142855,0.8333333333333334,84.66666666666667,23.5,101.6,680.0,96.0,811.3333333333334,684.5,374.5833333333333,115.48304348835576,413.5363345584038,1227.0,50.0,-25.294117647058822,46.875,5592.0,1632.0
2023,8,782.0,247.0,8,8.0,1,2,3,14,17.080453682764272,79.75463695883276,3592.814807333747,3,2,8,0,0,0.0038966661937105238,55.857142857142854,17.642857142857142,0.5714285714285714,1.0,97.75,30.875,97.75,508.0,141.0,681.6666666666666,760.8333333333334,414.0833333333333,174.5059693343854,299.55394617108067,1227.0,396.0,53.93700787401575,75.177304964539,6100.0,1773.0
2023,9,3518.0,277.0,9,9.0,1,2,4,14,17.080453682764272,79.75463695883276,3592.814807333747,3,2,9,0,0,0.0038966661937105238,251.28571428571428,19.785714285714285,0.6428571428571429,1.0,390.8888888888889,30.77777777777778,390.8888888888889,782.0,247.0,656.6666666666666,686.6666666666666,474.5,138.48224916332586,199.396756911106,897.0,396.0,349.87212276214836,12.145748987854251,6882.0,2020.0
2023,10,4292.0,331.0,10,9.0,1,2,4,14,17.080453682764272,79.75463695883276,3592.814807333747,4,2,10,0,0,0.0038966661937105238,306.57142857142856,23.642857142857142,0.7142857142857143,0.9,429.2,33.1,476.8888888888889,3518.0,277.0,1602.6666666666667,1207.0,761.0833333333334,1664.3753583051312,1140.7257339080238,3518.0,508.0,22.001137009664582,19.494584837545126,10400.0,2297.0
2023,11,5261.0,331.0,10,10.0,1,2,4,14,17.080453682764272,79.75463695883276,3592.814807333747,4,2,11,0,0,0.0038966661937105238,375.7857142857143,23.642857142857142,0.7142857142857143,1.0,526.1,33.1,526.1,4292.0,331.0,2864.0,1772.8333333333333,1114.5833333333333,1844.1290627285282,1673.7022933206092,4292.0,508.0,22.576887232059647,0.0,14692.0,2628.0
2023,12,8098.0,331.0,10,10.0,1,2,4,14,17.080453682764272,79.75463695883276,3592.814807333747,4,2,12,0,0,0.0038966661937105238,578.4285714285714,23.642857142857142,0.7142857142857143,1.0,809.8,33.1,809.8,5261.0,331.0,4357.0,2506.8333333333335,1545.1666666666667,873.3160939774326,2102.4945580587514,5261.0,508.0,53.92510929481087,0.0,19953.0,2959.0
2024,1,5267.0,331.0,10,10.0,1,2,4,14,17.080453682764272,79.75463695883276,3592.814807333747,1,3,1,0,0,0.0038966661937105238,376.2142857142857,23.642857142857142,0.7142857142857143,1.0,526.7,33.1,526.7,8098.0,331.0,5883.666666666667,3743.1666666666665,2213.8333333333335,1977.926776534797,2858.5003352573995,8098.0,508.0,-34.959249197332674,0.0,28051.0,3290.0
2024,2,15054.0,331.0,10,10.0,1,2,4,14,17.080453682764272,79.75463695883276,3592.814807333747,1,3,2,0,0,0.0038966661937105238,1075.2857142857142,23.642857142857142,0.7142857142857143,1.0,1505.4,33.1,1505.4,5267.0,331.0,6208.666666666667,4536.333333333333,2648.5833333333335,1636.2134131381924,2405.668528011842,8098.0,782.0,185.8173533320676,0.0,33318.0,3621.0
2024,3,6355.0,331.0,10,10.0,1,2,4,14,17.080453682764272,79.75463695883276,3592.814807333747,1,3,3,0,0,0.0038966661937105238,453.92857142857144,23.642857142857142,0.7142857142857143,1.0,635.5,33.1,635.5,15054.0,331.0,9473.0,6915.0,3800.8333333333335,5036.299335821889,4278.181108835856,15054.0,3518.0,-57.78530623090209,0.0,48372.0,3952.0
2024,4,12885.0,331.0,10,10.0,1,2,4,14,17.080453682764272,79.75463695883276,3592.814807333747,2,3,4,0,0,0.0038966661937105238,920.3571428571429,23.642857142857142,0.7142857142857143,1.0,1288.5,33.1,1288.5,6355.0,331.0,8892.0,7387.833333333333,4297.416666666667,5364.104678322376,3973.581025557005,15054.0,4292.0,102.7537372147915,0.0,54727.0,4283.0
2024,5,10240.0,331.0,10,10.0,1,2,4,14,17.080453682764272,79.75463695883276,3592.814807333747,2,3,5,0,0,0.0038966661937105238,731.4285714285714,23.642857142857142,0.7142857142857143,1.0,1024.0,33.1,1024.0,12885.0,331.0,11431.333333333334,8820.0,5296.416666666667,4528.024992569424,4177.912876066229,15054.0,5261.0,-20.527745440434614,0.0,67612.0,4614.0
2024,6,12553.0,331.0,10,10.0,1,2,4,14,17.080453682764272,79.75463695883276,3592.814807333747,2,3,6,0,0,0.0038966661937105238,896.6428571428571,23.642857142857142,0.7142857142857143,1.0,1255.3,33.1,1255.3,10240.0,331.0,9826.666666666666,9649.833333333334,6078.333333333333,3284.5636442811297,3807.701638346504,15054.0,5267.0,22.587890625,0.0,77852.0,4945.0
2024,7,9794.0,331.0,10,10.0,1,2,4,14,17.080453682764272,79.75463695883276,3592.814807333747,3,3,7,0,0,0.0038966661937105238,699.5714285714286,23.642857142857142,0.7142857142857143,1.0,979.4,33.1,979.4,12553.0,331.0,11892.666666666666,10392.333333333334,7067.75,1440.8457007373604,3878.2808390660216,15054.0,5267.0,-21.97880984625189,0.0,90405.0,5276.0
2024,8,5662.0,331.0,10,10.0,1,2,4,14,17.080453682764272,79.75463695883276,3592.814807333747,3,3,8,0,0,0.0038966661937105238,404.42857142857144,23.642857142857142,0.7142857142857143,1.0,566.2,33.1,566.2,9794.0,331.0,10862.333333333334,11146.833333333334,7841.583333333333,1481.0450139456718,3029.146772057544,15054.0,6355.0,-42.18909536450888,0.0,100199.0,5607.0
2024,9,8375.0,331.0,10,10.0,1,2,4,14,17.080453682764272,79.75463695883276,3592.814807333747,3,3,9,0,0,0.0038966661937105238,598.2142857142857,23.642857142857142,0.7142857142857143,1.0,837.5,33.1,837.5,5662.0,331.0,9336.333333333334,9581.5,8248.25,3468.2220709368275,3032.9683644904676,12885.0,5662.0,47.9159307665136,0.0,105861.0,5938.0
2024,10,6607.0,384.0,11,11.0,1,2,4,14,17.080453682764272,79.75463695883276,3592.814807333747,4,3,10,0,0,0.0038966661937105238,471.92857142857144,27.428571428571427,0.7857142857142857,1.0,600.6363636363636,34.90909090909091,600.6363636363636,8375.0,331.0,7943.666666666667,9918.166666666666,8653.0,2099.4981146296227,2696.6556633479636,12885.0,5662.0,-21.11044776119403,16.012084592145015,114236.0,6269.0
2024,11,15053.0,384.0,11,11.0,1,2,4,14,17.080453682764272,79.75463695883276,3592.814807333747,4,3,11,0,0,0.0038966661937105238,1075.2142857142858,27.428571428571427,0.7857142857142857,1.0,1368.4545454545455,34.90909090909091,1368.4545454545455,6607.0,384.0,6881.333333333333,8871.833333333334,8845.916666666666,1377.147898133436,2527.94789635124,12553.0,5662.0,127.8341153322234,0.0,120843.0,6653.0
2024,12,13306.0,453.0,12,11.0,1,2,4,14,17.080453682764272,79.75463695883276,3592.814807333747,4,3,12,0,0,0.0038966661937105238,950.4285714285714,32.357142857142854,0.8571428571428571,0.9166666666666666,1108.8333333333333,37.75,1209.6363636363637,15053.0,384.0,10011.666666666666,9674.0,9661.916666666666,4454.518754403593,3589.616024033766,15053.0,5662.0,-11.605660001328639,17.96875,135896.0,7037.0
2025,1,20030.0,561.0,14,12.0,1,2,5,14,17.080453682764272,79.75463695883276,3592.814807333747,1,4,1,0,0,0.0038966661937105238,1430.7142857142858,40.07142857142857,1.0,0.8571428571428571,1430.7142857142858,40.07142857142857,1669.1666666666667,13306.0,453.0,11655.333333333334,9799.5,10095.916666666666,4458.391451334589,3721.155667262521,15053.0,5662.0,50.53359386742823,23.841059602649008,149202.0,7490.0
2025,2,18484.0,757.0,17,14.0,1,2,5,14,17.080453682764272,79.75463695883276,3592.814807333747,1,4,2,0,0,0.0038966661937105238,1320.2857142857142,54.07142857142857,1.2142857142857142,0.8235294117647058,1087.2941176470588,44.529411764705884,1320.2857142857142,20030.0,561.0,16129.666666666666,11505.5,11326.166666666666,3488.9041737103275,5593.486953591646,20030.0,5662.0,-7.718422366450325,34.93761140819964,169232.0,8051.0
2025,3,17384.0,1147.0,24,19.0,1,2,5,14,17.080453682764272,79.75463695883276,3592.814807333747,1,4,3,0,0,0.0038966661937105238,1241.7142857142858,81.92857142857143,1.7142857142857142,0.7916666666666666,724.3333333333334,47.791666666666664,914.9473684210526,18484.0,757.0,17273.333333333332,13642.5,11612.0,3521.6940999089265,5358.877447749661,20030.0,6607.0,-5.951092837048258,51.51915455746367,187716.0,8808.0
2025,4,17046.0,1201.0,25,24.0,1,2,5,14,17.080453682764272,79.75463695883276,3592.814807333747,2,4,4,0,0,0.0038966661937105238,1217.5714285714287,85.78571428571429,1.7857142857142858,0.96,681.84,48.04,710.25,17384.0,1147.0,18632.666666666668,15144.0,12531.083333333334,1329.2499137985112,4823.133628669217,20030.0,6607.0,-1.9443166129774505,4.707933740191804,205100.0,9955.0
2025,5,24770.0,1309.0,27,25.0,1,2,5,14,17.080453682764272,79.75463695883276,3592.814807333747,2,4,5,0,0,0.0038966661937105238,1769.2857142857142,93.5,1.9285714285714286,0.9259259259259259,917.4074074074074,48.48148148148148,990.8,17046.0,1201.0,17638.0,16883.833333333332,12877.833333333334,751.8962694414816,2403.672391709512,20030.0,13306.0,45.31268332746686,8.992506244796003,222146.0,11156.0
2025,6,24571.0,1309.0,27,27.0,1,2,5,14,17.080453682764272,79.75463695883276,3592.814807333747,2,4,6,0,0,0.0038966661937105238,1755.0714285714287,93.5,1.9285714285714286,1.0,910.0370370370371,48.48148148148148,910.0370370370371,24770.0,1309.0,19733.333333333332,18503.333333333332,14088.666666666666,4365.153987356386,3794.501214476878,24770.0,13306.0,-0.803391199031086,0.0,246916.0,12465.0
2025,7,19853.0,1309.0,27,27.0,1,2,5,14,17.080453682764272,79.75463695883276,3592.814807333747,3,4,7,0,0,0.0038966661937105238,1418.0714285714287,93.5,1.9285714285714286,1.0,735.2962962962963,48.48148148148148,735.2962962962963,24571.0,1309.0,22129.0,20380.833333333332,15090.166666666666,4403.131499285483,3482.6847354686693,24770.0,17046.0,-19.20149770054129,0.0,271487.0,13774.0
2025,8,21661.0,1309.0,27,27.0,1,2,5,14,17.080453682764272,79.75463695883276,3592.814807333747,3,4,8,0,0,0.0038966661937105238,1547.2142857142858,93.5,1.9285714285714286,1.0,802.2592592592592,48.48148148148148,802.2592592592592,19853.0,1309.0,23064.666666666668,20351.333333333332,15928.416666666666,2783.1640866706657,3486.9977726787374,24770.0,17046.0,9.10693597944895,0.0,291340.0,15083.0
2025,10,27865.0,1309.0,27,27.0,1,2,5,14,17.080453682764272,79.75463695883276,3592.814807333747,4,4,10,0,0,0.0038966661937105238,1990.357142857143,93.5,1.9285714285714286,1.0,1032.037037037037,48.48148148148148,1032.037037037037,21661.0,1309.0,22028.333333333332,20880.833333333332,17261.666666666668,2380.353195081218,3386.4978616066583,24770.0,17046.0,28.6413369650524,0.0,313001.0,16392.0
2025,11,32963.0,1309.0,27,27.0,1,2,5,14,17.080453682764272,79.75463695883276,3592.814807333747,4,4,11,0,0,0.0038966661937105238,2354.5,93.5,1.9285714285714286,1.0,1220.851851851852,48.48148148148148,1220.851851851852,27865.0,1309.0,23126.333333333332,22627.666666666668,18885.833333333332,4202.194347401529,3888.033418923562,27865.0,17046.0,18.295352592858425,0.0,340866.0,17701.0
2025,12,36896.0,1309.0,27,27.0,1,2,5,14,17.080453682764272,79.75463695883276,3592.814807333747,4,4,12,0,0,0.0038966661937105238,2635.4285714285716,93.5,1.9285714285714286,1.0,1366.5185185185185,48.48148148148148,1366.5185185185185,32963.0,1309.0,27496.333333333332,25280.5,21082.166666666668,5660.012131906908,4669.5392385116265,32963.0,19853.0,11.931559627461093,0.0,373829.0,19010.0
2026,1,36811.0,1309.0,27,27.0,1,2,5,14,17.080453682764272,79.75463695883276,3592.814807333747,1,5,1,0,0,0.0038966661937105238,2629.3571428571427,93.5,1.9285714285714286,1.0,1363.3703703703704,48.48148148148148,1363.3703703703704,36896.0,1309.0,32574.666666666668,27301.5,22902.416666666668,4528.006441397071,6620.809127289481,36896.0,19853.0,-0.23037727666955768,0.0,410725.0,20319.0
2026,2,37763.0,1369.0,28,27.0,1,2,5,14,17.080453682764272,79.75463695883276,3592.814807333747,1,5,2,0,0,0.0038966661937105238,2697.3571428571427,97.78571428571429,2.0,0.9642857142857143,1348.6785714285713,48.892857142857146,1398.6296296296296,36811.0,1309.0,35556.666666666664,29341.5,24861.166666666668,2246.5832576010557,7445.54803221359,36896.0,19853.0,2.5861834777647985,4.583651642475172,447536.0,21628.0
2026,3,34712.0,1369.0,28,28.0,1,2,5,14,17.080453682764272,79.75463695883276,3592.814807333747,1,5,3,0,0,0.0038966661937105238,2479.4285714285716,97.78571428571429,2.0,1.0,1239.7142857142858,48.892857142857146,1239.7142857142858,37763.0,1369.0,37156.666666666664,32326.5,26338.916666666668,526.8171725877747,6397.024425465297,37763.0,21661.0,-8.079336917088154,0.0,485299.0,22997.0
2026,4,35853.0,1369.0,28,28.0,1,2,5,14,17.080453682764272,79.75463695883276,3592.814807333747,2,5,4,0,0,0.0038966661937105238,2560.9285714285716,97.78571428571429,2.0,1.0,1280.4642857142858,48.892857142857146,1280.4642857142858,34712.0,1369.0,36428.666666666664,34501.666666666664,27691.25,1561.020286009562,3692.1329156283427,37763.0,27865.0,3.2870477068448953,0.0,520011.0,24366.0
2026,5,44828.0,1423.0,29,28.0,1,2,6,14,17.080453682764272,79.75463695883276,3592.814807333747,2,5,5,0,0,0.0038966661937105238,3202.0,101.64285714285714,2.0714285714285716,0.9655172413793104,1545.7931034482758,49.06896551724138,1601.0,35853.0,1369.0,36109.333333333336,35833.0,29230.333333333332,1541.5674923055994,1749.5881801154128,37763.0,32963.0,25.032772710791285,3.944485025566107,555864.0,25735.0
2026,6,45994.0,1429.0,29,29.0,1,2,6,14,17.080453682764272,79.75463695883276,3592.814807333747,2,5,6,0,1,0.0038966661937105238,3285.285714285714,102.07142857142857,2.0714285714285716,1.0,1586.0,49.275862068965516,1586.0,44828.0,1423.0,38464.333333333336,37810.5,31545.5,5540.546934494226,3592.0852300578185,44828.0,34712.0,2.601052913357723,0.42164441321152496,600692.0,27158.0
2025,4,0.0,54.0,1,0.0,1,1,1,3,17.24621515915895,77.75071359645821,3712.198771085446,2,4,4,1,0,0.0008081463803520416,0.0,18.0,0.3333333333333333,0.0,0.0,54.0,,,,,,,,,,,,,,
2025,5,0.0,54.0,1,1.0,1,1,1,3,17.24621515915895,77.75071359645821,3712.198771085446,2,4,5,0,0,0.0008081463803520416,0.0,18.0,0.3333333333333333,1.0,0.0,54.0,0.0,0.0,54.0,0.0,0.0,0.0,,,,,,0.0,0.0,54.0
2025,6,0.0,54.0,1,1.0,1,1,1,3,17.24621515915895,77.75071359645821,3712.198771085446,2,4,6,0,0,0.0008081463803520416,0.0,18.0,0.3333333333333333,1.0,0.0,54.0,0.0,0.0,54.0,0.0,0.0,0.0,,,,,,0.0,0.0,108.0
2025,7,0.0,54.0,1,1.0,1,1,1,3,17.24621515915895,77.75071359645821,3712.198771085446,3,4,7,0,0,0.0008081463803520416,0.0,18.0,0.3333333333333333,1.0,0.0,54.0,0.0,0.0,54.0,0.0,0.0,0.0,0.0,,,,,0.0,0.0,162.0
2025,8,0.0,54.0,1,1.0,1,1,1,3,17.24621515915895,77.75071359645821,3712.198771085446,3,4,8,0,0,0.0008081463803520416,0.0,18.0,0.3333333333333333,1.0,0.0,54.0,0.0,0.0,54.0,0.0,0.0,0.0,0.0,,,,,0.0,0.0,216.0
2025,10,0.0,54.0,1,1.0,1,1,1,3,17.24621515915895,77.75071359645821,3712.198771085446,4,4,10,0,0,0.0008081463803520416,0.0,18.0,0.3333333333333333,1.0,0.0,54.0,0.0,0.0,54.0,0.0,0.0,0.0,0.0,,,,,0.0,0.0,270.0
2025,11,0.0,54.0,1,1.0,1,1,1,3,17.24621515915895,77.75071359645821,3712.198771085446,4,4,11,0,0,0.0008081463803520416,0.0,18.0,0.3333333333333333,1.0,0.0,54.0,0.0,0.0,54.0,0.0,0.0,0.0,0.0,0.0,0.0,0.0,,0.0,0.0,324.0
2025,12,0.0,54.0,1,1.0,1,1,1,3,17.24621515915895,77.75071359645821,3712.198771085446,4,4,12,0,0,0.0008081463803520416,0.0,18.0,0.3333333333333333,1.0,0.0,54.0,0.0,0.0,54.0,0.0,0.0,0.0,0.0,0.0,0.0,0.0,,0.0,0.0,378.0
2026,1,0.0,54.0,1,1.0,1,1,1,3,17.24621515915895,77.75071359645821,3712.198771085446,1,5,1,0,0,0.0008081463803520416,0.0,18.0,0.3333333333333333,1.0,0.0,54.0,0.0,0.0,54.0,0.0,0.0,0.0,0.0,0.0,0.0,0.0,,0.0,0.0,432.0
2026,2,0.0,108.0,2,1.0,1,1,1,3,17.24621515915895,77.75071359645821,3712.198771085446,1,5,2,0,0,0.0008081463803520416,0.0,36.0,0.6666666666666666,0.5,0.0,54.0,0.0,0.0,54.0,0.0,0.0,0.0,0.0,0.0,0.0,0.0,,100.0,0.0,486.0
2026,3,19.0,162.0,3,3.0,1,1,1,3,17.24621515915895,77.75071359645821,3712.198771085446,1,5,3,0,0,0.0008081463803520416,6.333333333333333,54.0,1.0,1.0,6.333333333333333,54.0,6.333333333333333,0.0,108.0,0.0,0.0,0.0,0.0,0.0,0.0,0.0,,50.0,0.0,594.0
2026,4,0.0,162.0,3,3.0,1,1,1,3,17.24621515915895,77.75071359645821,3712.198771085446,2,5,4,0,0,0.0008081463803520416,0.0,54.0,1.0,1.0,0.0,54.0,0.0,19.0,162.0,6.333333333333333,3.1666666666666665,1.7272727272727273,10.96965511460289,7.756717518813398,19.0,0.0,-100.0,0.0,19.0,756.0
2026,5,0.0,162.0,3,3.0,1,1,1,3,17.24621515915895,77.75071359645821,3712.198771085446,2,5,5,0,0,0.0008081463803520416,0.0,54.0,1.0,1.0,0.0,54.0,0.0,0.0,162.0,6.333333333333333,3.1666666666666665,1.5833333333333333,10.96965511460289,7.756717518813398,19.0,0.0,,0.0,19.0,918.0
2026,6,4.0,162.0,3,3.0,1,1,1,3,17.24621515915895,77.75071359645821,3712.198771085446,2,5,6,0,1,0.0008081463803520416,1.3333333333333333,54.0,1.0,1.0,1.3333333333333333,54.0,1.3333333333333333,0.0,162.0,6.333333333333333,3.1666666666666665,1.5833333333333333,10.96965511460289,7.756717518813398,19.0,0.0,,0.0,19.0,1080.0
2023,2,0.0,55.0,1,0.0,1,1,1,5,16.28955019453262,78.04247735891539,2229.6014079239103,1,2,2,1,0,0.0022425533022316048,0.0,11.0,0.2,0.0,0.0,55.0,,,,,,,,,,,,,,
2023,3,127.0,55.0,1,1.0,1,1,1,5,16.28955019453262,78.04247735891539,2229.6014079239103,1,2,3,0,0,0.0022425533022316048,25.4,11.0,0.2,1.0,127.0,55.0,127.0,0.0,55.0,0.0,0.0,0.0,,,,,,0.0,0.0,55.0
2023,4,496.0,55.0,1,1.0,1,1,1,5,16.28955019453262,78.04247735891539,2229.6014079239103,2,2,4,0,0,0.0022425533022316048,99.2,11.0,0.2,1.0,496.0,55.0,496.0,127.0,55.0,63.5,63.5,63.5,,,,,290.5511811023622,0.0,127.0,110.0
2023,5,917.0,55.0,1,1.0,1,1,1,5,16.28955019453262,78.04247735891539,2229.6014079239103,2,2,5,0,0,0.0022425533022316048,183.4,11.0,0.2,1.0,917.0,55.0,917.0,496.0,55.0,207.66666666666666,207.66666666666666,207.66666666666666,257.65157351224025,,,,84.87903225806451,0.0,623.0,165.0
2023,6,1859.0,55.0,1,1.0,1,1,1,5,16.28955019453262,78.04247735891539,2229.6014079239103,2,2,6,0,0,0.0022425533022316048,371.8,11.0,0.2,1.0,1859.0,55.0,1859.0,917.0,55.0,513.3333333333334,385.0,385.0,395.2851291578439,,,,102.72628135223555,0.0,1540.0,220.0
2023,7,1920.0,55.0,1,1.0,1,1,1,5,16.28955019453262,78.04247735891539,2229.6014079239103,3,2,7,0,0,0.0022425533022316048,384.0,11.0,0.2,1.0,1920.0,55.0,1920.0,1859.0,55.0,1090.6666666666667,679.8,679.8,697.8985122016907,,,,3.2813340505648196,0.0,3399.0,275.0
2023,8,1944.0,55.0,1,1.0,1,1,1,5,16.28955019453262,78.04247735891539,2229.6014079239103,3,2,8,0,0,0.0022425533022316048,388.8,11.0,0.2,1.0,1944.0,55.0,1944.0,1920.0,55.0,1565.3333333333333,886.5,886.5,562.3009277365041,840.2406202987332,1920.0,0.0,1.25,0.0,5319.0,330.0
2023,9,1944.0,55.0,1,1.0,1,1,1,5,16.28955019453262,78.04247735891539,2229.6014079239103,3,2,9,0,0,0.0022425533022316048,388.8,11.0,0.2,1.0,1944.0,55.0,1944.0,1944.0,55.0,1907.6666666666667,1210.5,1037.5714285714287,43.8216080642111,804.0633681495508,1944.0,127.0,0.0,0.0,7263.0,385.0
2023,10,1383.0,80.0,2,1.0,1,1,1,5,16.28955019453262,78.04247735891539,2229.6014079239103,4,2,10,0,0,0.0022425533022316048,276.6,16.0,0.4,0.5,691.5,40.0,1383.0,1944.0,55.0,1936.0,1513.3333333333333,1150.875,13.856406460550838,639.7485964554097,1944.0,496.0,-28.858024691358025,45.45454545454545,9207.0,440.0
2023,11,1652.0,80.0,2,2.0,1,1,1,5,16.28955019453262,78.04247735891539,2229.6014079239103,4,2,11,0,0,0.0022425533022316048,330.4,16.0,0.4,1.0,826.0,40.0,826.0,1383.0,80.0,1757.0,1661.1666666666667,1176.6666666666667,323.8935010153801,423.62314226995034,1944.0,917.0,19.450469992769342,0.0,10590.0,520.0
2023,12,2019.0,80.0,2,2.0,1,1,1,5,16.28955019453262,78.04247735891539,2229.6014079239103,4,2,12,0,0,0.0022425533022316048,403.8,16.0,0.4,1.0,1009.5,40.0,1009.5,1652.0,80.0,1659.6666666666667,1783.6666666666667,1224.2,280.57856891311803,225.18673732408533,1944.0,1383.0,22.215496368038743,0.0,12242.0,600.0
2024,1,2799.0,80.0,2,2.0,1,1,1,5,16.28955019453262,78.04247735891539,2229.6014079239103,1,3,1,0,0,0.0022425533022316048,559.8,16.0,0.4,1.0,1399.5,40.0,1399.5,2019.0,80.0,1684.6666666666667,1810.3333333333333,1296.4545454545455,319.25590571410476,244.53438749318386,2019.0,1383.0,38.63298662704309,0.0,14261.0,680.0
2024,2,2493.0,80.0,2,2.0,1,1,1,5,16.28955019453262,78.04247735891539,2229.6014079239103,1,3,2,0,0,0.0022425533022316048,498.6,16.0,0.4,1.0,1246.5,40.0,1246.5,2799.0,80.0,2156.6666666666665,1956.8333333333333,1421.6666666666667,585.7613279598896,476.58091303226416,2799.0,1383.0,-10.932475884244372,0.0,17060.0,760.0
2024,3,2680.0,80.0,2,2.0,1,1,1,5,16.28955019453262,78.04247735891539,2229.6014079239103,1,3,3,0,0,0.0022425533022316048,536.0,16.0,0.4,1.0,1340.0,40.0,1340.0,2493.0,80.0,2437.0,2048.3333333333335,1629.4166666666667,393.00381677535916,523.9701009281604,2799.0,1383.0,7.5010028078620135,0.0,19553.0,840.0
2024,4,2098.0,80.0,2,2.0,1,1,1,5,16.28955019453262,78.04247735891539,2229.6014079239103,2,3,4,0,0,0.0022425533022316048,419.6,16.0,0.4,1.0,1049.0,40.0,1049.0,2680.0,80.0,2657.3333333333335,2171.0,1842.1666666666667,154.2541193399172,578.0238749394351,2799.0,1383.0,-21.71641791044776,0.0,22233.0,920.0
2024,5,2387.0,80.0,2,2.0,1,1,1,5,16.28955019453262,78.04247735891539,2229.6014079239103,2,3,5,0,0,0.0022425533022316048,477.4,16.0,0.4,1.0,1193.5,40.0,1193.5,2098.0,80.0,2423.6666666666665,2290.1666666666665,1975.6666666666667,297.1301622746055,440.39501208195634,2799.0,1652.0,13.775023832221162,0.0,24331.0,1000.0
2024,6,2184.0,80.0,2,2.0,1,1,1,5,16.28955019453262,78.04247735891539,2229.6014079239103,2,3,6,0,0,0.0022425533022316048,436.8,16.0,0.4,1.0,1092.0,40.0,1092.0,2387.0,80.0,2388.3333333333335,2412.6666666666665,2098.1666666666665,291.00229094172676,310.4259439329557,2799.0,2019.0,-8.504398826979472,0.0,26718.0,1080.0
2024,7,1119.0,80.0,2,2.0,1,1,1,5,16.28955019453262,78.04247735891539,2229.6014079239103,3,3,7,0,0,0.0022425533022316048,223.8,16.0,0.4,1.0,559.5,40.0,559.5,2184.0,80.0,2223.0,2440.1666666666665,2125.25,148.39474384222672,273.7147541998176,2799.0,2098.0,-48.76373626373626,0.0,28902.0,1160.0
2024,8,1109.0,80.0,2,2.0,1,1,1,5,16.28955019453262,78.04247735891539,2229.6014079239103,3,3,8,0,0,0.0022425533022316048,221.8,16.0,0.4,1.0,554.5,40.0,554.5,1119.0,80.0,1896.6666666666667,2160.1666666666665,2058.5,681.0846741289466,551.5285728470162,2680.0,1119.0,-0.8936550491510277,0.0,30021.0,1240.0
2024,9,1001.0,80.0,2,2.0,1,1,1,5,16.28955019453262,78.04247735891539,2229.6014079239103,3,3,9,0,0,0.0022425533022316048,200.2,16.0,0.4,1.0,500.5,40.0,500.5,1109.0,80.0,1470.6666666666667,1929.5,1988.9166666666667,617.7850219399411,662.698951259167,2680.0,1109.0,-9.738503155996392,0.0,31130.0,1320.0
2024,10,1490.0,80.0,2,2.0,1,1,1,5,16.28955019453262,78.04247735891539,2229.6014079239103,4,3,10,0,0,0.0022425533022316048,298.0,16.0,0.4,1.0,745.0,40.0,745.0,1001.0,80.0,1076.3333333333333,1649.6666666666667,1910.3333333333333,65.43189843901492,636.3758847306099,2387.0,1001.0,48.85114885114885,0.0,32131.0,1400.0
2024,11,2056.0,80.0,2,2.0,1,1,1,5,16.28955019453262,78.04247735891539,2229.6014079239103,4,3,11,0,0,0.0022425533022316048,411.2,16.0,0.4,1.0,1028.0,40.0,1028.0,1490.0,80.0,1200.0,1548.3333333333333,1919.25,256.88713474987463,597.955070775946,2387.0,1001.0,37.986577181208055,0.0,33621.0,1480.0
2024,12,1941.0,80.0,2,2.0,1,1,1,5,16.28955019453262,78.04247735891539,2229.6014079239103,4,3,12,0,0,0.0022425533022316048,388.2,16.0,0.4,1.0,970.5,40.0,970.5,2056.0,80.0,1515.6666666666667,1493.1666666666667,1952.9166666666667,527.9681177242936,514.5590021238249,2184.0,1001.0,-5.593385214007782,0.0,35677.0,1560.0
2025,1,2176.0,188.0,4,2.0,1,1,1,5,16.28955019453262,78.04247735891539,2229.6014079239103,1,4,1,0,0,0.0022425533022316048,435.2,37.6,0.8,0.5,544.0,47.0,1088.0,1941.0,80.0,1829.0,1452.6666666666667,1946.4166666666667,299.1604920439866,455.48157664900833,2056.0,1001.0,12.107161257083977,135.0,37618.0,1640.0
2025,2,1550.0,188.0,4,4.0,1,1,1,5,16.28955019453262,78.04247735891539,2229.6014079239103,1,4,2,0,0,0.0022425533022316048,310.0,37.6,0.8,1.0,387.5,47.0,387.5,2176.0,188.0,2057.6666666666665,1628.8333333333333,1894.5,117.50886491381627,502.59065517244403,2176.0,1001.0,-28.768382352941178,0.0,39794.0,1828.0
2025,3,1712.0,188.0,4,4.0,1,1,1,5,16.28955019453262,78.04247735891539,2229.6014079239103,1,4,3,0,0,0.0022425533022316048,342.4,37.6,0.8,1.0,428.0,47.0,428.0,1550.0,188.0,1889.0,1702.3333333333333,1815.9166666666667,316.22302256477184,439.6729087249595,2176.0,1001.0,10.451612903225806,0.0,41344.0,2016.0
2025,4,1298.0,188.0,4,4.0,1,1,1,5,16.28955019453262,78.04247735891539,2229.6014079239103,2,4,4,0,0,0.0022425533022316048,259.6,37.6,0.8,1.0,324.5,47.0,324.5,1712.0,188.0,1812.6666666666667,1820.8333333333333,1735.25,324.9143476877153,279.4755206930771,2176.0,1490.0,-24.182242990654206,0.0,43056.0,2204.0
2025,5,2087.0,296.0,6,4.0,1,1,2,5,16.28955019453262,78.04247735891539,2229.6014079239103,2,4,5,0,0,0.0022425533022316048,417.4,59.2,1.2,0.6666666666666666,347.8333333333333,49.333333333333336,521.75,1298.0,188.0,1520.0,1788.8333333333333,1668.5833333333333,208.62406380856504,331.1473488745857,2176.0,1298.0,60.78582434514638,57.4468085106383,44354.0,2392.0
2025,6,2144.0,296.0,6,6.0,1,1,2,5,16.28955019453262,78.04247735891539,2229.6014079239103,2,4,6,0,0,0.0022425533022316048,428.8,59.2,1.2,1.0,357.3333333333333,49.333333333333336,357.3333333333333,2087.0,296.0,1699.0,1794.0,1643.5833333333333,394.66061369232204,336.3504125164705,2176.0,1298.0,2.731193100143747,0.0,46441.0,2688.0
2025,7,1015.0,296.0,6,6.0,1,1,2,5,16.28955019453262,78.04247735891539,2229.6014079239103,3,4,7,0,0,0.0022425533022316048,203.0,59.2,1.2,1.0,169.16666666666666,49.333333333333336,169.16666666666666,2144.0,296.0,1843.0,1827.8333333333333,1640.25,472.84352591528653,363.23018413489064,2176.0,1298.0,-52.65858208955224,0.0,48585.0,2984.0
2025,8,3315.0,296.0,6,6.0,1,1,2,5,16.28955019453262,78.04247735891539,2229.6014079239103,3,4,8,0,0,0.0022425533022316048,663.0,59.2,1.2,1.0,552.5,49.333333333333336,552.5,1015.0,296.0,1748.6666666666667,1634.3333333333333,1631.5833333333333,636.0128405412376,441.47600916320073,2144.0,1015.0,226.60098522167488,0.0,49600.0,3280.0
2025,10,3817.0,296.0,6,6.0,1,1,2,5,16.28955019453262,78.04247735891539,2229.6014079239103,4,4,10,0,0,0.0022425533022316048,763.4,59.2,1.2,1.0,636.1666666666666,49.333333333333336,636.1666666666666,3315.0,296.0,2158.0,1928.5,1815.4166666666667,1150.0639112675435,809.0524704863091,3315.0,1015.0,15.143288084464555,0.0,52915.0,3576.0
2025,11,5715.0,350.0,7,6.0,1,1,2,5,16.28955019453262,78.04247735891539,2229.6014079239103,4,4,11,0,0,0.0022425533022316048,1143.0,70.0,1.4,0.8571428571428571,816.4285714285714,50.0,952.5,3817.0,296.0,2715.6666666666665,2279.3333333333335,2050.0833333333335,1494.0553314162544,1100.3531554308674,3817.0,1015.0,49.72491485459785,18.243243243243242,56732.0,3872.0
2025,12,4295.0,350.0,7,7.0,1,1,2,5,16.28955019453262,78.04247735891539,2229.6014079239103,4,4,12,0,0,0.0022425533022316048,859.0,70.0,1.4,1.0,613.5714285714286,50.0,613.5714285714286,5715.0,350.0,4282.333333333333,3015.5,2402.1666666666665,1265.8599185270598,1651.849115385543,5715.0,1015.0,-24.84689413823272,0.0,62447.0,4222.0
2026,1,10005.0,350.0,7,7.0,1,1,2,5,16.28955019453262,78.04247735891539,2229.6014079239103,1,5,1,0,0,0.0022425533022316048,2001.0,70.0,1.4,1.0,1429.2857142857142,50.0,1429.2857142857142,4295.0,350.0,4609.0,3383.5,2588.75,987.1919772769638,1649.5751877377404,5715.0,1015.0,132.9452852153667,0.0,66742.0,4572.0
2026,2,8572.0,350.0,7,7.0,1,1,2,5,16.28955019453262,78.04247735891539,2229.6014079239103,1,5,2,0,0,0.0022425533022316048,1714.4,70.0,1.4,1.0,1224.5714285714287,50.0,1224.5714285714287,10005.0,350.0,6671.666666666667,4693.666666666667,3260.75,2972.782086418938,3020.4030636103303,10005.0,1015.0,-14.322838580709645,0.0,76747.0,4922.0
2026,3,6548.0,350.0,7,7.0,1,1,2,5,16.28955019453262,78.04247735891539,2229.6014079239103,1,5,3,0,0,0.0022425533022316048,1309.6,70.0,1.4,1.0,935.4285714285714,50.0,935.4285714285714,8572.0,350.0,7624.0,5953.166666666667,3793.75,2970.6990759752157,2742.4446332910115,10005.0,3315.0,-23.611759216052263,0.0,85319.0,5272.0
2026,4,4844.0,350.0,7,7.0,1,1,2,5,16.28955019453262,78.04247735891539,2229.6014079239103,2,5,4,0,0,0.0022425533022316048,968.8,70.0,1.4,1.0,692.0,50.0,692.0,6548.0,350.0,8375.0,6492.0,4210.25,1736.8992486612458,2418.9612646753985,10005.0,3817.0,-26.023213194868664,0.0,91867.0,5622.0
2026,5,3803.0,350.0,7,7.0,1,1,2,5,16.28955019453262,78.04247735891539,2229.6014079239103,2,5,5,0,0,0.0022425533022316048,760.6,70.0,1.4,1.0,543.2857142857143,50.0,543.2857142857143,4844.0,350.0,6654.666666666667,6663.166666666667,4471.25,1866.2875805548656,2219.971118430749,10005.0,4295.0,-21.49050371593724,0.0,96711.0,5972.0
2026,6,4354.0,350.0,7,7.0,1,1,2,5,16.28955019453262,78.04247735891539,2229.6014079239103,2,5,6,0,1,0.0022425533022316048,870.8,70.0,1.4,1.0,622.0,50.0,622.0,3803.0,350.0,5065.0,6344.5,4680.0,1385.7802856152923,2502.5427668673324,10005.0,3803.0,14.48856166184591,0.0,100514.0,6322.0
2023,1,224.0,60.0,2,2.0,1,1,1,3,17.866192088329413,79.75106414913724,1749.5927673209285,1,2,1,1,0,0.0017146847289462466,74.66666666666667,20.0,0.6666666666666666,1.0,112.0,30.0,112.0,,,,,,,,,,,,,
2023,2,789.0,30.0,1,1.0,1,1,1,3,17.866192088329413,79.75106414913724,1749.5927673209285,1,2,2,0,0,0.0017146847289462466,263.0,10.0,0.3333333333333333,1.0,789.0,30.0,789.0,224.0,60.0,224.0,224.0,224.0,,,,,252.23214285714286,-50.0,224.0,60.0
2023,3,347.0,30.0,1,1.0,1,1,1,3,17.866192088329413,79.75106414913724,1749.5927673209285,1,2,3,0,0,0.0017146847289462466,115.66666666666667,10.0,0.3333333333333333,1.0,347.0,30.0,347.0,789.0,30.0,506.5,506.5,506.5,,,,,-56.02027883396705,0.0,1013.0,90.0
2023,4,1966.0,60.0,2,2.0,1,1,1,3,17.866192088329413,79.75106414913724,1749.5927673209285,2,2,4,0,0,0.0017146847289462466,655.3333333333334,20.0,0.6666666666666666,1.0,983.0,30.0,983.0,347.0,30.0,453.3333333333333,453.3333333333333,453.3333333333333,297.13016227460537,,,,466.57060518731987,100.0,1360.0,120.0
2023,5,4209.0,60.0,2,2.0,1,1,1,3,17.866192088329413,79.75106414913724,1749.5927673209285,2,2,5,0,0,0.0017146847289462466,1403.0,20.0,0.6666666666666666,1.0,2104.5,30.0,2104.5,1966.0,60.0,1034.0,831.5,831.5,836.8446689798532,,,,114.08952187182095,0.0,3326.0,180.0
2023,6,2713.0,60.0,2,2.0,1,1,1,3,17.866192088329413,79.75106414913724,1749.5927673209285,2,2,6,0,0,0.0017146847289462466,904.3333333333334,20.0,0.6666666666666666,1.0,1356.5,30.0,1356.5,4209.0,60.0,2174.0,1507.0,1507.0,1939.383664982254,,,,-35.54288429555714,0.0,7535.0,240.0
2023,7,1368.0,60.0,2,2.0,1,1,1,3,17.866192088329413,79.75106414913724,1749.5927673209285,3,2,7,0,0,0.0017146847289462466,456.0,20.0,0.6666666666666666,1.0,684.0,30.0,684.0,2713.0,60.0,2962.6666666666665,1708.0,1708.0,1142.1525000337447,1564.0158566971118,4209.0,224.0,-49.57611500184298,0.0,10248.0,300.0
2023,8,937.0,60.0,2,2.0,1,1,1,3,17.866192088329413,79.75106414913724,1749.5927673209285,3,2,8,0,0,0.0017146847289462466,312.3333333333333,20.0,0.6666666666666666,1.0,468.5,30.0,468.5,1368.0,60.0,2763.3333333333335,1898.6666666666667,1659.4285714285713,1421.1686505595785,1408.9676599080146,4209.0,347.0,-31.505847953216374,0.0,11616.0,360.0
2023,9,1632.0,60.0,2,2.0,1,1,1,3,17.866192088329413,79.75106414913724,1749.5927673209285,3,2,9,0,0,0.0017146847289462466,544.0,20.0,0.6666666666666666,1.0,816.0,30.0,816.0,937.0,60.0,1672.6666666666667,1923.3333333333333,1569.125,926.3694367439665,1386.776213621602,4209.0,347.0,74.17289220917823,0.0,12553.0,420.0
2023,10,1851.0,60.0,2,2.0,1,1,1,3,17.866192088329413,79.75106414913724,1749.5927673209285,4,2,10,0,0,0.0017146847289462466,617.0,20.0,0.6666666666666666,1.0,925.5,30.0,925.5,1632.0,60.0,1312.3333333333333,2137.5,1576.111111111111,350.828068052335,1178.183814181811,4209.0,937.0,13.419117647058824,0.0,14185.0,480.0
2023,11,1497.0,60.0,2,2.0,1,1,1,3,17.866192088329413,79.75106414913724,1749.5927673209285,4,2,11,0,0,0.0017146847289462466,499.0,20.0,0.6666666666666666,1.0,748.5,30.0,748.5,1851.0,60.0,1473.3333333333333,2118.3333333333335,1603.6,477.2109945645991,1182.4594143845559,4209.0,937.0,-19.124797406807133,0.0,16036.0,540.0
2023,12,423.0,30.0,1,1.0,1,1,1,3,17.866192088329413,79.75106414913724,1749.5927673209285,4,2,12,0,0,0.0017146847289462466,141.0,10.0,0.3333333333333333,1.0,423.0,30.0,423.0,1497.0,60.0,1660.0,1666.3333333333333,1593.909090909091,178.6532955195636,596.7236099457327,2713.0,937.0,-71.7434869739479,-50.0,17533.0,600.0
2024,1,514.0,30.0,1,1.0,1,1,1,3,17.866192088329413,79.75106414913724,1749.5927673209285,1,3,1,0,0,0.0017146847289462466,171.33333333333334,10.0,0.3333333333333333,1.0,514.0,30.0,514.0,423.0,30.0,1257.0,1284.6666666666667,1496.3333333333333,743.6370082237707,520.9117647612379,1851.0,423.0,21.513002364066192,0.0,17956.0,630.0
2024,2,291.0,30.0,1,1.0,1,1,1,3,17.866192088329413,79.75106414913724,1749.5927673209285,1,3,2,0,0,0.0017146847289462466,97.0,10.0,0.3333333333333333,1.0,291.0,30.0,291.0,514.0,30.0,811.3333333333334,1142.3333333333333,1520.5,595.545408288347,603.6845754751959,1851.0,423.0,-43.3852140077821,0.0,18470.0,660.0
2024,3,858.0,30.0,1,1.0,1,1,1,3,17.866192088329413,79.75106414913724,1749.5927673209285,1,3,3,0,0,0.0017146847289462466,286.0,10.0,0.3333333333333333,1.0,858.0,30.0,858.0,291.0,30.0,409.3333333333333,1034.6666666666667,1479.0,112.12641675062065,697.8867147801766,1851.0,291.0,194.84536082474227,0.0,18761.0,690.0
2024,4,949.0,30.0,1,1.0,1,1,1,3,17.866192088329413,79.75106414913724,1749.5927673209285,2,3,4,0,0,0.0017146847289462466,316.3333333333333,10.0,0.3333333333333333,1.0,949.0,30.0,949.0,858.0,30.0,554.3333333333334,905.6666666666666,1521.5833333333333,285.64371747569356,634.0011566761276,1851.0,291.0,10.606060606060606,0.0,19619.0,720.0
2024,5,986.0,30.0,1,1.0,1,1,1,3,17.866192088329413,79.75106414913724,1749.5927673209285,2,3,5,0,0,0.0017146847289462466,328.6666666666667,10.0,0.3333333333333333,1.0,986.0,30.0,986.0,949.0,30.0,699.3333333333334,755.3333333333334,1436.8333333333333,356.5421901168694,443.26275127362993,1497.0,291.0,3.898840885142255,0.0,20568.0,750.0
2024,7,1066.0,30.0,1,1.0,1,1,1,3,17.866192088329413,79.75106414913724,1749.5927673209285,3,3,7,0,0,0.0017146847289462466,355.3333333333333,10.0,0.3333333333333333,1.0,1066.0,30.0,1066.0,986.0,30.0,931.0,670.1666666666666,1168.25,65.87108622150157,297.3303998360544,986.0,291.0,8.113590263691684,0.0,21554.0,780.0
2024,8,1116.0,30.0,1,1.0,1,1,1,3,17.866192088329413,79.75106414913724,1749.5927673209285,3,3,8,0,0,0.0017146847289462466,372.0,10.0,0.3333333333333333,1.0,1116.0,30.0,1116.0,1066.0,30.0,1000.3333333333334,777.3333333333334,1031.0,59.80245256955459,306.1735891070095,1066.0,291.0,4.690431519699812,0.0,22620.0,810.0
2024,9,887.0,30.0,1,1.0,1,1,1,3,17.866192088329413,79.75106414913724,1749.5927673209285,3,3,9,0,0,0.0017146847289462466,295.6666666666667,10.0,0.3333333333333333,1.0,887.0,30.0,887.0,1116.0,30.0,1056.0,877.6666666666666,1010.0,65.57438524302376,301.2179720180517,1116.0,291.0,-20.519713261648747,0.0,23736.0,840.0
2024,10,665.0,30.0,1,1.0,1,1,1,3,17.866192088329413,79.75106414913724,1749.5927673209285,4,3,10,0,0,0.0017146847289462466,221.66666666666666,10.0,0.3333333333333333,1.0,665.0,30.0,665.0,887.0,30.0,1023.0,977.0,1005.8333333333334,120.4034883215619,100.36732536040286,1116.0,858.0,-25.028184892897407,0.0,24623.0,870.0
2024,11,568.0,30.0,1,1.0,1,1,1,3,17.866192088329413,79.75106414913724,1749.5927673209285,4,3,11,0,0,0.0017146847289462466,189.33333333333334,10.0,0.3333333333333333,1.0,568.0,30.0,568.0,665.0,30.0,889.3333333333334,944.8333333333334,925.25,225.50905377242358,159.58874229301912,1116.0,665.0,-14.586466165413533,0.0,25288.0,900.0
2024,12,807.0,30.0,1,1.0,1,1,1,3,17.866192088329413,79.75106414913724,1749.5927673209285,4,3,12,0,0,0.0017146847289462466,269.0,10.0,0.3333333333333333,1.0,807.0,30.0,807.0,568.0,30.0,706.6666666666666,881.3333333333334,818.3333333333334,163.53083297450007,221.42056513943717,1116.0,568.0,42.07746478873239,0.0,25856.0,930.0
2025,1,752.0,30.0,1,1.0,1,1,1,3,17.866192088329413,79.75106414913724,1749.5927673209285,1,4,1,0,0,0.0017146847289462466,250.66666666666666,10.0,0.3333333333333333,1.0,752.0,30.0,752.0,807.0,30.0,680.0,851.5,760.8333333333334,120.2039932780958,216.5019630396018,1116.0,568.0,-6.815365551425031,0.0,26663.0,960.0
2025,2,1162.0,30.0,1,1.0,1,1,1,3,17.866192088329413,79.75106414913724,1749.5927673209285,1,4,2,0,0,0.0017146847289462466,387.3333333333333,10.0,0.3333333333333333,1.0,1162.0,30.0,1162.0,752.0,30.0,709.0,799.1666666666666,788.25,125.16788725547978,190.6949571086447,1116.0,568.0,54.52127659574468,0.0,27415.0,990.0
2025,3,724.0,30.0,1,1.0,1,1,1,3,17.866192088329413,79.75106414913724,1749.5927673209285,1,4,3,0,0,0.0017146847289462466,241.33333333333334,10.0,0.3333333333333333,1.0,724.0,30.0,724.0,1162.0,30.0,907.0,806.8333333333334,842.25,222.54213084267997,206.269160726144,1162.0,568.0,-37.693631669535286,0.0,28577.0,1020.0
2025,4,757.0,80.0,2,2.0,1,2,2,3,17.866192088329413,79.75106414913724,1749.5927673209285,2,4,4,0,0,0.0017146847289462466,252.33333333333334,26.666666666666668,0.6666666666666666,1.0,378.5,40.0,378.5,724.0,30.0,879.3333333333334,779.6666666666666,878.3333333333334,245.1965198230469,204.32392583020683,1162.0,568.0,4.558011049723757,166.66666666666666,29301.0,1050.0
2025,5,1386.0,130.053,4,3.0,1,2,4,3,17.866192088329413,79.75106414913724,1749.5927673209285,2,4,5,0,0,0.0017146847289462466,462.0,43.351,1.3333333333333333,0.75,346.5,32.51325,462.0,757.0,80.0,881.0,795.0,869.9166666666666,243.9118693298883,197.33018015499093,1162.0,568.0,83.09114927344783,62.56624999999999,30058.0,1130.0
2025,6,2225.0,183.053,5,5.0,1,2,4,3,17.866192088329413,79.75106414913724,1749.5927673209285,2,4,6,0,0,0.0017146847289462466,741.6666666666666,61.01766666666666,1.6666666666666667,1.0,445.0,36.6106,445.0,1386.0,130.053,955.6666666666666,931.3333333333334,906.3333333333334,373.0446800764405,276.01714922567345,1386.0,724.0,60.533910533910536,40.752616241070946,31444.0,1260.0529999999999
2025,7,686.0,183.053,5,5.0,1,2,4,3,17.866192088329413,79.75106414913724,1749.5927673209285,3,4,7,0,0,0.0017146847289462466,228.66666666666666,61.01766666666666,1.6666666666666667,1.0,137.2,36.6106,137.2,2225.0,183.053,1456.0,1167.6666666666667,1009.5833333333334,736.499151391229,583.7673052395684,2225.0,724.0,-69.1685393258427,0.0,33669.0,1443.1059999999998
2025,8,1226.0,236.0,5,5.0,1,2,4,3,17.866192088329413,79.75106414913724,1749.5927673209285,3,4,8,0,0,0.0017146847289462466,408.6666666666667,78.66666666666667,1.6666666666666667,1.0,245.2,47.2,245.2,686.0,183.053,1432.3333333333333,1156.6666666666667,977.9166666666666,770.5454777839747,593.7035174787727,2225.0,686.0,78.71720116618076,28.924409870365416,34355.0,1626.1589999999997
2025,9,931.0,236.0,5,5.0,1,2,4,3,17.866192088329413,79.75106414913724,1749.5927673209285,3,4,9,0,0,0.0017146847289462466,310.3333333333333,78.66666666666667,1.6666666666666667,1.0,186.2,47.2,186.2,1226.0,236.0,1379.0,1167.3333333333333,987.0833333333334,780.8245641627832,594.3930237365403,2225.0,686.0,-24.061990212071777,0.0,35581.0,1862.1589999999997
2025,10,2242.0,236.0,5,5.0,1,2,4,3,17.866192088329413,79.75106414913724,1749.5927673209285,4,4,10,0,0,0.0017146847289462466,747.3333333333334,78.66666666666667,1.6666666666666667,1.0,448.4,47.2,448.4,931.0,236.0,947.6666666666666,1201.8333333333333,990.75,270.3855272260956,568.9785291789728,2225.0,686.0,140.81632653061226,0.0,36512.0,2098.1589999999997
2025,11,1834.0,292.0,6,5.0,1,2,4,3,17.866192088329413,79.75106414913724,1749.5927673209285,4,4,11,0,0,0.0017146847289462466,611.3333333333334,97.33333333333333,2.0,0.8333333333333334,305.6666666666667,48.666666666666664,366.8,2242.0,236.0,1466.3333333333333,1449.3333333333333,1122.1666666666667,687.7501968980697,653.4853224569523,2242.0,686.0,-18.198037466547724,23.728813559322035,38754.0,2334.1589999999997
2025,12,2841.0,348.0,7,6.0,1,2,4,3,17.866192088329413,79.75106414913724,1749.5927673209285,4,4,12,0,0,0.0017146847289462466,947.0,116.0,2.3333333333333335,0.8571428571428571,405.85714285714283,49.714285714285715,473.5,1834.0,292.0,1669.0,1524.0,1227.6666666666667,670.8941794351776,670.1823632415286,2242.0,686.0,54.907306434023994,19.17808219178082,40588.0,2626.1589999999997
2026,1,18759.0,348.0,7,7.0,1,2,4,3,17.866192088329413,79.75106414913724,1749.5927673209285,1,5,1,0,0,0.0017146847289462466,6253.0,116.0,2.3333333333333335,1.0,2679.8571428571427,49.714285714285715,2679.8571428571427,2841.0,348.0,2305.6666666666665,1626.6666666666667,1397.1666666666667,506.50995383440767,827.7158127441246,2841.0,686.0,560.2956705385428,0.0,43429.0,2974.1589999999997
2026,2,18937.0,348.0,7,7.0,1,2,4,3,17.866192088329413,79.75106414913724,1749.5927673209285,1,5,2,0,0,0.0017146847289462466,6312.333333333333,116.0,2.3333333333333335,1.0,2705.285714285714,49.714285714285715,2705.285714285714,18759.0,348.0,7811.333333333333,4638.833333333333,2897.75,9494.317581234227,6951.527470036112,18759.0,931.0,0.948877871954795,0.0,62188.0,3322.1589999999997
2026,3,18780.0,348.0,7,7.0,1,2,4,3,17.866192088329413,79.75106414913724,1749.5927673209285,1,5,3,0,0,0.0017146847289462466,6260.0,116.0,2.3333333333333335,1.0,2682.8571428571427,49.714285714285715,2682.8571428571427,18937.0,348.0,13512.333333333334,7590.666666666667,4379.0,9242.074298193742,8742.183815653081,18937.0,931.0,-0.829064793789935,0.0,81125.0,3670.1589999999997
2026,4,3772.0,348.0,7,7.0,1,2,4,3,17.866192088329413,79.75106414913724,1749.5927673209285,2,5,4,0,0,0.0017146847289462466,1257.3333333333333,116.0,2.3333333333333335,1.0,538.8571428571429,49.714285714285715,538.8571428571429,18780.0,348.0,18825.333333333332,10565.5,5883.666666666667,97.27452561350938,9054.07211700901,18937.0,1834.0,-79.91480298189563,0.0,99905.0,4018.1589999999997
2026,5,5987.0,348.0,7,7.0,1,2,4,3,17.866192088329413,79.75106414913724,1749.5927673209285,2,5,5,0,0,0.0017146847289462466,1995.6666666666667,116.0,2.3333333333333335,1.0,855.2857142857143,49.714285714285715,855.2857142857143,3772.0,348.0,13829.666666666666,10820.5,6134.916666666667,8710.548566728352,8790.471540253116,18937.0,1834.0,58.72216330858961,0.0,103677.0,4366.159
2026,6,4841.0,348.0,7,7.0,1,2,4,3,17.866192088329413,79.75106414913724,1749.5927673209285,2,5,6,0,1,0.0017146847289462466,1613.6666666666667,116.0,2.3333333333333335,1.0,691.5714285714286,49.714285714285715,691.5714285714286,5987.0,348.0,9513.0,11512.666666666666,6518.333333333333,8101.513624008789,8075.802391506782,18937.0,2841.0,-19.141473191915818,0.0,109664.0,4714.159
2021,9,57.0,40.0,1,1.0,1,1,1,11,17.45116876980778,78.97868677858561,3229.8470269890395,3,0,9,1,0,0.00340573405120506,5.181818181818182,3.6363636363636362,0.09090909090909091,1.0,57.0,40.0,57.0,,,,,,,,,,,,,
2021,10,109.0,40.0,1,1.0,1,1,1,11,17.45116876980778,78.97868677858561,3229.8470269890395,4,0,10,0,0,0.00340573405120506,9.909090909090908,3.6363636363636362,0.09090909090909091,1.0,109.0,40.0,109.0,57.0,40.0,57.0,57.0,57.0,,,,,91.2280701754386,0.0,57.0,40.0
2021,11,151.0,40.0,1,1.0,1,1,1,11,17.45116876980778,78.97868677858561,3229.8470269890395,4,0,11,0,0,0.00340573405120506,13.727272727272727,3.6363636363636362,0.09090909090909091,1.0,151.0,40.0,151.0,109.0,40.0,83.0,83.0,83.0,,,,,38.53211009174312,0.0,166.0,80.0
2021,12,211.0,40.0,1,1.0,1,1,1,11,17.45116876980778,78.97868677858561,3229.8470269890395,4,0,12,0,0,0.00340573405120506,19.181818181818183,3.6363636363636362,0.09090909090909091,1.0,211.0,40.0,211.0,151.0,40.0,105.66666666666667,105.66666666666667,105.66666666666667,47.08856903042747,,,,39.735099337748345,0.0,317.0,120.0
2022,1,244.0,40.0,1,1.0,1,1,1,11,17.45116876980778,78.97868677858561,3229.8470269890395,1,1,1,0,0,0.00340573405120506,22.181818181818183,3.6363636363636362,0.09090909090909091,1.0,244.0,40.0,244.0,211.0,40.0,157.0,132.0,132.0,51.264022471905186,,,,15.639810426540285,0.0,528.0,160.0
2022,2,30.0,40.0,1,1.0,1,1,1,11,17.45116876980778,78.97868677858561,3229.8470269890395,1,1,2,0,0,0.00340573405120506,2.727272727272727,3.6363636363636362,0.09090909090909091,1.0,30.0,40.0,30.0,244.0,40.0,202.0,154.4,154.4,47.14870093650513,,,,-87.70491803278688,0.0,772.0,200.0
2022,3,56.0,40.0,1,1.0,1,1,1,11,17.45116876980778,78.97868677858561,3229.8470269890395,1,1,3,0,0,0.00340573405120506,5.090909090909091,3.6363636363636362,0.09090909090909091,1.0,56.0,40.0,56.0,30.0,40.0,161.66666666666666,133.66666666666666,133.66666666666666,115.21429309479504,84.48352896669662,244.0,30.0,86.66666666666667,0.0,802.0,240.0
2022,4,65.0,40.0,1,1.0,1,1,1,11,17.45116876980778,78.97868677858561,3229.8470269890395,2,1,4,0,0,0.00340573405120506,5.909090909090909,3.6363636363636362,0.09090909090909091,1.0,65.0,40.0,65.0,56.0,40.0,110.0,133.5,122.57142857142857,116.77328461596002,84.66581364399684,244.0,30.0,16.071428571428573,0.0,858.0,280.0
2022,6,82.0,40.0,1,1.0,1,1,1,11,17.45116876980778,78.97868677858561,3229.8470269890395,2,1,6,0,0,0.00340573405120506,7.454545454545454,3.6363636363636362,0.09090909090909091,1.0,82.0,40.0,82.0,65.0,40.0,50.333333333333336,126.16666666666667,115.375,18.17507450695426,89.00655406579152,244.0,30.0,26.153846153846153,0.0,923.0,320.0
2022,7,159.0,40.0,1,1.0,1,1,1,11,17.45116876980778,78.97868677858561,3229.8470269890395,3,1,7,0,0,0.00340573405120506,14.454545454545455,3.6363636363636362,0.09090909090909091,1.0,159.0,40.0,159.0,82.0,40.0,67.66666666666667,114.66666666666667,111.66666666666667,13.203534880225757,89.61175518126329,244.0,30.0,93.90243902439025,0.0,1005.0,360.0
2022,8,107.0,40.0,1,1.0,1,1,1,11,17.45116876980778,78.97868677858561,3229.8470269890395,3,1,8,0,0,0.00340573405120506,9.727272727272727,3.6363636363636362,0.09090909090909091,1.0,107.0,40.0,107.0,159.0,40.0,102.0,106.0,116.4,50.08991914547283,80.48105367103491,244.0,30.0,-32.704402515723274,0.0,1164.0,400.0
2022,9,93.0,40.0,1,1.0,1,1,1,11,17.45116876980778,78.97868677858561,3229.8470269890395,3,1,9,0,0,0.00340573405120506,8.454545454545455,3.6363636363636362,0.09090909090909091,1.0,93.0,40.0,93.0,107.0,40.0,116.0,83.16666666666667,115.54545454545455,39.28103868280478,45.19918878328095,159.0,30.0,-13.08411214953271,0.0,1271.0,440.0
2022,10,98.0,40.0,1,1.0,1,1,1,11,17.45116876980778,78.97868677858561,3229.8470269890395,4,1,10,0,0,0.00340573405120506,8.909090909090908,3.6363636363636362,0.09090909090909091,1.0,98.0,40.0,98.0,93.0,40.0,119.66666666666667,93.66666666666667,113.66666666666667,34.77547028198668,36.94139502870283,159.0,56.0,5.376344086021505,0.0,1364.0,480.0
2022,11,65.0,40.0,1,1.0,1,1,1,11,17.45116876980778,78.97868677858561,3229.8470269890395,4,1,11,0,0,0.00340573405120506,5.909090909090909,3.6363636363636362,0.09090909090909091,1.0,65.0,40.0,65.0,98.0,40.0,99.33333333333333,100.66666666666667,117.08333333333333,7.094598884597956,32.029153386667424,159.0,65.0,-33.673469387755105,0.0,1462.0,520.0
2022,12,42.0,40.0,1,1.0,1,1,1,11,17.45116876980778,78.97868677858561,3229.8470269890395,4,1,12,0,0,0.00340573405120506,3.8181818181818183,3.6363636363636362,0.09090909090909091,1.0,42.0,40.0,42.0,65.0,40.0,85.33333333333333,100.66666666666667,113.41666666666667,17.785762095938946,32.029153386667424,159.0,65.0,-35.38461538461539,0.0,1527.0,560.0
2023,1,52.0,40.0,1,1.0,1,1,1,11,17.45116876980778,78.97868677858561,3229.8470269890395,1,2,1,0,0,0.00340573405120506,4.7272727272727275,3.6363636363636362,0.09090909090909091,1.0,52.0,40.0,52.0,42.0,40.0,68.33333333333333,94.0,104.33333333333333,28.148416178061215,39.88984833262723,159.0,42.0,23.80952380952381,0.0,1569.0,600.0
2023,2,47.0,40.0,1,1.0,1,1,1,11,17.45116876980778,78.97868677858561,3229.8470269890395,1,2,2,0,0,0.00340573405120506,4.2727272727272725,3.6363636363636362,0.09090909090909091,1.0,47.0,40.0,47.0,52.0,40.0,53.0,76.16666666666667,91.08333333333333,11.532562594671003,26.78370151167816,107.0,42.0,-9.615384615384615,0.0,1621.0,640.0
2023,3,37.0,40.0,1,1.0,1,1,1,11,17.45116876980778,78.97868677858561,3229.8470269890395,1,2,3,0,0,0.00340573405120506,3.3636363636363638,3.6363636363636362,0.09090909090909091,1.0,37.0,40.0,37.0,47.0,40.0,47.0,66.16666666666667,74.66666666666667,5.000000000000462,24.028455353323725,98.0,42.0,-21.27659574468085,0.0,1668.0,680.0
2023,4,46.0,40.0,1,1.0,1,1,1,11,17.45116876980778,78.97868677858561,3229.8470269890395,2,2,4,0,0,0.00340573405120506,4.181818181818182,3.6363636363636362,0.09090909090909091,1.0,46.0,40.0,46.0,37.0,40.0,45.333333333333336,56.833333333333336,75.25,7.637626158260031,22.337561788760027,98.0,37.0,24.324324324324323,0.0,1705.0,720.0
2023,5,49.0,95.0,2,1.0,1,2,2,11,17.45116876980778,78.97868677858561,3229.8470269890395,2,2,5,0,0,0.00340573405120506,4.454545454545454,8.636363636363637,0.18181818181818182,0.5,24.5,47.5,49.0,46.0,40.0,43.333333333333336,48.166666666666664,74.41666666666667,5.507570547286508,9.662642840686624,65.0,37.0,6.521739130434782,137.5,1751.0,760.0
2023,6,30.0,95.0,2,2.0,1,2,2,11,17.45116876980778,78.97868677858561,3229.8470269890395,2,2,6,0,0,0.00340573405120506,2.727272727272727,8.636363636363637,0.18181818181818182,1.0,15.0,47.5,15.0,49.0,95.0,44.0,45.5,73.08333333333333,6.244997998398756,5.319774431308716,52.0,37.0,-38.775510204081634,0.0,1800.0,855.0
2023,7,617.0,95.0,2,2.0,1,2,2,11,17.45116876980778,78.97868677858561,3229.8470269890395,3,2,7,0,0,0.00340573405120506,56.09090909090909,8.636363636363637,0.18181818181818182,1.0,308.5,47.5,308.5,30.0,95.0,41.666666666666664,43.5,68.75,10.214368964029923,8.31264097624853,52.0,30.0,1956.6666666666667,0.0,1830.0,950.0
2023,8,170.0,95.0,2,2.0,1,2,2,11,17.45116876980778,78.97868677858561,3229.8470269890395,3,2,8,0,0,0.00340573405120506,15.454545454545455,8.636363636363637,0.18181818181818182,1.0,85.0,47.5,85.0,617.0,95.0,232.0,137.66666666666666,106.91666666666667,333.5550929007081,234.93460082896829,617.0,30.0,-72.44732576985413,0.0,2447.0,1045.0
2023,9,347.0,95.0,2,2.0,1,2,2,11,17.45116876980778,78.97868677858561,3229.8470269890395,3,2,9,0,0,0.00340573405120506,31.545454545454547,8.636363636363637,0.18181818181818182,1.0,173.5,47.5,173.5,170.0,95.0,272.3333333333333,158.16666666666666,112.16666666666667,306.58821460280126,230.77037649288235,617.0,30.0,104.11764705882354,0.0,2617.0,1140.0
2023,10,240.0,149.0,3,2.0,1,2,2,11,17.45116876980778,78.97868677858561,3229.8470269890395,4,2,10,0,0,0.00340573405120506,21.818181818181817,13.545454545454545,0.2727272727272727,0.6666666666666666,80.0,49.666666666666664,120.0,347.0,95.0,378.0,209.83333333333334,133.33333333333334,225.10664139469543,232.90978224769063,617.0,30.0,-30.835734870317,56.8421052631579,2964.0,1235.0
2023,11,1523.0,204.0,4,4.0,1,2,2,11,17.45116876980778,78.97868677858561,3229.8470269890395,4,2,11,0,0,0.00340573405120506,138.45454545454547,18.545454545454547,0.36363636363636365,1.0,380.75,51.0,380.75,240.0,149.0,252.33333333333334,242.16666666666666,145.16666666666666,89.14220848359845,218.64621347434,617.0,30.0,534.5833333333334,36.91275167785235,3204.0,1384.0
2023,12,1992.0,258.0,5,4.0,1,2,2,11,17.45116876980778,78.97868677858561,3229.8470269890395,4,2,12,0,0,0.00340573405120506,181.0909090909091,23.454545454545453,0.45454545454545453,0.8,398.4,51.6,498.0,1523.0,204.0,703.3333333333334,487.8333333333333,266.6666666666667,711.8653898970882,544.0843378251818,1523.0,30.0,30.794484569927775,26.470588235294116,4727.0,1588.0
2024,1,2541.0,312.0,6,6.0,1,2,2,11,17.45116876980778,78.97868677858561,3229.8470269890395,1,3,1,0,0,0.00340573405120506,231.0,28.363636363636363,0.5454545454545454,1.0,423.5,52.0,423.5,1992.0,258.0,1251.6666666666667,814.8333333333334,429.1666666666667,906.9687609467778,760.4565514654118,1992.0,170.0,27.56024096385542,20.930232558139537,6719.0,1846.0
2024,2,4575.0,312.0,6,6.0,1,2,2,11,17.45116876980778,78.97868677858561,3229.8470269890395,1,3,2,0,0,0.00340573405120506,415.90909090909093,28.363636363636363,0.5454545454545454,1.0,762.5,52.0,762.5,2541.0,312.0,2018.6666666666667,1135.5,636.5833333333334,509.5236337338375,1021.2758197470456,2541.0,170.0,80.04722550177095,0.0,9260.0,2158.0
2024,3,4310.0,312.0,6,6.0,1,2,2,11,17.45116876980778,78.97868677858561,3229.8470269890395,1,3,3,0,0,0.00340573405120506,391.8181818181818,28.363636363636363,0.5454545454545454,1.0,718.3333333333334,52.0,718.3333333333334,4575.0,312.0,3036.0,1869.6666666666667,1013.9166666666666,1360.7869046988953,1604.9291157763532,4575.0,240.0,-5.7923497267759565,0.0,13835.0,2470.0
2024,4,4897.0,312.0,6,6.0,1,2,2,11,17.45116876980778,78.97868677858561,3229.8470269890395,2,3,4,0,0,0.00340573405120506,445.1818181818182,28.363636363636363,0.5454545454545454,1.0,816.1666666666666,52.0,816.1666666666666,4310.0,312.0,3808.6666666666665,2530.1666666666665,1370.0,1105.7985048521878,1667.2215709577017,4575.0,240.0,13.619489559164734,0.0,18145.0,2782.0
2024,5,7093.0,312.0,6,6.0,1,2,2,11,17.45116876980778,78.97868677858561,3229.8470269890395,2,3,5,0,0,0.00340573405120506,644.8181818181819,28.363636363636363,0.5454545454545454,1.0,1182.1666666666667,52.0,1182.1666666666667,4897.0,312.0,4594.0,3306.3333333333335,1774.25,293.96088175129813,1458.8054930890094,4897.0,1523.0,44.84378190729018,0.0,23042.0,3094.0
2024,6,8448.0,312.0,6,6.0,1,2,2,11,17.45116876980778,78.97868677858561,3229.8470269890395,2,3,6,0,0,0.00340573405120506,768.0,28.363636363636363,0.5454545454545454,1.0,1408.0,52.0,1408.0,7093.0,312.0,5433.333333333333,4234.666666666667,2361.25,1466.9738693423733,1823.6401691854312,7093.0,1992.0,19.103341322430566,0.0,30135.0,3406.0
2024,7,5977.0,312.0,6,6.0,1,2,2,11,17.45116876980778,78.97868677858561,3229.8470269890395,3,3,7,0,0,0.00340573405120506,543.3636363636364,28.363636363636363,0.5454545454545454,1.0,996.1666666666666,52.0,996.1666666666666,8448.0,312.0,6812.666666666667,5310.666666666667,3062.75,1792.021298236529,2116.8035021387013,8448.0,2541.0,-29.249526515151516,0.0,38583.0,3718.0
2024,8,6781.0,312.0,6,6.0,1,2,2,11,17.45116876980778,78.97868677858561,3229.8470269890395,3,3,8,0,0,0.00340573405120506,616.4545454545455,28.363636363636363,0.5454545454545454,1.0,1130.1666666666667,52.0,1130.1666666666667,5977.0,312.0,7172.666666666667,5883.333333333333,3509.4166666666665,1237.424879874869,1625.395295510194,8448.0,4310.0,13.451564329931404,0.0,44560.0,4030.0
2024,9,7504.0,312.0,6,6.0,1,2,2,11,17.45116876980778,78.97868677858561,3229.8470269890395,3,3,9,0,0,0.00340573405120506,682.1818181818181,28.363636363636363,0.5454545454545454,1.0,1250.6666666666667,52.0,1250.6666666666667,6781.0,312.0,7068.666666666667,6251.0,4060.3333333333335,1260.3667455678662,1516.0835069348932,8448.0,4310.0,10.662144226515263,0.0,51341.0,4342.0
2024,10,5970.0,312.0,6,6.0,1,2,2,11,17.45116876980778,78.97868677858561,3229.8470269890395,4,3,10,0,0,0.00340573405120506,542.7272727272727,28.363636363636363,0.5454545454545454,1.0,995.0,52.0,995.0,7504.0,312.0,6754.0,6783.333333333333,4656.75,763.857971091486,1232.4610609129488,8448.0,4897.0,-20.442430703624733,0.0,58845.0,4654.0
2024,11,10447.0,312.0,6,6.0,1,2,2,11,17.45116876980778,78.97868677858561,3229.8470269890395,4,3,11,0,0,0.00340573405120506,949.7272727272727,28.363636363636363,0.5454545454545454,1.0,1741.1666666666667,52.0,1741.1666666666667,5970.0,312.0,6751.666666666667,6962.166666666667,5134.25,767.4205713514167,949.333538155411,8448.0,5970.0,74.99162479061977,0.0,64815.0,4966.0
2024,12,7827.0,337.0,7,7.0,1,2,2,11,17.45116876980778,78.97868677858561,3229.8470269890395,4,3,12,0,0,0.00340573405120506,711.5454545454545,30.636363636363637,0.6363636363636364,1.0,1118.142857142857,48.142857142857146,1118.142857142857,10447.0,312.0,7973.666666666667,7521.166666666667,5877.916666666667,2275.1532549112676,1718.035554540904,10447.0,5970.0,-25.078970039245718,8.012820512820513,75262.0,5278.0
2025,1,10715.0,337.0,7,7.0,1,2,2,11,17.45116876980778,78.97868677858561,3229.8470269890395,1,4,1,0,0,0.00340573405120506,974.0909090909091,30.636363636363637,0.6363636363636364,1.0,1530.7142857142858,48.142857142857146,1530.7142857142858,7827.0,337.0,8081.333333333333,7417.666666666667,6364.166666666667,2249.3101905547255,1669.0399236287524,10447.0,5970.0,36.89791746518462,0.0,83089.0,5615.0
2025,2,10618.0,553.0,11,11.0,1,2,2,11,17.45116876980778,78.97868677858561,3229.8470269890395,1,4,2,0,0,0.00340573405120506,965.2727272727273,50.27272727272727,1.0,1.0,965.2727272727273,50.27272727272727,965.2727272727273,10715.0,337.0,9663.0,8207.333333333334,7045.333333333333,1595.6591114646017,1948.5336709091464,10715.0,5970.0,-0.9052729818012133,64.09495548961425,93804.0,5952.0
2025,3,10822.0,769.0,15,11.0,1,2,2,11,17.45116876980778,78.97868677858561,3229.8470269890395,1,4,3,0,0,0.00340573405120506,983.8181818181819,69.9090909090909,1.3636363636363635,0.7333333333333333,721.4666666666667,51.266666666666666,983.8181818181819,10618.0,553.0,9720.0,8846.833333333334,7548.916666666667,1640.1033504020415,2015.2936675995077,10715.0,5970.0,1.9212657750988886,39.059674502712475,104422.0,6505.0
2025,4,12156.0,1255.0,24,16.0,1,2,4,11,17.45116876980778,78.97868677858561,3229.8470269890395,2,4,4,0,0,0.00340573405120506,1105.090909090909,114.0909090909091,2.1818181818181817,0.6666666666666666,506.5,52.291666666666664,759.75,10822.0,769.0,10718.333333333334,9399.833333333334,8091.583333333333,102.04084149660443,2028.3131332875298,10822.0,5970.0,12.326741822214009,63.198959687906374,115244.0,7274.0
2025,5,16116.0,1309.0,25,24.0,1,2,4,11,17.45116876980778,78.97868677858561,3229.8470269890395,2,4,5,0,0,0.00340573405120506,1465.090909090909,119.0,2.272727272727273,0.96,644.64,52.36,671.5,12156.0,1255.0,11198.666666666666,10430.833333333334,8696.5,835.3258845105518,1415.9945503661652,12156.0,7827.0,32.57650542941757,4.302788844621514,127400.0,8529.0
2025,6,15567.0,1363.0,26,25.0,1,2,4,11,17.45116876980778,78.97868677858561,3229.8470269890395,2,4,6,0,0,0.00340573405120506,1415.1818181818182,123.9090909090909,2.3636363636363638,0.9615384615384616,598.7307692307693,52.42307692307692,622.68,16116.0,1309.0,13031.333333333334,11375.666666666666,9448.416666666666,2753.4097648794186,2719.9191654655256,16116.0,7827.0,-3.4065524944154877,4.125286478227655,143516.0,9838.0
2025,7,14920.0,1363.0,26,26.0,1,2,4,11,17.45116876980778,78.97868677858561,3229.8470269890395,3,4,7,0,0,0.00340573405120506,1356.3636363636363,123.9090909090909,2.3636363636363638,1.0,573.8461538461538,52.42307692307692,573.8461538461538,15567.0,1363.0,14613.0,12665.666666666666,10041.666666666666,2145.457293911953,2529.0093449148585,16116.0,10618.0,-4.156227918031734,0.0,159083.0,11201.0
2025,8,12664.0,1363.0,26,26.0,1,2,4,11,17.45116876980778,78.97868677858561,3229.8470269890395,3,4,8,0,0,0.00340573405120506,1151.2727272727273,123.9090909090909,2.3636363636363638,1.0,487.0769230769231,52.42307692307692,487.0769230769231,14920.0,1363.0,15534.333333333334,13366.5,10786.916666666666,598.6688010355422,2462.086736896167,16116.0,10618.0,-15.120643431635388,0.0,174003.0,12564.0
2025,10,16177.0,1363.0,26,26.0,1,2,4,11,17.45116876980778,78.97868677858561,3229.8470269890395,4,4,10,0,0,0.00340573405120506,1470.6363636363637,123.9090909090909,2.3636363636363638,1.0,622.1923076923077,52.42307692307692,622.1923076923077,12664.0,1363.0,14383.666666666666,13707.5,11277.166666666666,1524.0053586957406,2123.719543630942,16116.0,10822.0,27.74005053695515,0.0,186667.0,13927.0
2025,11,17868.0,1363.0,26,26.0,1,2,4,11,17.45116876980778,78.97868677858561,3229.8470269890395,4,4,11,0,0,0.00340573405120506,1624.3636363636363,123.9090909090909,2.3636363636363638,1.0,687.2307692307693,52.42307692307692,687.2307692307693,16177.0,1363.0,14587.0,14600.0,11999.916666666666,1780.0165729565551,1763.1736159550526,16177.0,12156.0,10.453112443592754,0.0,202844.0,15290.0
2025,12,20758.0,1364.38,26,26.0,1,2,4,11,17.45116876980778,78.97868677858561,3229.8470269890395,4,4,12,0,0,0.00340573405120506,1887.090909090909,124.03454545454547,2.3636363636363638,1.0,798.3846153846154,52.47615384615385,798.3846153846154,17868.0,1363.0,15569.666666666666,15552.0,12991.416666666666,2654.6269668888194,1721.2071345425036,17868.0,12664.0,16.17416610700694,0.1012472487160755,220712.0,16653.0
2026,1,23543.0,1418.38,27,26.0,1,2,4,11,17.45116876980778,78.97868677858561,3229.8470269890395,1,5,1,0,0,0.00340573405120506,2140.2727272727275,128.9436363636364,2.4545454545454546,0.9629629629629629,871.9629629629629,52.5325925925926,905.5,20758.0,1364.38,18267.666666666668,16325.666666666666,13850.666666666666,2316.5039031552124,2757.018292769687,20758.0,12664.0,13.416514115039984,3.9578416570163735,241470.0,18017.38
2026,2,23699.0,1538.38,29,27.0,1,2,4,11,17.45116876980778,78.97868677858561,3229.8470269890395,1,5,2,0,0,0.00340573405120506,2154.4545454545455,139.8527272727273,2.6363636363636362,0.9310344827586207,817.2068965517242,53.047586206896554,877.7407407407408,23543.0,1418.38,20723.0,17655.0,15160.333333333334,2837.6618896549317,3972.8405958457497,23543.0,12664.0,0.6626173384870238,8.46035618099522,265013.0,19435.760000000002
2026,3,23944.0,1652.38,31,29.0,1,2,5,11,17.45116876980778,78.97868677858561,3229.8470269890395,1,5,3,0,0,0.00340573405120506,2176.7272727272725,150.21636363636364,2.8181818181818183,0.9354838709677419,772.3870967741935,53.30258064516129,825.6551724137931,23699.0,1538.38,22666.666666666668,19118.166666666668,16242.333333333334,1654.7931391365298,4361.694231221015,23699.0,12664.0,1.0337988944681211,7.4103927508157925,288712.0,20974.140000000003
2026,4,28020.0,1712.38,32,32.0,1,2,5,11,17.45116876980778,78.97868677858561,3229.8470269890395,2,5,4,0,0,0.00340573405120506,2547.2727272727275,155.6709090909091,2.909090909090909,1.0,875.625,53.511875,875.625,23944.0,1652.38,23728.666666666668,20998.166666666668,17352.833333333332,202.13939085029654,3333.103143718579,23944.0,16177.0,17.023053792181756,3.6311260121763755,312656.0,22626.520000000004
2026,5,35691.0,1712.38,32,32.0,1,2,5,11,17.45116876980778,78.97868677858561,3229.8470269890395,2,5,5,0,0,0.00340573405120506,3244.6363636363635,155.6709090909091,2.909090909090909,1.0,1115.34375,53.511875,1115.34375,28020.0,1712.38,25221.0,22972.0,18786.0,2427.0984734863964,3412.7487455129194,28020.0,17868.0,27.376873661670235,0.0,340676.0,24338.900000000005
2026,6,41763.0,1838.38,33,32.0,1,2,5,11,17.45116876980778,78.97868677858561,3229.8470269890395,2,5,6,0,1,0.00340573405120506,3796.6363636363635,167.12545454545455,3.0,0.9696969696969697,1265.5454545454545,55.70848484848485,1305.09375,35691.0,1712.38,29218.333333333332,25942.5,20747.25,5964.47854664038,5310.6156611074775,35691.0,20758.0,17.012692275363538,7.358179843259089,376367.0,26051.280000000006
