district,year,month,reporting_month,units,load,total_services,billed_services,circle_count,division_count,subdivision_count,charging_station_count,latitude,longitude,district_area_sqkm
Adilabad,2023,1,2023-01,600.0,105.0,3,3.0,1,1,1,3,19.519845239095925,78.5658902721029,3999.9751418715546
Adilabad,2023,2,2023-02,566.0,105.0,3,3.0,1,1,1,3,19.519845239095925,78.5658902721029,3999.9751418715546
Adilabad,2023,3,2023-03,600.0,105.0,3,3.0,1,1,1,3,19.519845239095925,78.5658902721029,3999.9751418715546
Adilabad,2023,4,2023-04,1075.0,105.0,3,3.0,1,1,1,3,19.519845239095925,78.5658902721029,3999.9751418715546
Adilabad,2023,5,2023-05,847.0,105.0,3,3.0,1,1,1,3,19.519845239095925,78.5658902721029,3999.9751418715546
Adilabad,2023,6,2023-06,711.0,105.0,3,3.0,1,1,1,3,19.519845239095925,78.5658902721029,3999.9751418715546
Adilabad,2023,7,2023-07,804.0,105.0,3,3.0,1,1,1,3,19.519845239095925,78.5658902721029,3999.9751418715546
Adilabad,2023,8,2023-08,698.0,105.0,3,3.0,1,1,1,3,19.519845239095925,78.5658902721029,3999.9751418715546
Adilabad,2023,9,2023-09,986.0,105.0,3,3.0,1,1,1,3,19.519845239095925,78.5658902721029,3999.9751418715546
Adilabad,2023,10,2023-10,987.0,105.0,3,3.0,1,1,1,3,19.519845239095925,78.5658902721029,3999.9751418715546
Adilabad,2023,11,2023-11,930.0,105.0,3,3.0,1,1,1,3,19.519845239095925,78.5658902721029,3999.9751418715546
Adilabad,2023,12,2023-12,1315.0,105.0,3,3.0,1,1,1,3,19.519845239095925,78.5658902721029,3999.9751418715546
Adilabad,2024,1,2024-01,1211.0,105.0,3,3.0,1,1,1,3,19.519845239095925,78.5658902721029,3999.9751418715546
Adilabad,2024,2,2024-02,1239.0,105.0,3,3.0,1,1,1,3,19.519845239095925,78.5658902721029,3999.9751418715546
Adilabad,2024,3,2024-03,729.0,105.0,3,3.0,1,1,1,3,19.519845239095925,78.5658902721029,3999.9751418715546
Adilabad,2024,4,2024-04,1007.0,105.0,3,3.0,1,1,1,3,19.519845239095925,78.5658902721029,3999.9751418715546
Adilabad,2024,5,2024-05,1162.0,105.0,3,3.0,1,1,1,3,19.519845239095925,78.5658902721029,3999.9751418715546
Adilabad,2024,6,2024-06,1419.0,105.0,3,3.0,1,1,1,3,19.519845239095925,78.5658902721029,3999.9751418715546
Adilabad,2024,7,2024-07,694.0,105.0,3,3.0,1,1,1,3,19.519845239095925,78.5658902721029,3999.9751418715546
Adilabad,2024,8,2024-08,1101.0,105.0,3,3.0,1,1,1,3,19.519845239095925,78.5658902721029,3999.9751418715546
Adilabad,2024,9,2024-09,711.0,105.0,3,3.0,1,1,1,3,19.519845239095925,78.5658902721029,3999.9751418715546
Adilabad,2024,10,2024-10,683.0,105.0,3,3.0,1,1,1,3,19.519845239095925,78.5658902721029,3999.9751418715546
Adilabad,2024,11,2024-11,1086.0,105.0,3,3.0,1,1,1,3,19.519845239095925,78.5658902721029,3999.9751418715546
Adilabad,2024,12,2024-12,976.0,105.0,3,3.0,1,1,1,3,19.519845239095925,78.5658902721029,3999.9751418715546
Adilabad,2025,1,2025-01,1300.0,105.0,3,3.0,1,1,1,3,19.519845239095925,78.5658902721029,3999.9751418715546
Adilabad,2025,2,2025-02,1029.0,105.0,3,3.0,1,1,1,3,19.519845239095925,78.5658902721029,3999.9751418715546
Adilabad,2025,3,2025-03,1820.0,105.0,3,3.0,1,1,1,3,19.519845239095925,78.5658902721029,3999.9751418715546
Adilabad,2025,4,2025-04,936.0,105.0,3,3.0,1,1,1,3,19.519845239095925,78.5658902721029,3999.9751418715546
Adilabad,2025,5,2025-05,1844.0,105.0,3,3.0,1,1,1,3,19.519845239095925,78.5658902721029,3999.9751418715546
Adilabad,2025,6,2025-06,1458.0,105.0,3,3.0,1,1,1,3,19.519845239095925,78.5658902721029,3999.9751418715546
Adilabad,2025,7,2025-07,1317.0,105.0,3,3.0,1,1,1,3,19.519845239095925,78.5658902721029,3999.9751418715546
Adilabad,2025,8,2025-08,1106.0,105.0,3,3.0,1,1,1,3,19.519845239095925,78.5658902721029,3999.9751418715546
Adilabad,2025,9,2025-09,1413.0,105.0,3,3.0,1,1,1,3,19.519845239095925,78.5658902721029,3999.9751418715546
Adilabad,2025,10,2025-10,1469.0,255.0,6,4.0,1,2,3,3,19.519845239095925,78.5658902721029,3999.9751418715546
Adilabad,2025,11,2025-11,1639.0,305.0,7,7.0,1,2,3,3,19.519845239095925,78.5658902721029,3999.9751418715546
Adilabad,2025,12,2025-12,1934.0,305.0,7,7.0,1,2,3,3,19.519845239095925,78.5658902721029,3999.9751418715546
Adilabad,2026,1,2026-01,2232.0,425.0,8,7.0,1,2,3,3,19.519845239095925,78.5658902721029,3999.9751418715546
Adilabad,2026,2,2026-02,3121.0,425.0,8,8.0,1,2,3,3,19.519845239095925,78.5658902721029,3999.9751418715546
Adilabad,2026,3,2026-03,4219.0,545.0,9,8.0,1,2,3,3,19.519845239095925,78.5658902721029,3999.9751418715546
Adilabad,2026,4,2026-04,7663.0,545.0,9,9.0,1,2,3,3,19.519845239095925,78.5658902721029,3999.9751418715546
Adilabad,2026,5,2026-05,8337.0,545.0,9,9.0,1,2,3,3,19.519845239095925,78.5658902721029,3999.9751418715546
Adilabad,2026,6,2026-06,7310.0,545.0,9,9.0,1,2,3,3,19.519845239095925,78.5658902721029,3999.9751418715546
Kumuram Bheem Asifabad,2025,4,2025-04,0.0,50.0,1,1.0,1,1,1,1,19.357265352578704,79.41967828302782,4535.896782740867
Kumuram Bheem Asifabad,2025,5,2025-05,2.0,50.0,1,1.0,1,1,1,1,19.357265352578704,79.41967828302782,4535.896782740867
Kumuram Bheem Asifabad,2025,6,2025-06,0.0,100.0,2,1.0,1,1,1,1,19.357265352578704,79.41967828302782,4535.896782740867
Kumuram Bheem Asifabad,2025,7,2025-07,0.0,100.0,2,2.0,1,1,1,1,19.357265352578704,79.41967828302782,4535.896782740867
Kumuram Bheem Asifabad,2025,8,2025-08,0.0,100.0,2,2.0,1,1,1,1,19.357265352578704,79.41967828302782,4535.896782740867
Kumuram Bheem Asifabad,2025,9,2025-09,64.0,100.0,2,2.0,1,1,1,1,19.357265352578704,79.41967828302782,4535.896782740867
Kumuram Bheem Asifabad,2025,10,2025-10,0.0,100.0,2,2.0,1,1,1,1,19.357265352578704,79.41967828302782,4535.896782740867
Kumuram Bheem Asifabad,2025,11,2025-11,477.0,100.0,2,2.0,1,1,1,1,19.357265352578704,79.41967828302782,4535.896782740867
Kumuram Bheem Asifabad,2025,12,2025-12,805.0,156.0,3,3.0,1,1,1,1,19.357265352578704,79.41967828302782,4535.896782740867
Kumuram Bheem Asifabad,2026,1,2026-01,324.0,156.0,3,3.0,1,1,1,1,19.357265352578704,79.41967828302782,4535.896782740867
Kumuram Bheem Asifabad,2026,2,2026-02,589.0,156.0,3,3.0,1,1,1,1,19.357265352578704,79.41967828302782,4535.896782740867
Kumuram Bheem Asifabad,2026,3,2026-03,456.0,276.0,4,3.0,1,1,1,1,19.357265352578704,79.41967828302782,4535.896782740867
Kumuram Bheem Asifabad,2026,4,2026-04,1226.0,276.0,4,4.0,1,1,1,1,19.357265352578704,79.41967828302782,4535.896782740867
Kumuram Bheem Asifabad,2026,5,2026-05,1878.0,276.0,4,4.0,1,1,1,1,19.357265352578704,79.41967828302782,4535.896782740867
Kumuram Bheem Asifabad,2026,6,2026-06,1167.0,276.0,4,4.0,1,1,1,1,19.357265352578704,79.41967828302782,4535.896782740867
Bhadradri Kothagudem,2023,1,2023-01,222.0,60.0,2,1.0,1,2,2,5,17.690286621315373,80.71671358448195,6901.593506517005
Bhadradri Kothagudem,2023,2,2023-02,233.0,145.0,5,3.0,1,2,5,5,17.690286621315373,80.71671358448195,6901.593506517005
Bhadradri Kothagudem,2023,3,2023-03,738.0,145.0,5,5.0,1,2,5,5,17.690286621315373,80.71671358448195,6901.593506517005
Bhadradri Kothagudem,2023,4,2023-04,861.0,145.0,5,5.0,1,2,5,5,17.690286621315373,80.71671358448195,6901.593506517005
Bhadradri Kothagudem,2023,5,2023-05,1097.0,145.0,5,5.0,1,2,5,5,17.690286621315373,80.71671358448195,6901.593506517005
Bhadradri Kothagudem,2023,6,2023-06,1353.0,145.0,5,5.0,1,2,5,5,17.690286621315373,80.71671358448195,6901.593506517005
Bhadradri Kothagudem,2023,7,2023-07,1266.0,145.0,5,5.0,1,2,5,5,17.690286621315373,80.71671358448195,6901.593506517005
Bhadradri Kothagudem,2023,8,2023-08,1109.0,145.0,5,5.0,1,2,5,5,17.690286621315373,80.71671358448195,6901.593506517005
Bhadradri Kothagudem,2023,9,2023-09,1052.0,175.0,6,6.0,1,2,5,5,17.690286621315373,80.71671358448195,6901.593506517005
Bhadradri Kothagudem,2023,10,2023-10,988.0,175.0,6,6.0,1,2,5,5,17.690286621315373,80.71671358448195,6901.593506517005
Bhadradri Kothagudem,2023,11,2023-11,974.0,175.0,6,6.0,1,2,5,5,17.690286621315373,80.71671358448195,6901.593506517005
Bhadradri Kothagudem,2023,12,2023-12,946.0,175.0,6,6.0,1,2,5,5,17.690286621315373,80.71671358448195,6901.593506517005
Bhadradri Kothagudem,2024,1,2024-01,950.0,175.0,6,6.0,1,2,5,5,17.690286621315373,80.71671358448195,6901.593506517005
Bhadradri Kothagudem,2024,2,2024-02,1534.0,175.0,6,6.0,1,2,5,5,17.690286621315373,80.71671358448195,6901.593506517005
Bhadradri Kothagudem,2024,3,2024-03,1252.0,175.0,6,6.0,1,2,5,5,17.690286621315373,80.71671358448195,6901.593506517005
Bhadradri Kothagudem,2024,4,2024-04,1354.0,175.0,6,6.0,1,2,5,5,17.690286621315373,80.71671358448195,6901.593506517005
Bhadradri Kothagudem,2024,5,2024-05,1616.0,175.0,6,6.0,1,2,5,5,17.690286621315373,80.71671358448195,6901.593506517005
Bhadradri Kothagudem,2024,6,2024-06,1317.0,175.0,6,6.0,1,2,5,5,17.690286621315373,80.71671358448195,6901.593506517005
Bhadradri Kothagudem,2024,7,2024-07,1221.0,175.0,6,6.0,1,2,5,5,17.690286621315373,80.71671358448195,6901.593506517005
Bhadradri Kothagudem,2024,8,2024-08,1071.0,175.0,6,6.0,1,2,5,5,17.690286621315373,80.71671358448195,6901.593506517005
Bhadradri Kothagudem,2024,9,2024-09,1380.0,175.0,6,6.0,1,2,5,5,17.690286621315373,80.71671358448195,6901.593506517005
Bhadradri Kothagudem,2024,10,2024-10,1449.0,175.0,6,6.0,1,3,5,5,17.690286621315373,80.71671358448195,6901.593506517005
Bhadradri Kothagudem,2024,11,2024-11,1938.0,175.0,6,6.0,1,3,5,5,17.690286621315373,80.71671358448195,6901.593506517005
Bhadradri Kothagudem,2024,12,2024-12,1626.0,175.0,6,6.0,1,3,5,5,17.690286621315373,80.71671358448195,6901.593506517005
Bhadradri Kothagudem,2025,1,2025-01,1838.0,175.0,6,6.0,1,3,5,5,17.690286621315373,80.71671358448195,6901.593506517005
Bhadradri Kothagudem,2025,2,2025-02,3055.0,175.0,6,6.0,1,3,5,5,17.690286621315373,80.71671358448195,6901.593506517005
Bhadradri Kothagudem,2025,3,2025-03,2668.0,175.0,6,6.0,1,3,5,5,17.690286621315373,80.71671358448195,6901.593506517005
Bhadradri Kothagudem,2025,4,2025-04,3335.0,175.0,6,6.0,1,3,5,5,17.690286621315373,80.71671358448195,6901.593506517005
Bhadradri Kothagudem,2025,5,2025-05,2920.0,175.0,6,6.0,1,3,5,5,17.690286621315373,80.71671358448195,6901.593506517005
Bhadradri Kothagudem,2025,6,2025-06,4371.0,175.0,6,6.0,1,3,5,5,17.690286621315373,80.71671358448195,6901.593506517005
Bhadradri Kothagudem,2025,7,2025-07,2969.0,175.0,6,6.0,1,3,5,5,17.690286621315373,80.71671358448195,6901.593506517005
Bhadradri Kothagudem,2025,8,2025-08,2608.0,205.0,7,6.0,1,3,6,5,17.690286621315373,80.71671358448195,6901.593506517005
Bhadradri Kothagudem,2025,9,2025-09,3417.0,205.0,7,7.0,1,3,6,5,17.690286621315373,80.71671358448195,6901.593506517005
Bhadradri Kothagudem,2025,10,2025-10,4592.0,328.0,8,7.0,1,3,7,5,17.690286621315373,80.71671358448195,6901.593506517005
Bhadradri Kothagudem,2025,11,2025-11,3250.0,328.0,8,8.0,1,3,7,5,17.690286621315373,80.71671358448195,6901.593506517005
Bhadradri Kothagudem,2025,12,2025-12,3632.0,328.0,8,8.0,1,3,7,5,17.690286621315373,80.71671358448195,6901.593506517005
Bhadradri Kothagudem,2026,1,2026-01,5146.0,328.0,8,8.0,1,3,7,5,17.690286621315373,80.71671358448195,6901.593506517005
Bhadradri Kothagudem,2026,2,2026-02,5762.0,328.0,8,8.0,1,3,7,5,17.690286621315373,80.71671358448195,6901.593506517005
Bhadradri Kothagudem,2026,3,2026-03,3065.0,328.0,8,8.0,1,3,7,5,17.690286621315373,80.71671358448195,6901.593506517005
Bhadradri Kothagudem,2026,4,2026-04,5491.0,328.0,8,8.0,1,3,7,5,17.690286621315373,80.71671358448195,6901.593506517005
Bhadradri Kothagudem,2026,5,2026-05,5081.0,358.0,9,8.0,1,3,7,5,17.690286621315373,80.71671358448195,6901.593506517005
Bhadradri Kothagudem,2026,6,2026-06,6356.0,358.0,9,9.0,1,3,7,5,17.690286621315373,80.71671358448195,6901.593506517005
Jayashankar Bhupalpally,2023,2,2023-02,0.0,30.0,1,0.0,1,1,1,0,18.505978976757604,79.924199080384,2872.4949871463336
Jayashankar Bhupalpally,2023,3,2023-03,27.0,30.0,1,1.0,1,1,1,0,18.505978976757604,79.924199080384,2872.4949871463336
Jayashankar Bhupalpally,2023,4,2023-04,0.0,30.0,1,1.0,1,1,1,0,18.505978976757604,79.924199080384,2872.4949871463336
Jayashankar Bhupalpally,2023,5,2023-05,7.0,30.0,1,1.0,1,1,1,0,18.505978976757604,79.924199080384,2872.4949871463336
Jayashankar Bhupalpally,2023,6,2023-06,0.0,30.0,1,1.0,1,1,1,0,18.505978976757604,79.924199080384,2872.4949871463336
Jayashankar Bhupalpally,2023,7,2023-07,0.0,30.0,1,1.0,1,1,1,0,18.505978976757604,79.924199080384,2872.4949871463336
Jayashankar Bhupalpally,2023,8,2023-08,20.0,30.0,1,1.0,1,1,1,0,18.505978976757604,79.924199080384,2872.4949871463336
Jayashankar Bhupalpally,2023,9,2023-09,4.0,30.0,1,1.0,1,1,1,0,18.505978976757604,79.924199080384,2872.4949871463336
Jayashankar Bhupalpally,2023,10,2023-10,26.0,30.0,1,1.0,1,1,1,0,18.505978976757604,79.924199080384,2872.4949871463336
Jayashankar Bhupalpally,2023,11,2023-11,72.0,30.0,1,1.0,1,1,1,0,18.505978976757604,79.924199080384,2872.4949871463336
Jayashankar Bhupalpally,2023,12,2023-12,9.0,30.0,1,1.0,1,1,1,0,18.505978976757604,79.924199080384,2872.4949871463336
Jayashankar Bhupalpally,2024,1,2024-01,7.0,30.0,1,1.0,1,1,1,0,18.505978976757604,79.924199080384,2872.4949871463336
Jayashankar Bhupalpally,2024,2,2024-02,99.0,30.0,1,1.0,1,1,1,0,18.505978976757604,79.924199080384,2872.4949871463336
Jayashankar Bhupalpally,2024,3,2024-03,0.0,30.0,1,1.0,1,1,1,0,18.505978976757604,79.924199080384,2872.4949871463336
Jayashankar Bhupalpally,2024,4,2024-04,16.0,30.0,1,1.0,1,1,1,0,18.505978976757604,79.924199080384,2872.4949871463336
Jayashankar Bhupalpally,2024,5,2024-05,0.0,30.0,1,1.0,1,1,1,0,18.505978976757604,79.924199080384,2872.4949871463336
Jayashankar Bhupalpally,2024,7,2024-07,48.0,30.0,1,1.0,1,1,1,0,18.505978976757604,79.924199080384,2872.4949871463336
Jayashankar Bhupalpally,2024,8,2024-08,83.0,30.0,1,1.0,1,1,1,0,18.505978976757604,79.924199080384,2872.4949871463336
Jayashankar Bhupalpally,2024,9,2024-09,36.0,30.0,1,1.0,1,1,1,0,18.505978976757604,79.924199080384,2872.4949871463336
Jayashankar Bhupalpally,2024,10,2024-10,53.0,30.0,1,1.0,1,1,1,0,18.505978976757604,79.924199080384,2872.4949871463336
Jayashankar Bhupalpally,2024,11,2024-11,42.0,30.0,1,1.0,1,1,1,0,18.505978976757604,79.924199080384,2872.4949871463336
Jayashankar Bhupalpally,2024,12,2024-12,17.0,30.0,1,1.0,1,1,1,0,18.505978976757604,79.924199080384,2872.4949871463336
Jayashankar Bhupalpally,2025,1,2025-01,55.0,30.0,1,1.0,1,1,1,0,18.505978976757604,79.924199080384,2872.4949871463336
Jayashankar Bhupalpally,2025,2,2025-02,1.0,30.0,1,1.0,1,1,1,0,18.505978976757604,79.924199080384,2872.4949871463336
Jayashankar Bhupalpally,2025,3,2025-03,0.0,30.0,1,1.0,1,1,1,0,18.505978976757604,79.924199080384,2872.4949871463336
Jayashankar Bhupalpally,2025,4,2025-04,0.0,30.0,1,1.0,1,1,1,0,18.505978976757604,79.924199080384,2872.4949871463336
Jayashankar Bhupalpally,2025,5,2025-05,0.0,30.0,1,1.0,1,1,1,0,18.505978976757604,79.924199080384,2872.4949871463336
Jayashankar Bhupalpally,2025,6,2025-06,12.0,30.0,1,1.0,1,1,1,0,18.505978976757604,79.924199080384,2872.4949871463336
Jayashankar Bhupalpally,2025,7,2025-07,24.0,30.0,1,1.0,1,1,1,0,18.505978976757604,79.924199080384,2872.4949871463336
Jayashankar Bhupalpally,2025,8,2025-08,83.0,30.0,1,1.0,1,1,1,0,18.505978976757604,79.924199080384,2872.4949871463336
Jayashankar Bhupalpally,2025,9,2025-09,83.0,30.0,1,1.0,1,1,1,0,18.505978976757604,79.924199080384,2872.4949871463336
Jayashankar Bhupalpally,2025,10,2025-10,115.0,30.0,1,1.0,1,1,1,0,18.505978976757604,79.924199080384,2872.4949871463336
Jayashankar Bhupalpally,2025,11,2025-11,23.0,270.0,3,1.0,1,1,2,0,18.505978976757604,79.924199080384,2872.4949871463336
Jayashankar Bhupalpally,2025,12,2025-12,645.0,390.0,4,4.0,1,1,2,0,18.505978976757604,79.924199080384,2872.4949871463336
Jayashankar Bhupalpally,2026,1,2026-01,241.0,390.0,4,4.0,1,1,2,0,18.505978976757604,79.924199080384,2872.4949871463336
Jayashankar Bhupalpally,2026,2,2026-02,168.0,510.0,5,4.0,1,2,3,0,18.505978976757604,79.924199080384,2872.4949871463336
Jayashankar Bhupalpally,2026,3,2026-03,273.0,510.0,5,5.0,1,2,3,0,18.505978976757604,79.924199080384,2872.4949871463336
Jayashankar Bhupalpally,2026,4,2026-04,1.0,120.0,1,1.0,1,1,1,0,18.505978976757604,79.924199080384,2872.4949871463336
Jayashankar Bhupalpally,2026,5,2026-05,1.0,120.0,1,1.0,1,1,1,0,18.505978976757604,79.924199080384,2872.4949871463336
Jayashankar Bhupalpally,2026,6,2026-06,4.0,120.0,1,1.0,1,1,1,0,18.505978976757604,79.924199080384,2872.4949871463336
Jogulamba Gadwal,2023,10,2023-10,0.0,25.0,1,0.0,1,1,1,3,16.07171953232134,77.78103468586683,2577.848940651714
Jogulamba Gadwal,2023,11,2023-11,50.0,25.0,1,1.0,1,1,1,3,16.07171953232134,77.78103468586683,2577.848940651714
Jogulamba Gadwal,2023,12,2023-12,178.0,25.0,1,1.0,1,1,1,3,16.07171953232134,77.78103468586683,2577.848940651714
Jogulamba Gadwal,2024,1,2024-01,73.0,25.0,1,1.0,1,1,1,3,16.07171953232134,77.78103468586683,2577.848940651714
Jogulamba Gadwal,2024,2,2024-02,31.0,25.0,1,1.0,1,1,1,3,16.07171953232134,77.78103468586683,2577.848940651714
Jogulamba Gadwal,2024,3,2024-03,477.0,102.0,3,1.0,1,1,1,3,16.07171953232134,77.78103468586683,2577.848940651714
Jogulamba Gadwal,2024,4,2024-04,2703.0,102.0,3,3.0,1,1,1,3,16.07171953232134,77.78103468586683,2577.848940651714
Jogulamba Gadwal,2024,5,2024-05,3105.0,102.0,3,3.0,1,1,1,3,16.07171953232134,77.78103468586683,2577.848940651714
Jogulamba Gadwal,2024,6,2024-06,4526.0,156.0,4,3.0,1,1,1,3,16.07171953232134,77.78103468586683,2577.848940651714
Jogulamba Gadwal,2024,7,2024-07,4163.0,156.0,4,4.0,1,1,1,3,16.07171953232134,77.78103468586683,2577.848940651714
Jogulamba Gadwal,2024,8,2024-08,3782.0,156.0,4,4.0,1,1,1,3,16.07171953232134,77.78103468586683,2577.848940651714
Jogulamba Gadwal,2024,9,2024-09,7708.0,156.0,4,4.0,1,1,1,3,16.07171953232134,77.78103468586683,2577.848940651714
Jogulamba Gadwal,2024,10,2024-10,6389.0,156.0,4,4.0,1,1,1,3,16.07171953232134,77.78103468586683,2577.848940651714
Jogulamba Gadwal,2024,11,2024-11,8999.0,186.0,5,4.0,1,1,1,3,16.07171953232134,77.78103468586683,2577.848940651714
Jogulamba Gadwal,2024,12,2024-12,5604.0,186.0,5,5.0,1,1,1,3,16.07171953232134,77.78103468586683,2577.848940651714
Jogulamba Gadwal,2025,1,2025-01,8490.0,236.0,6,6.0,1,1,1,3,16.07171953232134,77.78103468586683,2577.848940651714
Jogulamba Gadwal,2025,2,2025-02,9259.0,236.0,6,6.0,1,1,1,3,16.07171953232134,77.78103468586683,2577.848940651714
Jogulamba Gadwal,2025,3,2025-03,7437.0,236.0,6,6.0,1,1,1,3,16.07171953232134,77.78103468586683,2577.848940651714
Jogulamba Gadwal,2025,4,2025-04,8925.0,236.0,6,6.0,1,1,1,3,16.07171953232134,77.78103468586683,2577.848940651714
Jogulamba Gadwal,2025,5,2025-05,8248.0,236.0,6,6.0,1,1,1,3,16.07171953232134,77.78103468586683,2577.848940651714
Jogulamba Gadwal,2025,6,2025-06,10712.0,236.0,6,6.0,1,1,1,3,16.07171953232134,77.78103468586683,2577.848940651714
Jogulamba Gadwal,2025,7,2025-07,8010.0,236.0,6,6.0,1,1,1,3,16.07171953232134,77.78103468586683,2577.848940651714
Jogulamba Gadwal,2025,8,2025-08,11755.0,236.0,6,6.0,1,1,1,3,16.07171953232134,77.78103468586683,2577.848940651714
Jogulamba Gadwal,2025,10,2025-10,9034.0,290.0,7,7.0,1,1,1,3,16.07171953232134,77.78103468586683,2577.848940651714
Jogulamba Gadwal,2025,11,2025-11,7803.0,290.0,7,7.0,1,1,1,3,16.07171953232134,77.78103468586683,2577.848940651714
Jogulamba Gadwal,2025,12,2025-12,11147.0,290.0,7,7.0,1,1,1,3,16.07171953232134,77.78103468586683,2577.848940651714
Jogulamba Gadwal,2026,1,2026-01,20189.0,290.0,7,7.0,1,1,1,3,16.07171953232134,77.78103468586683,2577.848940651714
Jogulamba Gadwal,2026,2,2026-02,15611.0,290.0,7,7.0,1,1,1,3,16.07171953232134,77.78103468586683,2577.848940651714
Jogulamba Gadwal,2026,3,2026-03,9435.0,290.0,7,7.0,1,1,1,3,16.07171953232134,77.78103468586683,2577.848940651714
Jogulamba Gadwal,2026,4,2026-04,9057.0,290.0,7,7.0,1,1,1,3,16.07171953232134,77.78103468586683,2577.848940651714
Jogulamba Gadwal,2026,5,2026-05,10854.0,290.0,7,7.0,1,1,1,3,16.07171953232134,77.78103468586683,2577.848940651714
Jogulamba Gadwal,2026,6,2026-06,8583.0,290.0,7,7.0,1,1,1,3,16.07171953232134,77.78103468586683,2577.848940651714
Hanumakonda,2023,1,2023-01,1559.0,150.0,4,4.0,1,2,2,13,18.06227040848216,79.53282021082931,1656.7747108353926
Hanumakonda,2023,2,2023-02,1026.0,180.0,5,5.0,1,2,2,13,18.06227040848216,79.53282021082931,1656.7747108353926
Hanumakonda,2023,3,2023-03,1022.0,180.0,5,5.0,1,2,2,13,18.06227040848216,79.53282021082931,1656.7747108353926
Hanumakonda,2023,4,2023-04,776.0,210.0,6,5.0,1,2,3,13,18.06227040848216,79.53282021082931,1656.7747108353926
Hanumakonda,2023,5,2023-05,3268.0,210.0,6,6.0,1,2,3,13,18.06227040848216,79.53282021082931,1656.7747108353926
Hanumakonda,2023,6,2023-06,1301.0,205.0,6,6.0,1,2,3,13,18.06227040848216,79.53282021082931,1656.7747108353926
Hanumakonda,2023,7,2023-07,2072.0,235.0,7,6.0,1,2,3,13,18.06227040848216,79.53282021082931,1656.7747108353926
Hanumakonda,2023,8,2023-08,1955.0,235.0,7,7.0,1,2,3,13,18.06227040848216,79.53282021082931,1656.7747108353926
Hanumakonda,2023,9,2023-09,2359.0,235.0,7,7.0,1,2,3,13,18.06227040848216,79.53282021082931,1656.7747108353926
Hanumakonda,2023,10,2023-10,1881.0,235.0,7,7.0,1,2,3,13,18.06227040848216,79.53282021082931,1656.7747108353926
Hanumakonda,2023,11,2023-11,2591.0,235.0,7,7.0,1,2,3,13,18.06227040848216,79.53282021082931,1656.7747108353926
Hanumakonda,2023,12,2023-12,3719.0,265.0,8,8.0,1,2,4,13,18.06227040848216,79.53282021082931,1656.7747108353926
Hanumakonda,2024,1,2024-01,3738.0,265.0,8,8.0,1,2,4,13,18.06227040848216,79.53282021082931,1656.7747108353926
Hanumakonda,2024,2,2024-02,3362.0,265.0,8,8.0,1,2,4,13,18.06227040848216,79.53282021082931,1656.7747108353926
Hanumakonda,2024,3,2024-03,4006.0,315.0,9,9.0,1,2,4,13,18.06227040848216,79.53282021082931,1656.7747108353926
Hanumakonda,2024,4,2024-04,3858.0,315.0,9,9.0,1,2,4,13,18.06227040848216,79.53282021082931,1656.7747108353926
Hanumakonda,2024,5,2024-05,5416.0,315.0,9,9.0,1,2,4,13,18.06227040848216,79.53282021082931,1656.7747108353926
Hanumakonda,2024,6,2024-06,4020.0,315.0,9,9.0,1,2,4,13,18.06227040848216,79.53282021082931,1656.7747108353926
Hanumakonda,2024,7,2024-07,3569.0,315.0,9,9.0,1,2,4,13,18.06227040848216,79.53282021082931,1656.7747108353926
Hanumakonda,2024,8,2024-08,4242.0,345.0,10,10.0,1,2,5,13,18.06227040848216,79.53282021082931,1656.7747108353926
Hanumakonda,2024,9,2024-09,5931.0,375.0,11,11.0,1,2,6,13,18.06227040848216,79.53282021082931,1656.7747108353926
Hanumakonda,2024,10,2024-10,4176.0,375.0,11,11.0,1,2,6,13,18.06227040848216,79.53282021082931,1656.7747108353926
Hanumakonda,2024,11,2024-11,7243.0,375.0,11,11.0,1,2,6,13,18.06227040848216,79.53282021082931,1656.7747108353926
Hanumakonda,2024,12,2024-12,6911.0,375.0,11,11.0,1,2,6,13,18.06227040848216,79.53282021082931,1656.7747108353926
Hanumakonda,2025,1,2025-01,9961.0,375.0,11,11.0,1,2,6,13,18.06227040848216,79.53282021082931,1656.7747108353926
Hanumakonda,2025,2,2025-02,11133.0,428.0,12,12.0,1,2,6,13,18.06227040848216,79.53282021082931,1656.7747108353926
Hanumakonda,2025,3,2025-03,8103.0,428.0,12,12.0,1,2,6,13,18.06227040848216,79.53282021082931,1656.7747108353926
Hanumakonda,2025,4,2025-04,10322.0,481.0,13,12.0,1,2,6,13,18.06227040848216,79.53282021082931,1656.7747108353926
Hanumakonda,2025,5,2025-05,15766.0,634.053,17,16.0,1,2,6,13,18.06227040848216,79.53282021082931,1656.7747108353926
Hanumakonda,2025,6,2025-06,16364.0,790.0,19,19.0,1,2,6,13,18.06227040848216,79.53282021082931,1656.7747108353926
Hanumakonda,2025,7,2025-07,9387.0,790.0,19,19.0,1,2,6,13,18.06227040848216,79.53282021082931,1656.7747108353926
Hanumakonda,2025,8,2025-08,13155.0,790.0,19,19.0,1,2,6,13,18.06227040848216,79.53282021082931,1656.7747108353926
Hanumakonda,2025,9,2025-09,17041.0,869.0,20,20.0,1,2,6,13,18.06227040848216,79.53282021082931,1656.7747108353926
Hanumakonda,2025,10,2025-10,21314.0,1037.0,23,21.0,1,2,6,13,18.06227040848216,79.53282021082931,1656.7747108353926
Hanumakonda,2025,11,2025-11,23063.0,1037.0,23,23.0,1,2,6,13,18.06227040848216,79.53282021082931,1656.7747108353926
Hanumakonda,2025,12,2025-12,22165.0,1277.0,25,23.0,1,2,6,13,18.06227040848216,79.53282021082931,1656.7747108353926
Hanumakonda,2026,1,2026-01,29773.0,1453.0,27,26.0,1,2,6,13,18.06227040848216,79.53282021082931,1656.7747108353926
Hanumakonda,2026,2,2026-02,37461.0,1453.0,27,27.0,1,2,6,13,18.06227040848216,79.53282021082931,1656.7747108353926
Hanumakonda,2026,3,2026-03,30807.0,1453.0,27,27.0,1,2,6,13,18.06227040848216,79.53282021082931,1656.7747108353926
Hanumakonda,2026,4,2026-04,34159.0,1509.0,28,28.0,1,2,6,13,18.06227040848216,79.53282021082931,1656.7747108353926
Hanumakonda,2026,5,2026-05,45087.0,1509.0,28,28.0,1,2,6,13,18.06227040848216,79.53282021082931,1656.7747108353926
Hanumakonda,2026,6,2026-06,43952.0,1539.0,29,28.0,1,2,6,13,18.06227040848216,79.53282021082931,1656.7747108353926
Hyderabad,2021,6,2021-06,734.0,224.0,11,9.0,6,9,10,101,17.395106162143417,78.47016567600058,191.62214001208864
Hyderabad,2021,7,2021-07,1093.0,224.0,11,11.0,6,9,10,101,17.395106162143417,78.47016567600058,191.62214001208864
Hyderabad,2021,8,2021-08,3661.0,256.0,13,12.0,6,11,12,101,17.395106162143417,78.47016567600058,191.62214001208864
Hyderabad,2021,9,2021-09,3251.0,278.0,14,14.0,6,12,13,101,17.395106162143417,78.47016567600058,191.62214001208864
Hyderabad,2021,10,2021-10,5494.0,293.0,15,15.0,6,12,14,101,17.395106162143417,78.47016567600058,191.62214001208864
Hyderabad,2021,11,2021-11,4310.0,298.0,16,15.0,6,12,15,101,17.395106162143417,78.47016567600058,191.62214001208864
Hyderabad,2021,12,2021-12,3935.0,318.0,17,16.0,6,12,15,101,17.395106162143417,78.47016567600058,191.62214001208864
Hyderabad,2022,1,2022-01,7769.0,335.0,20,17.0,6,13,16,101,17.395106162143417,78.47016567600058,191.62214001208864
Hyderabad,2022,2,2022-02,7184.0,339.0,22,20.0,6,13,16,101,17.395106162143417,78.47016567600058,191.62214001208864
Hyderabad,2022,3,2022-03,10811.0,345.0,25,22.0,6,13,16,101,17.395106162143417,78.47016567600058,191.62214001208864
Hyderabad,2022,4,2022-04,11027.0,357.0,30,25.0,6,13,17,101,17.395106162143417,78.47016567600058,191.62214001208864
Hyderabad,2022,6,2022-06,16742.0,431.0,35,34.0,6,13,19,101,17.395106162143417,78.47016567600058,191.62214001208864
Hyderabad,2022,7,2022-07,18593.0,450.0,37,35.0,6,13,19,101,17.395106162143417,78.47016567600058,191.62214001208864
Hyderabad,2022,8,2022-08,15651.0,505.0,40,37.0,6,13,20,101,17.395106162143417,78.47016567600058,191.62214001208864
Hyderabad,2022,9,2022-09,16199.0,505.0,40,40.0,6,13,20,101,17.395106162143417,78.47016567600058,191.62214001208864
Hyderabad,2022,10,2022-10,21791.0,505.0,40,40.0,6,13,20,101,17.395106162143417,78.47016567600058,191.62214001208864
Hyderabad,2022,11,2022-11,22985.0,520.0,42,41.0,6,13,21,101,17.395106162143417,78.47016567600058,191.62214001208864
Hyderabad,2022,12,2022-12,30044.0,582.0,44,43.0,6,13,21,101,17.395106162143417,78.47016567600058,191.62214001208864
Hyderabad,2023,1,2023-01,28527.0,582.0,44,44.0,6,13,21,101,17.395106162143417,78.47016567600058,191.62214001208864
Hyderabad,2023,2,2023-02,30828.0,597.0,45,44.0,6,13,21,101,17.395106162143417,78.47016567600058,191.62214001208864
Hyderabad,2023,3,2023-03,32215.0,616.92,47,46.0,6,13,23,101,17.395106162143417,78.47016567600058,191.62214001208864
Hyderabad,2023,4,2023-04,38008.0,699.92,52,47.0,6,14,25,101,17.395106162143417,78.47016567600058,191.62214001208864
Hyderabad,2023,5,2023-05,34803.0,930.92,61,54.0,6,15,27,101,17.395106162143417,78.47016567600058,191.62214001208864
Hyderabad,2023,6,2023-06,47229.0,967.92,62,61.0,6,15,28,101,17.395106162143417,78.47016567600058,191.62214001208864
Hyderabad,2023,7,2023-07,45380.0,1040.57,64,62.0,6,15,28,101,17.395106162143417,78.47016567600058,191.62214001208864
Hyderabad,2023,8,2023-08,57237.0,1418.57,71,64.0,6,15,29,101,17.395106162143417,78.47016567600058,191.62214001208864
Hyderabad,2023,9,2023-09,70291.0,1734.57,77,70.0,6,15,31,101,17.395106162143417,78.47016567600058,191.62214001208864
Hyderabad,2023,10,2023-10,68241.0,2173.57,85,77.0,6,16,31,101,17.395106162143417,78.47016567600058,191.62214001208864
Hyderabad,2023,11,2023-11,102752.0,2453.57,91,86.0,6,16,32,101,17.395106162143417,78.47016567600058,191.62214001208864
Hyderabad,2023,12,2023-12,131436.0,2795.57,98,91.0,6,16,32,101,17.395106162143417,78.47016567600058,191.62214001208864
Hyderabad,2024,1,2024-01,130854.0,3019.57,103,98.0,6,16,33,101,17.395106162143417,78.47016567600058,191.62214001208864
Hyderabad,2024,2,2024-02,182367.0,3238.57,108,104.0,6,17,35,101,17.395106162143417,78.47016567600058,191.62214001208864
Hyderabad,2024,3,2024-03,148109.0,3261.57,108,106.0,6,17,35,101,17.395106162143417,78.47016567600058,191.62214001208864
Hyderabad,2024,4,2024-04,193883.0,3384.57,114,107.0,6,17,37,101,17.395106162143417,78.47016567600058,191.62214001208864
Hyderabad,2024,5,2024-05,223169.0,3402.57,115,112.0,6,17,38,101,17.395106162143417,78.47016567600058,191.62214001208864
Hyderabad,2024,6,2024-06,252903.0,3476.57,117,113.0,6,17,38,101,17.395106162143417,78.47016567600058,191.62214001208864
Hyderabad,2024,7,2024-07,242108.0,3715.57,123,117.0,6,17,38,101,17.395106162143417,78.47016567600058,191.62214001208864
Hyderabad,2024,8,2024-08,252540.0,3770.57,124,119.0,6,17,38,101,17.395106162143417,78.47016567600058,191.62214001208864
Hyderabad,2024,9,2024-09,290460.0,4039.57,129,121.0,6,17,38,101,17.395106162143417,78.47016567600058,191.62214001208864
Hyderabad,2024,10,2024-10,264642.0,4207.57,135,128.0,6,17,38,101,17.395106162143417,78.47016567600058,191.62214001208864
Hyderabad,2024,11,2024-11,251971.0,4492.57,141,132.0,6,17,38,101,17.395106162143417,78.47016567600058,191.62214001208864
Hyderabad,2024,12,2024-12,264298.0,4623.57,144,140.0,6,17,38,101,17.395106162143417,78.47016567600058,191.62214001208864
Hyderabad,2025,1,2025-01,300494.0,5266.57,155,139.0,6,17,38,101,17.395106162143417,78.47016567600058,191.62214001208864
Hyderabad,2025,2,2025-02,340600.0,5754.57,164,154.0,6,17,38,101,17.395106162143417,78.47016567600058,191.62214001208864
Hyderabad,2025,3,2025-03,369997.0,6276.57,174,161.0,6,17,39,101,17.395106162143417,78.47016567600058,191.62214001208864
Hyderabad,2025,4,2025-04,465728.0,7561.57,198,176.0,6,17,41,101,17.395106162143417,78.47016567600058,191.62214001208864
Hyderabad,2025,5,2025-05,494118.0,8444.57,215,199.0,6,17,41,101,17.395106162143417,78.47016567600058,191.62214001208864
Hyderabad,2025,6,2025-06,521304.0,8849.57,223,214.0,6,17,42,101,17.395106162143417,78.47016567600058,191.62214001208864
Hyderabad,2025,7,2025-07,545865.0,9278.57,231,219.0,6,17,42,101,17.395106162143417,78.47016567600058,191.62214001208864
Hyderabad,2025,8,2025-08,569536.0,9492.57,234,226.0,6,17,43,101,17.395106162143417,78.47016567600058,191.62214001208864
Hyderabad,2025,10,2025-10,651610.0,9642.57,236,228.0,6,17,43,101,17.395106162143417,78.47016567600058,191.62214001208864
Hyderabad,2025,11,2025-11,672783.0,9880.57,240,230.0,6,17,43,101,17.395106162143417,78.47016567600058,191.62214001208864
Hyderabad,2025,12,2025-12,790849.0,10019.57,242,231.0,6,17,43,101,17.395106162143417,78.47016567600058,191.62214001208864
Hyderabad,2026,1,2026-01,913479.0,10344.57,246,232.0,6,17,44,101,17.395106162143417,78.47016567600058,191.62214001208864
Hyderabad,2026,2,2026-02,961229.0,10504.57,249,236.0,6,17,44,101,17.395106162143417,78.47016567600058,191.62214001208864
Hyderabad,2026,3,2026-03,1040626.0,10939.37,256,241.0,6,17,44,101,17.395106162143417,78.47016567600058,191.62214001208864
Hyderabad,2026,4,2026-04,1265202.0,11211.37,261,247.0,6,17,44,101,17.395106162143417,78.47016567600058,191.62214001208864
Hyderabad,2026,5,2026-05,1468422.0,11573.37,265,252.0,6,17,44,101,17.395106162143417,78.47016567600058,191.62214001208864
Hyderabad,2026,6,2026-06,1653178.0,12013.37,273,255.0,6,17,44,101,17.395106162143417,78.47016567600058,191.62214001208864
Jagtial,2025,3,2025-03,0.0,100.0,2,0.0,1,1,2,0,18.83224678074875,78.87786620557705,2886.422432997821
Jagtial,2025,4,2025-04,0.0,150.0,3,2.0,1,1,2,0,18.83224678074875,78.87786620557705,2886.422432997821
Jagtial,2025,5,2025-05,0.0,200.0,4,3.0,1,1,2,0,18.83224678074875,78.87786620557705,2886.422432997821
Jagtial,2025,6,2025-06,55.0,200.0,4,4.0,1,1,2,0,18.83224678074875,78.87786620557705,2886.422432997821
Jagtial,2025,7,2025-07,300.0,200.0,4,4.0,1,1,2,0,18.83224678074875,78.87786620557705,2886.422432997821
Jagtial,2025,8,2025-08,52.0,200.0,4,4.0,1,1,2,0,18.83224678074875,78.87786620557705,2886.422432997821
Jagtial,2025,9,2025-09,409.0,200.0,4,4.0,1,1,2,0,18.83224678074875,78.87786620557705,2886.422432997821
Jagtial,2025,10,2025-10,1487.0,250.0,5,4.0,1,2,3,0,18.83224678074875,78.87786620557705,2886.422432997821
Jagtial,2025,11,2025-11,621.0,250.0,5,5.0,1,2,3,0,18.83224678074875,78.87786620557705,2886.422432997821
Jagtial,2025,12,2025-12,948.0,250.0,5,5.0,1,2,3,0,18.83224678074875,78.87786620557705,2886.422432997821
Jagtial,2026,1,2026-01,991.0,370.0,6,6.0,1,2,3,0,18.83224678074875,78.87786620557705,2886.422432997821
Jagtial,2026,2,2026-02,1769.0,370.0,6,6.0,1,2,3,0,18.83224678074875,78.87786620557705,2886.422432997821
Jagtial,2026,3,2026-03,1637.0,370.0,6,6.0,1,2,3,0,18.83224678074875,78.87786620557705,2886.422432997821
Jagtial,2026,4,2026-04,1447.0,370.0,6,6.0,1,2,3,0,18.83224678074875,78.87786620557705,2886.422432997821
Jagtial,2026,5,2026-05,2722.0,370.0,6,6.0,1,2,3,0,18.83224678074875,78.87786620557705,2886.422432997821
Jagtial,2026,6,2026-06,6730.0,370.0,6,6.0,1,2,3,0,18.83224678074875,78.87786620557705,2886.422432997821
Jangaon,2024,12,2024-12,0.0,1.5,1,0.0,1,1,1,2,17.72633261028821,79.2818344756412,2396.601392407076
Jangaon,2025,1,2025-01,121.0,1.5,1,1.0,1,1,1,2,17.72633261028821,79.2818344756412,2396.601392407076
Jangaon,2025,2,2025-02,209.0,1.5,1,1.0,1,1,1,2,17.72633261028821,79.2818344756412,2396.601392407076
Jangaon,2025,3,2025-03,221.0,1.5,1,1.0,1,1,1,2,17.72633261028821,79.2818344756412,2396.601392407076
Jangaon,2025,4,2025-04,187.0,51.5,2,2.0,1,2,2,2,17.72633261028821,79.2818344756412,2396.601392407076
Jangaon,2025,5,2025-05,56.0,51.5,2,2.0,1,2,2,2,17.72633261028821,79.2818344756412,2396.601392407076
Jangaon,2025,6,2025-06,123.0,101.55,4,2.0,1,2,3,2,17.72633261028821,79.2818344756412,2396.601392407076
Jangaon,2025,7,2025-07,246.0,103.05,5,5.0,1,2,3,2,17.72633261028821,79.2818344756412,2396.601392407076
Jangaon,2025,8,2025-08,69.0,101.55,4,4.0,1,2,3,2,17.72633261028821,79.2818344756412,2396.601392407076
Jangaon,2025,9,2025-09,134.0,101.55,4,4.0,1,2,3,2,17.72633261028821,79.2818344756412,2396.601392407076
Jangaon,2025,10,2025-10,719.0,221.55,5,4.0,1,2,3,2,17.72633261028821,79.2818344756412,2396.601392407076
Jangaon,2025,11,2025-11,1075.0,401.55,7,5.0,1,2,4,2,17.72633261028821,79.2818344756412,2396.601392407076
Jangaon,2025,12,2025-12,890.0,452.55,8,7.0,1,2,4,2,17.72633261028821,79.2818344756412,2396.601392407076
Jangaon,2026,1,2026-01,1756.0,632.55,10,9.0,1,2,4,2,17.72633261028821,79.2818344756412,2396.601392407076
Jangaon,2026,2,2026-02,5148.0,632.55,10,10.0,1,2,4,2,17.72633261028821,79.2818344756412,2396.601392407076
Jangaon,2026,3,2026-03,2615.0,632.55,10,10.0,1,2,4,2,17.72633261028821,79.2818344756412,2396.601392407076
Jangaon,2026,4,2026-04,5696.0,736.5,11,10.0,1,2,4,2,17.72633261028821,79.2818344756412,2396.601392407076
Jangaon,2026,5,2026-05,3611.0,736.5,11,11.0,1,2,4,2,17.72633261028821,79.2818344756412,2396.601392407076
Jangaon,2026,6,2026-06,2328.0,736.5,11,11.0,1,2,4,2,17.72633261028821,79.2818344756412,2396.601392407076
Kamareddy,2023,1,2023-01,104.0,105.0,3,3.0,1,2,2,8,18.324964870490323,78.06162292139292,3752.2894554297736
Kamareddy,2023,2,2023-02,224.0,105.0,3,3.0,1,2,2,8,18.324964870490323,78.06162292139292,3752.2894554297736
Kamareddy,2023,3,2023-03,271.0,105.0,3,3.0,1,2,2,8,18.324964870490323,78.06162292139292,3752.2894554297736
Kamareddy,2023,4,2023-04,209.0,105.0,3,3.0,1,2,2,8,18.324964870490323,78.06162292139292,3752.2894554297736
Kamareddy,2023,5,2023-05,430.0,105.0,3,3.0,1,2,2,8,18.324964870490323,78.06162292139292,3752.2894554297736
Kamareddy,2023,6,2023-06,455.0,105.0,3,3.0,1,2,2,8,18.324964870490323,78.06162292139292,3752.2894554297736
Kamareddy,2023,7,2023-07,739.0,105.0,3,3.0,1,2,2,8,18.324964870490323,78.06162292139292,3752.2894554297736
Kamareddy,2023,8,2023-08,474.0,105.0,3,3.0,1,2,2,8,18.324964870490323,78.06162292139292,3752.2894554297736
Kamareddy,2023,9,2023-09,664.0,105.0,3,3.0,1,2,2,8,18.324964870490323,78.06162292139292,3752.2894554297736
Kamareddy,2023,10,2023-10,509.0,105.0,3,3.0,1,2,2,8,18.324964870490323,78.06162292139292,3752.2894554297736
Kamareddy,2023,11,2023-11,446.0,105.0,3,3.0,1,2,2,8,18.324964870490323,78.06162292139292,3752.2894554297736
Kamareddy,2023,12,2023-12,816.0,105.0,3,3.0,1,2,2,8,18.324964870490323,78.06162292139292,3752.2894554297736
Kamareddy,2024,1,2024-01,773.0,105.0,3,3.0,1,2,2,8,18.324964870490323,78.06162292139292,3752.2894554297736
Kamareddy,2024,2,2024-02,714.0,105.0,3,3.0,1,2,2,8,18.324964870490323,78.06162292139292,3752.2894554297736
Kamareddy,2024,3,2024-03,902.0,130.0,4,4.0,1,2,2,8,18.324964870490323,78.06162292139292,3752.2894554297736
Kamareddy,2024,4,2024-04,674.0,130.0,4,4.0,1,2,2,8,18.324964870490323,78.06162292139292,3752.2894554297736
Kamareddy,2024,5,2024-05,1042.0,130.0,4,4.0,1,2,2,8,18.324964870490323,78.06162292139292,3752.2894554297736
Kamareddy,2024,7,2024-07,758.0,130.0,4,4.0,1,2,2,8,18.324964870490323,78.06162292139292,3752.2894554297736
Kamareddy,2024,8,2024-08,694.0,130.0,4,4.0,1,2,2,8,18.324964870490323,78.06162292139292,3752.2894554297736
Kamareddy,2024,9,2024-09,1264.0,130.0,4,4.0,1,2,2,8,18.324964870490323,78.06162292139292,3752.2894554297736
Kamareddy,2024,10,2024-10,1009.0,130.0,4,4.0,1,2,2,8,18.324964870490323,78.06162292139292,3752.2894554297736
Kamareddy,2024,11,2024-11,1857.0,130.0,4,4.0,1,2,2,8,18.324964870490323,78.06162292139292,3752.2894554297736
Kamareddy,2024,12,2024-12,1163.0,184.0,5,4.0,1,2,3,8,18.324964870490323,78.06162292139292,3752.2894554297736
Kamareddy,2025,1,2025-01,4322.0,184.0,5,5.0,1,2,3,8,18.324964870490323,78.06162292139292,3752.2894554297736
Kamareddy,2025,2,2025-02,4210.0,284.0,7,5.0,1,2,4,8,18.324964870490323,78.06162292139292,3752.2894554297736
Kamareddy,2025,3,2025-03,4698.0,434.0,10,6.0,1,2,5,8,18.324964870490323,78.06162292139292,3752.2894554297736
Kamareddy,2025,4,2025-04,3762.0,434.0,10,9.0,1,2,5,8,18.324964870490323,78.06162292139292,3752.2894554297736
Kamareddy,2025,5,2025-05,5278.0,434.0,10,9.0,1,2,5,8,18.324964870490323,78.06162292139292,3752.2894554297736
Kamareddy,2025,6,2025-06,5943.0,434.0,10,9.0,1,2,5,8,18.324964870490323,78.06162292139292,3752.2894554297736
Kamareddy,2025,7,2025-07,3019.0,484.0,11,9.0,1,2,5,8,18.324964870490323,78.06162292139292,3752.2894554297736
Kamareddy,2025,8,2025-08,5369.0,592.0840000000001,15,13.0,1,2,5,8,18.324964870490323,78.06162292139292,3752.2894554297736
Kamareddy,2025,9,2025-09,5317.0,592.0840000000001,15,14.0,1,2,5,8,18.324964870490323,78.06162292139292,3752.2894554297736
Kamareddy,2025,10,2025-10,5795.0,648.0840000000001,16,14.0,1,2,5,8,18.324964870490323,78.06162292139292,3752.2894554297736
Kamareddy,2025,11,2025-11,6742.0,798.0840000000001,18,16.0,1,3,6,8,18.324964870490323,78.06162292139292,3752.2894554297736
Kamareddy,2025,12,2025-12,7733.0,918.084,19,17.0,1,3,6,8,18.324964870490323,78.06162292139292,3752.2894554297736
Kamareddy,2026,1,2026-01,11727.0,972.084,20,19.0,1,3,6,8,18.324964870490323,78.06162292139292,3752.2894554297736
Kamareddy,2026,2,2026-02,10842.0,1002.084,21,19.0,1,3,6,8,18.324964870490323,78.06162292139292,3752.2894554297736
Kamareddy,2026,3,2026-03,11514.0,1002.084,21,21.0,1,3,6,8,18.324964870490323,78.06162292139292,3752.2894554297736
Kamareddy,2026,4,2026-04,12587.0,1206.0,22,21.0,1,3,7,8,18.324964870490323,78.06162292139292,3752.2894554297736
Kamareddy,2026,5,2026-05,12778.0,1206.0,22,22.0,1,3,7,8,18.324964870490323,78.06162292139292,3752.2894554297736
Kamareddy,2026,6,2026-06,17350.0,1206.0,22,22.0,1,3,7,8,18.324964870490323,78.06162292139292,3752.2894554297736
Karimnagar,2023,1,2023-01,71.0,25.0,1,1.0,1,1,1,7,18.380020055048146,79.24546417420055,2003.9397399846584
Karimnagar,2023,2,2023-02,248.0,25.0,1,1.0,1,1,1,7,18.380020055048146,79.24546417420055,2003.9397399846584
Karimnagar,2023,3,2023-03,36.0,25.0,1,1.0,1,1,1,7,18.380020055048146,79.24546417420055,2003.9397399846584
Karimnagar,2023,4,2023-04,4.0,45.0,2,1.0,1,2,2,7,18.380020055048146,79.24546417420055,2003.9397399846584
Karimnagar,2023,5,2023-05,146.0,45.0,2,2.0,1,2,2,7,18.380020055048146,79.24546417420055,2003.9397399846584
Karimnagar,2023,6,2023-06,322.0,45.0,2,2.0,1,2,2,7,18.380020055048146,79.24546417420055,2003.9397399846584
Karimnagar,2023,7,2023-07,416.0,45.0,2,2.0,1,2,2,7,18.380020055048146,79.24546417420055,2003.9397399846584
Karimnagar,2023,8,2023-08,400.0,45.0,2,2.0,1,2,2,7,18.380020055048146,79.24546417420055,2003.9397399846584
Karimnagar,2023,9,2023-09,618.0,45.0,2,2.0,1,2,2,7,18.380020055048146,79.24546417420055,2003.9397399846584
Karimnagar,2023,10,2023-10,487.0,45.0,2,2.0,1,2,2,7,18.380020055048146,79.24546417420055,2003.9397399846584
Karimnagar,2023,11,2023-11,407.0,45.0,2,2.0,1,2,2,7,18.380020055048146,79.24546417420055,2003.9397399846584
Karimnagar,2023,12,2023-12,747.0,45.0,2,2.0,1,2,2,7,18.380020055048146,79.24546417420055,2003.9397399846584
Karimnagar,2024,1,2024-01,666.0,45.0,2,2.0,1,2,2,7,18.380020055048146,79.24546417420055,2003.9397399846584
Karimnagar,2024,2,2024-02,552.0,45.0,2,2.0,1,2,2,7,18.380020055048146,79.24546417420055,2003.9397399846584
Karimnagar,2024,3,2024-03,422.0,45.0,2,2.0,1,2,2,7,18.380020055048146,79.24546417420055,2003.9397399846584
Karimnagar,2024,4,2024-04,420.0,45.0,2,2.0,1,2,2,7,18.380020055048146,79.24546417420055,2003.9397399846584
Karimnagar,2024,5,2024-05,911.0,45.0,2,2.0,1,2,2,7,18.380020055048146,79.24546417420055,2003.9397399846584
Karimnagar,2024,6,2024-06,819.0,45.0,2,2.0,1,2,2,7,18.380020055048146,79.24546417420055,2003.9397399846584
Karimnagar,2024,7,2024-07,602.0,45.0,2,2.0,1,2,2,7,18.380020055048146,79.24546417420055,2003.9397399846584
Karimnagar,2024,8,2024-08,501.0,45.0,2,2.0,1,2,2,7,18.380020055048146,79.24546417420055,2003.9397399846584
Karimnagar,2024,9,2024-09,475.0,45.0,2,2.0,1,2,2,7,18.380020055048146,79.24546417420055,2003.9397399846584
Karimnagar,2024,10,2024-10,234.0,45.0,2,2.0,1,2,2,7,18.380020055048146,79.24546417420055,2003.9397399846584
Karimnagar,2024,11,2024-11,358.0,45.0,2,2.0,1,2,2,7,18.380020055048146,79.24546417420055,2003.9397399846584
Karimnagar,2024,12,2024-12,620.0,60.0,3,2.0,1,2,3,7,18.380020055048146,79.24546417420055,2003.9397399846584
Karimnagar,2025,1,2025-01,686.0,110.0,4,3.0,1,3,4,7,18.380020055048146,79.24546417420055,2003.9397399846584
Karimnagar,2025,2,2025-02,1032.0,160.0,5,5.0,1,3,5,7,18.380020055048146,79.24546417420055,2003.9397399846584
Karimnagar,2025,3,2025-03,1214.0,260.0,7,6.0,1,3,5,7,18.380020055048146,79.24546417420055,2003.9397399846584
Karimnagar,2025,4,2025-04,1570.0,510.0,12,10.0,1,3,7,7,18.380020055048146,79.24546417420055,2003.9397399846584
Karimnagar,2025,5,2025-05,1390.0,510.0,12,12.0,1,3,7,7,18.380020055048146,79.24546417420055,2003.9397399846584
Karimnagar,2025,6,2025-06,1288.0,510.0,12,12.0,1,3,7,7,18.380020055048146,79.24546417420055,2003.9397399846584
Karimnagar,2025,7,2025-07,1369.0,510.108,14,12.0,1,3,7,7,18.380020055048146,79.24546417420055,2003.9397399846584
Karimnagar,2025,8,2025-08,2407.0,564.054,14,14.0,1,3,7,7,18.380020055048146,79.24546417420055,2003.9397399846584
Karimnagar,2025,9,2025-09,6509.0,564.054,14,14.0,1,3,7,7,18.380020055048146,79.24546417420055,2003.9397399846584
Karimnagar,2025,10,2025-10,7995.0,564.054,14,14.0,1,3,7,7,18.380020055048146,79.24546417420055,2003.9397399846584
Karimnagar,2025,11,2025-11,10703.0,631.054,15,14.0,1,3,7,7,18.380020055048146,79.24546417420055,2003.9397399846584
Karimnagar,2025,12,2025-12,9996.0,631.054,15,15.0,1,3,7,7,18.380020055048146,79.24546417420055,2003.9397399846584
Karimnagar,2026,1,2026-01,11985.0,751.054,16,16.0,1,3,7,7,18.380020055048146,79.24546417420055,2003.9397399846584
Karimnagar,2026,2,2026-02,13867.0,871.054,17,16.0,1,3,7,7,18.380020055048146,79.24546417420055,2003.9397399846584
Karimnagar,2026,3,2026-03,14646.0,871.054,17,17.0,1,3,7,7,18.380020055048146,79.24546417420055,2003.9397399846584
Karimnagar,2026,4,2026-04,18957.0,921.0,17,17.0,1,3,7,7,18.380020055048146,79.24546417420055,2003.9397399846584
Karimnagar,2026,5,2026-05,25882.0,921.0,17,17.0,1,3,7,7,18.380020055048146,79.24546417420055,2003.9397399846584
Karimnagar,2026,6,2026-06,32916.0,921.0,17,17.0,1,3,7,7,18.380020055048146,79.24546417420055,2003.9397399846584
Khammam,2023,1,2023-01,200.0,60.0,2,2.0,1,2,2,5,17.205979601504943,80.36515460950669,4675.025875889077
Khammam,2023,2,2023-02,1154.0,60.0,2,2.0,1,2,2,5,17.205979601504943,80.36515460950669,4675.025875889077
Khammam,2023,3,2023-03,1096.0,60.0,2,2.0,1,2,2,5,17.205979601504943,80.36515460950669,4675.025875889077
Khammam,2023,4,2023-04,1381.0,60.0,2,2.0,1,2,2,5,17.205979601504943,80.36515460950669,4675.025875889077
Khammam,2023,5,2023-05,1769.0,60.0,2,2.0,1,2,2,5,17.205979601504943,80.36515460950669,4675.025875889077
Khammam,2023,6,2023-06,1801.0,60.0,2,2.0,1,2,2,5,17.205979601504943,80.36515460950669,4675.025875889077
Khammam,2023,7,2023-07,1376.0,60.0,2,2.0,1,2,2,5,17.205979601504943,80.36515460950669,4675.025875889077
Khammam,2023,8,2023-08,718.0,60.0,2,2.0,1,2,2,5,17.205979601504943,80.36515460950669,4675.025875889077
Khammam,2023,9,2023-09,942.0,60.0,2,2.0,1,2,2,5,17.205979601504943,80.36515460950669,4675.025875889077
Khammam,2023,10,2023-10,1445.0,60.0,2,2.0,1,2,2,5,17.205979601504943,80.36515460950669,4675.025875889077
Khammam,2023,11,2023-11,2034.0,60.0,2,2.0,1,2,2,5,17.205979601504943,80.36515460950669,4675.025875889077
Khammam,2023,12,2023-12,1524.0,60.0,2,2.0,1,2,2,5,17.205979601504943,80.36515460950669,4675.025875889077
Khammam,2024,1,2024-01,1724.0,60.0,2,2.0,1,2,2,5,17.205979601504943,80.36515460950669,4675.025875889077
Khammam,2024,2,2024-02,1816.0,60.0,2,2.0,1,2,2,5,17.205979601504943,80.36515460950669,4675.025875889077
Khammam,2024,3,2024-03,1643.0,60.0,2,2.0,1,2,2,5,17.205979601504943,80.36515460950669,4675.025875889077
Khammam,2024,4,2024-04,1947.0,60.0,2,2.0,1,2,2,5,17.205979601504943,80.36515460950669,4675.025875889077
Khammam,2024,5,2024-05,2540.0,60.0,2,2.0,1,2,2,5,17.205979601504943,80.36515460950669,4675.025875889077
Khammam,2024,6,2024-06,1886.0,60.0,2,2.0,1,2,2,5,17.205979601504943,80.36515460950669,4675.025875889077
Khammam,2024,7,2024-07,2453.0,60.0,2,2.0,1,2,2,5,17.205979601504943,80.36515460950669,4675.025875889077
Khammam,2024,8,2024-08,1594.0,60.0,2,2.0,1,2,2,5,17.205979601504943,80.36515460950669,4675.025875889077
Khammam,2024,9,2024-09,1601.0,60.0,2,2.0,1,2,2,5,17.205979601504943,80.36515460950669,4675.025875889077
Khammam,2024,10,2024-10,1362.0,60.0,2,2.0,1,2,2,5,17.205979601504943,80.36515460950669,4675.025875889077
Khammam,2024,11,2024-11,2218.0,60.0,2,2.0,1,2,2,5,17.205979601504943,80.36515460950669,4675.025875889077
Khammam,2024,12,2024-12,2467.0,60.0,2,2.0,1,2,2,5,17.205979601504943,80.36515460950669,4675.025875889077
Khammam,2025,1,2025-01,1699.0,60.0,2,2.0,1,2,2,5,17.205979601504943,80.36515460950669,4675.025875889077
Khammam,2025,2,2025-02,2347.0,60.0,2,2.0,1,2,2,5,17.205979601504943,80.36515460950669,4675.025875889077
Khammam,2025,3,2025-03,2816.0,110.0,3,2.0,1,2,3,5,17.205979601504943,80.36515460950669,4675.025875889077
Khammam,2025,4,2025-04,2733.0,110.0,3,3.0,1,2,3,5,17.205979601504943,80.36515460950669,4675.025875889077
Khammam,2025,5,2025-05,4231.0,210.0,5,5.0,1,2,4,5,17.205979601504943,80.36515460950669,4675.025875889077
Khammam,2025,6,2025-06,4109.0,210.0,5,5.0,1,2,4,5,17.205979601504943,80.36515460950669,4675.025875889077
Khammam,2025,7,2025-07,3740.0,260.0,6,5.0,1,3,5,5,17.205979601504943,80.36515460950669,4675.025875889077
Khammam,2025,8,2025-08,3333.0,260.0,6,6.0,1,3,5,5,17.205979601504943,80.36515460950669,4675.025875889077
Khammam,2025,9,2025-09,5178.0,260.0,6,6.0,1,3,5,5,17.205979601504943,80.36515460950669,4675.025875889077
Khammam,2025,10,2025-10,7319.0,310.0,7,7.0,1,4,6,5,17.205979601504943,80.36515460950669,4675.025875889077
Khammam,2025,11,2025-11,7420.0,310.0,7,7.0,1,4,6,5,17.205979601504943,80.36515460950669,4675.025875889077
Khammam,2025,12,2025-12,9111.0,490.0,9,7.0,1,4,6,5,17.205979601504943,80.36515460950669,4675.025875889077
Khammam,2026,1,2026-01,24878.0,490.0,9,9.0,1,4,5,5,17.205979601504943,80.36515460950669,4675.025875889077
Khammam,2026,2,2026-02,21188.0,520.0,10,9.0,1,5,6,5,17.205979601504943,80.36515460950669,4675.025875889077
Khammam,2026,3,2026-03,20412.0,550.0,11,10.0,1,5,7,5,17.205979601504943,80.36515460950669,4675.025875889077
Khammam,2026,4,2026-04,24464.0,580.0,12,11.0,1,5,8,5,17.205979601504943,80.36515460950669,4675.025875889077
Khammam,2026,5,2026-05,46131.0,580.0,12,12.0,1,5,8,5,17.205979601504943,80.36515460950669,4675.025875889077
Khammam,2026,6,2026-06,43358.0,640.0,13,13.0,1,5,8,5,17.205979601504943,80.36515460950669,4675.025875889077
Mahabubnagar,2022,6,2022-06,0.0,54.0,1,0.0,1,1,1,13,16.751461914493674,78.01311517560168,2806.793941739
Mahabubnagar,2022,7,2022-07,201.0,54.0,1,1.0,1,1,1,13,16.751461914493674,78.01311517560168,2806.793941739
Mahabubnagar,2022,8,2022-08,805.0,54.0,1,1.0,1,1,1,13,16.751461914493674,78.01311517560168,2806.793941739
Mahabubnagar,2022,9,2022-09,722.0,54.0,1,1.0,1,1,1,13,16.751461914493674,78.01311517560168,2806.793941739
Mahabubnagar,2022,10,2022-10,813.0,54.0,1,1.0,1,1,1,13,16.751461914493674,78.01311517560168,2806.793941739
Mahabubnagar,2022,11,2022-11,593.0,54.0,1,1.0,1,1,1,13,16.751461914493674,78.01311517560168,2806.793941739
Mahabubnagar,2022,12,2022-12,584.0,54.0,1,1.0,1,1,1,13,16.751461914493674,78.01311517560168,2806.793941739
Mahabubnagar,2023,1,2023-01,1376.0,54.0,1,1.0,1,1,1,13,16.751461914493674,78.01311517560168,2806.793941739
Mahabubnagar,2023,2,2023-02,1190.0,54.0,1,1.0,1,1,1,13,16.751461914493674,78.01311517560168,2806.793941739
Mahabubnagar,2023,3,2023-03,1236.0,54.0,1,1.0,1,1,1,13,16.751461914493674,78.01311517560168,2806.793941739
Mahabubnagar,2023,4,2023-04,693.0,84.0,2,1.0,1,1,2,13,16.751461914493674,78.01311517560168,2806.793941739
Mahabubnagar,2023,5,2023-05,867.0,84.0,2,2.0,1,1,2,13,16.751461914493674,78.01311517560168,2806.793941739
Mahabubnagar,2023,6,2023-06,521.0,84.0,2,2.0,1,1,2,13,16.751461914493674,78.01311517560168,2806.793941739
Mahabubnagar,2023,7,2023-07,1991.0,84.0,2,2.0,1,1,2,13,16.751461914493674,78.01311517560168,2806.793941739
Mahabubnagar,2023,8,2023-08,1307.0,84.0,2,2.0,1,1,2,13,16.751461914493674,78.01311517560168,2806.793941739
Mahabubnagar,2023,9,2023-09,2357.0,227.0,7,3.0,1,2,3,13,16.751461914493674,78.01311517560168,2806.793941739
Mahabubnagar,2023,10,2023-10,3014.0,227.0,7,7.0,1,2,3,13,16.751461914493674,78.01311517560168,2806.793941739
Mahabubnagar,2023,11,2023-11,4155.0,257.0,8,7.0,1,2,3,13,16.751461914493674,78.01311517560168,2806.793941739
Mahabubnagar,2023,12,2023-12,5357.0,309.0,9,8.0,1,2,3,13,16.751461914493674,78.01311517560168,2806.793941739
Mahabubnagar,2024,1,2024-01,6741.0,309.0,9,9.0,1,2,3,13,16.751461914493674,78.01311517560168,2806.793941739
Mahabubnagar,2024,2,2024-02,6014.0,309.0,9,9.0,1,2,3,13,16.751461914493674,78.01311517560168,2806.793941739
Mahabubnagar,2024,3,2024-03,5436.0,316.0,10,9.0,1,2,3,13,16.751461914493674,78.01311517560168,2806.793941739
Mahabubnagar,2024,4,2024-04,6417.0,316.0,10,10.0,1,2,3,13,16.751461914493674,78.01311517560168,2806.793941739
Mahabubnagar,2024,5,2024-05,9691.0,377.0,12,10.0,1,2,3,13,16.751461914493674,78.01311517560168,2806.793941739
Mahabubnagar,2024,6,2024-06,11749.0,429.0,13,12.0,1,2,3,13,16.751461914493674,78.01311517560168,2806.793941739
Mahabubnagar,2024,7,2024-07,10533.0,436.0,14,13.0,1,2,4,13,16.751461914493674,78.01311517560168,2806.793941739
Mahabubnagar,2024,8,2024-08,13337.0,436.0,14,14.0,1,2,4,13,16.751461914493674,78.01311517560168,2806.793941739
Mahabubnagar,2024,9,2024-09,13172.0,461.0,15,14.0,1,2,4,13,16.751461914493674,78.01311517560168,2806.793941739
Mahabubnagar,2024,10,2024-10,11739.0,461.0,15,15.0,1,2,4,13,16.751461914493674,78.01311517560168,2806.793941739
Mahabubnagar,2024,11,2024-11,17635.0,461.0,15,15.0,1,2,4,13,16.751461914493674,78.01311517560168,2806.793941739
Mahabubnagar,2024,12,2024-12,13239.0,461.0,15,15.0,1,2,4,13,16.751461914493674,78.01311517560168,2806.793941739
Mahabubnagar,2025,1,2025-01,20440.0,461.0,15,15.0,1,2,4,13,16.751461914493674,78.01311517560168,2806.793941739
Mahabubnagar,2025,2,2025-02,20308.0,515.0,16,15.0,1,2,4,13,16.751461914493674,78.01311517560168,2806.793941739
Mahabubnagar,2025,3,2025-03,23004.0,515.0,16,16.0,1,2,4,13,16.751461914493674,78.01311517560168,2806.793941739
Mahabubnagar,2025,4,2025-04,25030.0,515.0,16,16.0,1,2,4,13,16.751461914493674,78.01311517560168,2806.793941739
Mahabubnagar,2025,5,2025-05,23761.0,569.0,17,16.0,1,2,4,13,16.751461914493674,78.01311517560168,2806.793941739
Mahabubnagar,2025,6,2025-06,26380.0,893.0,23,17.0,1,2,5,13,16.751461914493674,78.01311517560168,2806.793941739
Mahabubnagar,2025,7,2025-07,25228.0,893.0,23,23.0,1,2,5,13,16.751461914493674,78.01311517560168,2806.793941739
Mahabubnagar,2025,8,2025-08,24486.0,893.0,23,23.0,1,2,5,13,16.751461914493674,78.01311517560168,2806.793941739
Mahabubnagar,2025,10,2025-10,27736.0,958.0,24,24.0,1,2,5,13,16.751461914493674,78.01311517560168,2806.793941739
Mahabubnagar,2025,11,2025-11,28008.0,1012.0,25,24.0,1,2,5,13,16.751461914493674,78.01311517560168,2806.793941739
Mahabubnagar,2025,12,2025-12,27031.0,1072.0,26,25.0,1,2,5,13,16.751461914493674,78.01311517560168,2806.793941739
Mahabubnagar,2026,1,2026-01,42888.0,1072.0,26,26.0,1,2,5,13,16.751461914493674,78.01311517560168,2806.793941739
Mahabubnagar,2026,2,2026-02,36545.0,1180.0,28,26.0,1,2,5,13,16.751461914493674,78.01311517560168,2806.793941739
Mahabubnagar,2026,3,2026-03,34112.0,1180.0,28,28.0,1,2,5,13,16.751461914493674,78.01311517560168,2806.793941739
Mahabubnagar,2026,4,2026-04,37040.0,1180.0,28,28.0,1,2,5,13,16.751461914493674,78.01311517560168,2806.793941739
Mahabubnagar,2026,5,2026-05,41614.0,1234.0,29,28.0,1,2,5,13,16.751461914493674,78.01311517560168,2806.793941739
Mahabubnagar,2026,6,2026-06,45400.0,1428.0,31,29.0,1,2,5,13,16.751461914493674,78.01311517560168,2806.793941739
Mahabubabad,2023,1,2023-01,0.0,30.0,1,1.0,1,1,1,4,17.675077227418598,79.99610235216272,3539.932186462948
Mahabubabad,2023,2,2023-02,0.0,30.0,1,1.0,1,1,1,4,17.675077227418598,79.99610235216272,3539.932186462948
Mahabubabad,2023,3,2023-03,0.0,30.0,1,1.0,1,1,1,4,17.675077227418598,79.99610235216272,3539.932186462948
Mahabubabad,2023,4,2023-04,0.0,30.0,1,1.0,1,1,1,4,17.675077227418598,79.99610235216272,3539.932186462948
Mahabubabad,2023,5,2023-05,0.0,30.0,1,1.0,1,1,1,4,17.675077227418598,79.99610235216272,3539.932186462948
Mahabubabad,2023,6,2023-06,0.0,30.0,1,1.0,1,1,1,4,17.675077227418598,79.99610235216272,3539.932186462948
Mahabubabad,2023,7,2023-07,0.0,30.0,1,1.0,1,1,1,4,17.675077227418598,79.99610235216272,3539.932186462948
Mahabubabad,2023,8,2023-08,0.0,30.0,1,1.0,1,1,1,4,17.675077227418598,79.99610235216272,3539.932186462948
Mahabubabad,2023,9,2023-09,0.0,30.0,1,1.0,1,1,1,4,17.675077227418598,79.99610235216272,3539.932186462948
Mahabubabad,2023,10,2023-10,0.0,30.0,1,1.0,1,1,1,4,17.675077227418598,79.99610235216272,3539.932186462948
Mahabubabad,2023,11,2023-11,0.0,30.0,1,1.0,1,1,1,4,17.675077227418598,79.99610235216272,3539.932186462948
Mahabubabad,2023,12,2023-12,0.0,30.0,1,1.0,1,1,1,4,17.675077227418598,79.99610235216272,3539.932186462948
Mahabubabad,2024,1,2024-01,0.0,30.0,1,1.0,1,1,1,4,17.675077227418598,79.99610235216272,3539.932186462948
Mahabubabad,2024,2,2024-02,0.0,30.0,1,1.0,1,1,1,4,17.675077227418598,79.99610235216272,3539.932186462948
Mahabubabad,2024,3,2024-03,118.0,30.0,1,1.0,1,1,1,4,17.675077227418598,79.99610235216272,3539.932186462948
Mahabubabad,2024,4,2024-04,189.0,30.0,1,1.0,1,1,1,4,17.675077227418598,79.99610235216272,3539.932186462948
Mahabubabad,2024,5,2024-05,117.0,30.0,1,1.0,1,1,1,4,17.675077227418598,79.99610235216272,3539.932186462948
Mahabubabad,2024,7,2024-07,302.0,30.0,1,1.0,1,1,1,4,17.675077227418598,79.99610235216272,3539.932186462948
Mahabubabad,2024,8,2024-08,88.0,30.0,1,1.0,1,1,1,4,17.675077227418598,79.99610235216272,3539.932186462948
Mahabubabad,2024,9,2024-09,175.0,30.0,1,1.0,1,1,1,4,17.675077227418598,79.99610235216272,3539.932186462948
Mahabubabad,2024,10,2024-10,322.0,30.0,1,1.0,1,1,1,4,17.675077227418598,79.99610235216272,3539.932186462948
Mahabubabad,2024,11,2024-11,355.0,30.0,1,1.0,1,1,1,4,17.675077227418598,79.99610235216272,3539.932186462948
Mahabubabad,2024,12,2024-12,174.0,30.0,1,1.0,1,1,1,4,17.675077227418598,79.99610235216272,3539.932186462948
Mahabubabad,2025,1,2025-01,229.0,30.0,1,1.0,1,1,1,4,17.675077227418598,79.99610235216272,3539.932186462948
Mahabubabad,2025,2,2025-02,243.0,30.0,1,1.0,1,1,1,4,17.675077227418598,79.99610235216272,3539.932186462948
Mahabubabad,2025,3,2025-03,340.0,36.214,3,2.0,1,2,3,4,17.675077227418598,79.99610235216272,3539.932186462948
Mahabubabad,2025,4,2025-04,324.0,86.16,3,3.0,1,2,3,4,17.675077227418598,79.99610235216272,3539.932186462948
Mahabubabad,2025,5,2025-05,562.0,86.16,3,3.0,1,2,3,4,17.675077227418598,79.99610235216272,3539.932186462948
Mahabubabad,2025,6,2025-06,523.0,86.16,3,3.0,1,2,3,4,17.675077227418598,79.99610235216272,3539.932186462948
Mahabubabad,2025,7,2025-07,326.0,80.0,2,2.0,1,2,2,4,17.675077227418598,79.99610235216272,3539.932186462948
Mahabubabad,2025,8,2025-08,564.0,80.0,2,2.0,1,2,2,4,17.675077227418598,79.99610235216272,3539.932186462948
Mahabubabad,2025,9,2025-09,424.0,80.03,3,2.0,1,2,3,4,17.675077227418598,79.99610235216272,3539.932186462948
Mahabubabad,2025,10,2025-10,1235.0,80.03,3,3.0,1,2,3,4,17.675077227418598,79.99610235216272,3539.932186462948
Mahabubabad,2025,11,2025-11,1047.0,230.05,5,4.0,1,2,3,4,17.675077227418598,79.99610235216272,3539.932186462948
Mahabubabad,2025,12,2025-12,1086.0,350.05,6,5.0,1,2,3,4,17.675077227418598,79.99610235216272,3539.932186462948
Mahabubabad,2026,1,2026-01,36413.0,350.05,6,6.0,1,2,3,4,17.675077227418598,79.99610235216272,3539.932186462948
Mahabubabad,2026,2,2026-02,3120.0,350.05,6,6.0,1,2,3,4,17.675077227418598,79.99610235216272,3539.932186462948
Mahabubabad,2026,3,2026-03,2264.0,350.05,6,6.0,1,2,3,4,17.675077227418598,79.99610235216272,3539.932186462948
Mahabubabad,2026,4,2026-04,3197.0,350.05,6,6.0,1,2,3,4,17.675077227418598,79.99610235216272,3539.932186462948
Mahabubabad,2026,5,2026-05,3462.0,350.05,6,6.0,1,2,3,4,17.675077227418598,79.99610235216272,3539.932186462948
Mahabubabad,2026,6,2026-06,4132.0,400.0,6,6.0,1,2,3,4,17.675077227418598,79.99610235216272,3539.932186462948
Mancherial,2023,1,2023-01,0.0,30.0,1,1.0,1,1,1,3,18.99156685169435,79.51237617968975,3855.611150266576
Mancherial,2023,2,2023-02,0.0,30.0,1,1.0,1,1,1,3,18.99156685169435,79.51237617968975,3855.611150266576
Mancherial,2023,3,2023-03,0.0,30.0,1,1.0,1,1,1,3,18.99156685169435,79.51237617968975,3855.611150266576
Mancherial,2023,4,2023-04,0.0,30.0,1,1.0,1,1,1,3,18.99156685169435,79.51237617968975,3855.611150266576
Mancherial,2023,5,2023-05,0.0,30.0,1,1.0,1,1,1,3,18.99156685169435,79.51237617968975,3855.611150266576
Mancherial,2023,6,2023-06,0.0,30.0,1,1.0,1,1,1,3,18.99156685169435,79.51237617968975,3855.611150266576
Mancherial,2023,7,2023-07,0.0,30.0,1,1.0,1,1,1,3,18.99156685169435,79.51237617968975,3855.611150266576
Mancherial,2023,8,2023-08,0.0,30.0,1,1.0,1,1,1,3,18.99156685169435,79.51237617968975,3855.611150266576
Mancherial,2023,9,2023-09,0.0,30.0,1,1.0,1,1,1,3,18.99156685169435,79.51237617968975,3855.611150266576
Mancherial,2023,10,2023-10,0.0,30.0,1,1.0,1,1,1,3,18.99156685169435,79.51237617968975,3855.611150266576
Mancherial,2023,11,2023-11,1.0,30.0,1,1.0,1,1,1,3,18.99156685169435,79.51237617968975,3855.611150266576
Mancherial,2023,12,2023-12,2104.0,30.0,1,1.0,1,1,1,3,18.99156685169435,79.51237617968975,3855.611150266576
Mancherial,2024,1,2024-01,0.0,30.0,1,1.0,1,1,1,3,18.99156685169435,79.51237617968975,3855.611150266576
Mancherial,2024,2,2024-02,726.0,30.0,1,1.0,1,1,1,3,18.99156685169435,79.51237617968975,3855.611150266576
Mancherial,2024,3,2024-03,95.0,30.0,1,1.0,1,1,1,3,18.99156685169435,79.51237617968975,3855.611150266576
Mancherial,2024,4,2024-04,215.0,30.0,1,1.0,1,1,1,3,18.99156685169435,79.51237617968975,3855.611150266576
Mancherial,2024,5,2024-05,207.0,30.0,1,1.0,1,1,1,3,18.99156685169435,79.51237617968975,3855.611150266576
Mancherial,2024,7,2024-07,417.0,30.0,1,1.0,1,1,1,3,18.99156685169435,79.51237617968975,3855.611150266576
Mancherial,2024,8,2024-08,187.0,30.0,1,1.0,1,1,1,3,18.99156685169435,79.51237617968975,3855.611150266576
Mancherial,2024,9,2024-09,327.0,30.0,1,1.0,1,1,1,3,18.99156685169435,79.51237617968975,3855.611150266576
Mancherial,2024,10,2024-10,333.0,30.0,1,1.0,1,1,1,3,18.99156685169435,79.51237617968975,3855.611150266576
Mancherial,2024,11,2024-11,532.0,30.0,1,1.0,1,1,1,3,18.99156685169435,79.51237617968975,3855.611150266576
Mancherial,2024,12,2024-12,718.0,30.0,1,1.0,1,1,1,3,18.99156685169435,79.51237617968975,3855.611150266576
Mancherial,2025,1,2025-01,626.0,30.0,1,1.0,1,1,1,3,18.99156685169435,79.51237617968975,3855.611150266576
Mancherial,2025,2,2025-02,516.0,30.0,1,1.0,1,1,1,3,18.99156685169435,79.51237617968975,3855.611150266576
Mancherial,2025,3,2025-03,507.0,180.0,4,1.0,1,1,2,3,18.99156685169435,79.51237617968975,3855.611150266576
Mancherial,2025,4,2025-04,629.0,230.0,5,5.0,1,1,2,3,18.99156685169435,79.51237617968975,3855.611150266576
Mancherial,2025,5,2025-05,638.0,280.0,6,6.0,1,1,2,3,18.99156685169435,79.51237617968975,3855.611150266576
Mancherial,2025,6,2025-06,1636.0,330.0,7,7.0,1,1,2,3,18.99156685169435,79.51237617968975,3855.611150266576
Mancherial,2025,7,2025-07,926.0,330.054,8,7.0,1,1,2,3,18.99156685169435,79.51237617968975,3855.611150266576
Mancherial,2025,8,2025-08,1127.0,330.054,8,8.0,1,1,2,3,18.99156685169435,79.51237617968975,3855.611150266576
Mancherial,2025,9,2025-09,1519.0,330.054,8,8.0,1,1,2,3,18.99156685169435,79.51237617968975,3855.611150266576
Mancherial,2025,10,2025-10,2987.0,330.054,8,8.0,1,1,2,3,18.99156685169435,79.51237617968975,3855.611150266576
Mancherial,2025,11,2025-11,1611.0,414.0,9,8.0,1,1,2,3,18.99156685169435,79.51237617968975,3855.611150266576
Mancherial,2025,12,2025-12,1063.0,588.0,11,9.0,1,1,2,3,18.99156685169435,79.51237617968975,3855.611150266576
Mancherial,2026,1,2026-01,2424.0,588.0,11,11.0,1,1,2,3,18.99156685169435,79.51237617968975,3855.611150266576
Mancherial,2026,2,2026-02,3781.0,708.0,12,11.0,1,1,2,3,18.99156685169435,79.51237617968975,3855.611150266576
Mancherial,2026,3,2026-03,2214.0,708.0,12,12.0,1,1,2,3,18.99156685169435,79.51237617968975,3855.611150266576
Mancherial,2026,4,2026-04,2748.0,708.0,12,12.0,1,1,2,3,18.99156685169435,79.51237617968975,3855.611150266576
Mancherial,2026,5,2026-05,1385.0,708.0,12,12.0,1,1,2,3,18.99156685169435,79.51237617968975,3855.611150266576
Mancherial,2026,6,2026-06,1842.0,828.0,13,12.0,1,1,3,3,18.99156685169435,79.51237617968975,3855.611150266576
Medak,2023,10,2023-10,0.0,54.0,1,0.0,1,1,1,5,17.953224823237967,78.26500189814796,2750.973110330465
Medak,2023,11,2023-11,572.0,54.0,1,1.0,1,1,1,5,17.953224823237967,78.26500189814796,2750.973110330465
Medak,2023,12,2023-12,558.0,54.0,1,1.0,1,1,1,5,17.953224823237967,78.26500189814796,2750.973110330465
Medak,2024,1,2024-01,740.0,54.0,1,1.0,1,1,1,5,17.953224823237967,78.26500189814796,2750.973110330465
Medak,2024,2,2024-02,698.0,54.0,1,1.0,1,1,1,5,17.953224823237967,78.26500189814796,2750.973110330465
Medak,2024,3,2024-03,837.0,54.0,1,1.0,1,1,1,5,17.953224823237967,78.26500189814796,2750.973110330465
Medak,2024,4,2024-04,1148.0,54.0,1,1.0,1,1,1,5,17.953224823237967,78.26500189814796,2750.973110330465
Medak,2024,5,2024-05,2223.0,54.0,1,1.0,1,1,1,5,17.953224823237967,78.26500189814796,2750.973110330465
Medak,2024,6,2024-06,1401.0,54.0,1,1.0,1,1,1,5,17.953224823237967,78.26500189814796,2750.973110330465
Medak,2024,7,2024-07,1213.0,54.0,1,1.0,1,1,1,5,17.953224823237967,78.26500189814796,2750.973110330465
Medak,2024,8,2024-08,2284.0,54.0,1,1.0,1,1,1,5,17.953224823237967,78.26500189814796,2750.973110330465
Medak,2024,9,2024-09,482.0,54.0,1,1.0,1,1,1,5,17.953224823237967,78.26500189814796,2750.973110330465
Medak,2024,10,2024-10,0.0,54.0,1,1.0,1,1,1,5,17.953224823237967,78.26500189814796,2750.973110330465
Medak,2024,11,2024-11,0.0,54.0,1,1.0,1,1,1,5,17.953224823237967,78.26500189814796,2750.973110330465
Medak,2024,12,2024-12,0.0,216.0,4,1.0,1,1,2,5,17.953224823237967,78.26500189814796,2750.973110330465
Medak,2025,1,2025-01,18.0,323.0,6,4.0,1,1,2,5,17.953224823237967,78.26500189814796,2750.973110330465
Medak,2025,2,2025-02,55.0,323.0,6,6.0,1,1,2,5,17.953224823237967,78.26500189814796,2750.973110330465
Medak,2025,3,2025-03,67.0,323.0,6,6.0,1,1,2,5,17.953224823237967,78.26500189814796,2750.973110330465
Medak,2025,4,2025-04,498.0,377.0,7,6.0,1,2,3,5,17.953224823237967,78.26500189814796,2750.973110330465
Medak,2025,5,2025-05,828.0,377.0,7,7.0,1,2,3,5,17.953224823237967,78.26500189814796,2750.973110330465
Medak,2025,6,2025-06,806.0,431.0,8,7.0,1,2,3,5,17.953224823237967,78.26500189814796,2750.973110330465
Medak,2025,7,2025-07,324.0,539.0,10,8.0,1,2,3,5,17.953224823237967,78.26500189814796,2750.973110330465
Medak,2025,8,2025-08,1443.0,539.0,10,10.0,1,2,3,5,17.953224823237967,78.26500189814796,2750.973110330465
Medak,2025,10,2025-10,1733.0,539.0,10,10.0,1,2,3,5,17.953224823237967,78.26500189814796,2750.973110330465
Medak,2025,11,2025-11,172.0,539.0,10,10.0,1,2,3,5,17.953224823237967,78.26500189814796,2750.973110330465
Medak,2025,12,2025-12,1792.0,546.0,11,10.0,1,2,3,5,17.953224823237967,78.26500189814796,2750.973110330465
Medak,2026,1,2026-01,3905.0,600.0,12,11.0,1,2,3,5,17.953224823237967,78.26500189814796,2750.973110330465
Medak,2026,2,2026-02,3128.0,720.0,13,12.0,1,2,3,5,17.953224823237967,78.26500189814796,2750.973110330465
Medak,2026,3,2026-03,4795.0,720.0,13,13.0,1,2,3,5,17.953224823237967,78.26500189814796,2750.973110330465
Medak,2026,4,2026-04,6709.0,720.0,13,13.0,1,2,3,5,17.953224823237967,78.26500189814796,2750.973110330465
Medak,2026,5,2026-05,7883.0,774.0,14,13.0,1,2,3,5,17.953224823237967,78.26500189814796,2750.973110330465
Medak,2026,6,2026-06,10588.0,774.0,14,14.0,1,2,3,5,17.953224823237967,78.26500189814796,2750.973110330465
Medchal Malkajgiri,2021,6,2021-06,488.0,89.0,4,4.0,1,2,3,111,17.5442037664792,78.55770391375447,1076.223774850676
Medchal Malkajgiri,2021,7,2021-07,630.0,107.0,5,5.0,1,2,3,111,17.5442037664792,78.55770391375447,1076.223774850676
Medchal Malkajgiri,2021,8,2021-08,785.0,107.0,5,5.0,1,2,3,111,17.5442037664792,78.55770391375447,1076.223774850676
Medchal Malkajgiri,2021,9,2021-09,598.0,107.0,5,5.0,1,2,3,111,17.5442037664792,78.55770391375447,1076.223774850676
Medchal Malkajgiri,2021,10,2021-10,579.0,107.0,5,5.0,1,2,3,111,17.5442037664792,78.55770391375447,1076.223774850676
Medchal Malkajgiri,2021,11,2021-11,819.0,107.0,5,5.0,1,2,3,111,17.5442037664792,78.55770391375447,1076.223774850676
Medchal Malkajgiri,2021,12,2021-12,872.0,127.0,6,5.0,1,2,3,111,17.5442037664792,78.55770391375447,1076.223774850676
Medchal Malkajgiri,2022,1,2022-01,1793.0,129.0,7,6.0,1,2,3,111,17.5442037664792,78.55770391375447,1076.223774850676
Medchal Malkajgiri,2022,2,2022-02,1519.0,129.0,7,7.0,1,2,3,111,17.5442037664792,78.55770391375447,1076.223774850676
Medchal Malkajgiri,2022,3,2022-03,1565.0,174.0,8,7.0,1,2,3,111,17.5442037664792,78.55770391375447,1076.223774850676
Medchal Malkajgiri,2022,4,2022-04,1355.0,174.0,8,8.0,1,2,3,111,17.5442037664792,78.55770391375447,1076.223774850676
Medchal Malkajgiri,2022,6,2022-06,2475.0,225.0,12,12.0,1,3,4,111,17.5442037664792,78.55770391375447,1076.223774850676
Medchal Malkajgiri,2022,7,2022-07,3426.0,225.0,12,12.0,1,3,4,111,17.5442037664792,78.55770391375447,1076.223774850676
Medchal Malkajgiri,2022,8,2022-08,4145.0,230.0,13,13.0,1,3,5,111,17.5442037664792,78.55770391375447,1076.223774850676
Medchal Malkajgiri,2022,9,2022-09,5138.0,248.0,14,14.0,1,3,5,111,17.5442037664792,78.55770391375447,1076.223774850676
Medchal Malkajgiri,2022,10,2022-10,6654.0,248.0,14,14.0,1,3,5,111,17.5442037664792,78.55770391375447,1076.223774850676
Medchal Malkajgiri,2022,11,2022-11,6092.0,256.0,15,13.0,1,3,5,111,17.5442037664792,78.55770391375447,1076.223774850676
Medchal Malkajgiri,2022,12,2022-12,6558.0,301.0,16,14.0,1,3,6,111,17.5442037664792,78.55770391375447,1076.223774850676
Medchal Malkajgiri,2023,1,2023-01,10194.0,301.0,16,15.0,1,3,6,111,17.5442037664792,78.55770391375447,1076.223774850676
Medchal Malkajgiri,2023,2,2023-02,9004.0,316.0,16,15.0,1,3,6,111,17.5442037664792,78.55770391375447,1076.223774850676
Medchal Malkajgiri,2023,3,2023-03,7811.0,316.0,16,15.0,1,3,6,111,17.5442037664792,78.55770391375447,1076.223774850676
Medchal Malkajgiri,2023,4,2023-04,8300.0,376.0,18,15.0,1,3,6,111,17.5442037664792,78.55770391375447,1076.223774850676
Medchal Malkajgiri,2023,5,2023-05,10245.0,388.0,19,17.0,1,3,6,111,17.5442037664792,78.55770391375447,1076.223774850676
Medchal Malkajgiri,2023,6,2023-06,10457.0,388.0,19,18.0,1,3,6,111,17.5442037664792,78.55770391375447,1076.223774850676
Medchal Malkajgiri,2023,7,2023-07,11985.0,388.0,19,18.0,1,3,6,111,17.5442037664792,78.55770391375447,1076.223774850676
Medchal Malkajgiri,2023,8,2023-08,13285.0,388.0,19,18.0,1,3,6,111,17.5442037664792,78.55770391375447,1076.223774850676
Medchal Malkajgiri,2023,9,2023-09,27597.0,422.0,20,19.0,1,3,6,111,17.5442037664792,78.55770391375447,1076.223774850676
Medchal Malkajgiri,2023,10,2023-10,23331.0,422.0,20,19.0,1,3,6,111,17.5442037664792,78.55770391375447,1076.223774850676
Medchal Malkajgiri,2023,11,2023-11,25248.0,422.0,20,19.0,1,3,6,111,17.5442037664792,78.55770391375447,1076.223774850676
Medchal Malkajgiri,2023,12,2023-12,22821.0,432.0,20,19.0,1,3,6,111,17.5442037664792,78.55770391375447,1076.223774850676
Medchal Malkajgiri,2024,1,2024-01,21453.0,540.0,22,20.0,1,3,6,111,17.5442037664792,78.55770391375447,1076.223774850676
Medchal Malkajgiri,2024,2,2024-02,25341.0,539.0,20,20.0,1,3,6,111,17.5442037664792,78.55770391375447,1076.223774850676
Medchal Malkajgiri,2024,3,2024-03,23999.0,544.0,21,21.0,1,3,6,111,17.5442037664792,78.55770391375447,1076.223774850676
Medchal Malkajgiri,2024,4,2024-04,29341.0,544.0,21,21.0,1,3,6,111,17.5442037664792,78.55770391375447,1076.223774850676
Medchal Malkajgiri,2024,5,2024-05,39367.0,564.0,21,21.0,1,3,6,111,17.5442037664792,78.55770391375447,1076.223774850676
Medchal Malkajgiri,2024,6,2024-06,45650.0,564.0,21,21.0,1,3,6,111,17.5442037664792,78.55770391375447,1076.223774850676
Medchal Malkajgiri,2024,7,2024-07,48382.0,726.0,24,21.0,1,3,7,111,17.5442037664792,78.55770391375447,1076.223774850676
Medchal Malkajgiri,2024,8,2024-08,55589.0,726.0,24,24.0,1,3,7,111,17.5442037664792,78.55770391375447,1076.223774850676
Medchal Malkajgiri,2024,9,2024-09,46926.0,726.0,24,24.0,1,3,7,111,17.5442037664792,78.55770391375447,1076.223774850676
Medchal Malkajgiri,2024,10,2024-10,27653.0,726.0,24,24.0,1,3,7,111,17.5442037664792,78.55770391375447,1076.223774850676
Medchal Malkajgiri,2024,11,2024-11,29117.0,726.0,24,24.0,1,3,7,111,17.5442037664792,78.55770391375447,1076.223774850676
Medchal Malkajgiri,2024,12,2024-12,32971.0,726.0,24,24.0,1,3,7,111,17.5442037664792,78.55770391375447,1076.223774850676
Medchal Malkajgiri,2025,1,2025-01,33232.0,1100.0,31,24.0,1,3,7,111,17.5442037664792,78.55770391375447,1076.223774850676
Medchal Malkajgiri,2025,2,2025-02,36178.0,1248.0,34,30.0,1,3,7,111,17.5442037664792,78.55770391375447,1076.223774850676
Medchal Malkajgiri,2025,3,2025-03,43553.0,1583.0,40,33.0,1,3,7,111,17.5442037664792,78.55770391375447,1076.223774850676
Medchal Malkajgiri,2025,4,2025-04,48359.0,2123.0,50,46.0,1,3,7,111,17.5442037664792,78.55770391375447,1076.223774850676
Medchal Malkajgiri,2025,5,2025-05,59286.0,2123.0,50,48.0,1,3,7,111,17.5442037664792,78.55770391375447,1076.223774850676
Medchal Malkajgiri,2025,6,2025-06,56197.0,2123.0,50,46.0,1,3,7,111,17.5442037664792,78.55770391375447,1076.223774850676
Medchal Malkajgiri,2025,7,2025-07,49724.0,2230.0,52,46.0,1,3,7,111,17.5442037664792,78.55770391375447,1076.223774850676
Medchal Malkajgiri,2025,8,2025-08,68484.0,2238.0,53,49.0,1,3,7,111,17.5442037664792,78.55770391375447,1076.223774850676
Medchal Malkajgiri,2025,10,2025-10,84006.0,2238.0,53,49.0,1,3,7,111,17.5442037664792,78.55770391375447,1076.223774850676
Medchal Malkajgiri,2025,11,2025-11,101413.0,2310.0,53,50.0,1,3,7,111,17.5442037664792,78.55770391375447,1076.223774850676
Medchal Malkajgiri,2025,12,2025-12,117304.0,2310.0,53,50.0,1,3,7,111,17.5442037664792,78.55770391375447,1076.223774850676
Medchal Malkajgiri,2026,1,2026-01,140334.0,2339.0,53,50.0,1,3,7,111,17.5442037664792,78.55770391375447,1076.223774850676
Medchal Malkajgiri,2026,2,2026-02,135733.0,2339.0,53,50.0,1,3,7,111,17.5442037664792,78.55770391375447,1076.223774850676
Medchal Malkajgiri,2026,3,2026-03,162166.0,2339.0,53,50.0,1,3,7,111,17.5442037664792,78.55770391375447,1076.223774850676
Medchal Malkajgiri,2026,4,2026-04,203498.0,2484.0,55,50.0,1,3,7,111,17.5442037664792,78.55770391375447,1076.223774850676
Medchal Malkajgiri,2026,5,2026-05,220909.0,2441.0,54,51.0,1,3,7,111,17.5442037664792,78.55770391375447,1076.223774850676
Medchal Malkajgiri,2026,6,2026-06,210852.0,2574.0,56,51.0,1,3,7,111,17.5442037664792,78.55770391375447,1076.223774850676
Mulugu,2026,4,2026-04,366.0,390.0,4,4.0,1,2,3,1,18.29151088879202,80.33735425361866,4286.974265866365
Mulugu,2026,5,2026-05,310.0,390.0,4,4.0,1,2,3,1,18.29151088879202,80.33735425361866,4286.974265866365
Mulugu,2026,6,2026-06,385.0,390.0,4,4.0,1,2,3,1,18.29151088879202,80.33735425361866,4286.974265866365
Nagarkurnool,2023,9,2023-09,0.0,54.0,1,0.0,1,1,1,4,16.382248026848238,78.59597920921627,6204.699538959476
Nagarkurnool,2023,10,2023-10,2415.0,54.0,1,1.0,1,1,1,4,16.382248026848238,78.59597920921627,6204.699538959476
Nagarkurnool,2023,11,2023-11,2476.0,54.0,1,1.0,1,1,1,4,16.382248026848238,78.59597920921627,6204.699538959476
Nagarkurnool,2023,12,2023-12,1868.0,54.0,1,1.0,1,1,1,4,16.382248026848238,78.59597920921627,6204.699538959476
Nagarkurnool,2024,1,2024-01,2772.0,54.0,1,1.0,1,1,1,4,16.382248026848238,78.59597920921627,6204.699538959476
Nagarkurnool,2024,2,2024-02,3969.0,54.0,1,1.0,1,1,1,4,16.382248026848238,78.59597920921627,6204.699538959476
Nagarkurnool,2024,3,2024-03,3476.0,54.0,1,1.0,1,1,1,4,16.382248026848238,78.59597920921627,6204.699538959476
Nagarkurnool,2024,4,2024-04,3813.0,54.0,1,1.0,1,1,1,4,16.382248026848238,78.59597920921627,6204.699538959476
Nagarkurnool,2024,5,2024-05,4400.0,54.0,1,1.0,1,1,1,4,16.382248026848238,78.59597920921627,6204.699538959476
Nagarkurnool,2024,6,2024-06,4147.0,54.0,1,1.0,1,1,1,4,16.382248026848238,78.59597920921627,6204.699538959476
Nagarkurnool,2024,7,2024-07,3197.0,54.0,1,1.0,1,1,1,4,16.382248026848238,78.59597920921627,6204.699538959476
Nagarkurnool,2024,8,2024-08,4367.0,54.0,1,1.0,1,1,1,4,16.382248026848238,78.59597920921627,6204.699538959476
Nagarkurnool,2024,9,2024-09,3080.0,54.0,1,1.0,1,1,1,4,16.382248026848238,78.59597920921627,6204.699538959476
Nagarkurnool,2024,10,2024-10,2603.0,108.0,2,1.0,1,1,2,4,16.382248026848238,78.59597920921627,6204.699538959476
Nagarkurnool,2024,11,2024-11,16.0,108.0,2,2.0,1,1,2,4,16.382248026848238,78.59597920921627,6204.699538959476
Nagarkurnool,2024,12,2024-12,8159.0,162.0,3,2.0,1,1,2,4,16.382248026848238,78.59597920921627,6204.699538959476
Nagarkurnool,2025,1,2025-01,4634.0,162.0,3,3.0,1,1,2,4,16.382248026848238,78.59597920921627,6204.699538959476
Nagarkurnool,2025,2,2025-02,4372.0,162.0,3,3.0,1,1,2,4,16.382248026848238,78.59597920921627,6204.699538959476
Nagarkurnool,2025,3,2025-03,3670.0,270.0,5,3.0,1,1,3,4,16.382248026848238,78.59597920921627,6204.699538959476
Nagarkurnool,2025,4,2025-04,5540.0,270.0,5,5.0,1,1,3,4,16.382248026848238,78.59597920921627,6204.699538959476
Nagarkurnool,2025,5,2025-05,6917.0,270.0,5,5.0,1,1,3,4,16.382248026848238,78.59597920921627,6204.699538959476
Nagarkurnool,2025,6,2025-06,5121.0,270.0,5,5.0,1,1,3,4,16.382248026848238,78.59597920921627,6204.699538959476
Nagarkurnool,2025,7,2025-07,4088.0,324.0,6,5.0,1,1,3,4,16.382248026848238,78.59597920921627,6204.699538959476
Nagarkurnool,2025,8,2025-08,4911.0,324.0,6,6.0,1,1,3,4,16.382248026848238,78.59597920921627,6204.699538959476
Nagarkurnool,2025,10,2025-10,8490.0,384.0,7,6.0,1,1,3,4,16.382248026848238,78.59597920921627,6204.699538959476
Nagarkurnool,2025,11,2025-11,10693.0,384.0,7,7.0,1,1,3,4,16.382248026848238,78.59597920921627,6204.699538959476
Nagarkurnool,2025,12,2025-12,14986.0,384.0,7,7.0,1,1,3,4,16.382248026848238,78.59597920921627,6204.699538959476
Nagarkurnool,2026,1,2026-01,15285.0,512.0,9,7.0,1,1,3,4,16.382248026848238,78.59597920921627,6204.699538959476
Nagarkurnool,2026,2,2026-02,16527.0,752.0,13,10.0,1,1,4,4,16.382248026848238,78.59597920921627,6204.699538959476
Nagarkurnool,2026,3,2026-03,11307.0,752.0,13,13.0,1,1,4,4,16.382248026848238,78.59597920921627,6204.699538959476
Nagarkurnool,2026,4,2026-04,15508.0,872.0,14,13.0,1,1,4,4,16.382248026848238,78.59597920921627,6204.699538959476
Nagarkurnool,2026,5,2026-05,18761.0,872.0,14,14.0,1,1,4,4,16.382248026848238,78.59597920921627,6204.699538959476
Nagarkurnool,2026,6,2026-06,22781.0,872.0,14,14.0,1,1,4,4,16.382248026848238,78.59597920921627,6204.699538959476
Nalgonda,2021,10,2021-10,0.0,36.0,2,0.0,1,1,2,19,16.876389205766454,79.19288090910462,7203.9987651799975
Nalgonda,2021,11,2021-11,47.0,36.0,2,2.0,1,1,2,19,16.876389205766454,79.19288090910462,7203.9987651799975
Nalgonda,2021,12,2021-12,137.0,36.0,2,2.0,1,1,2,19,16.876389205766454,79.19288090910462,7203.9987651799975
Nalgonda,2022,1,2022-01,13.0,36.0,2,2.0,1,1,2,19,16.876389205766454,79.19288090910462,7203.9987651799975
Nalgonda,2022,2,2022-02,141.0,36.0,2,2.0,1,1,2,19,16.876389205766454,79.19288090910462,7203.9987651799975
Nalgonda,2022,3,2022-03,53.0,36.0,2,2.0,1,1,2,19,16.876389205766454,79.19288090910462,7203.9987651799975
Nalgonda,2022,4,2022-04,63.0,36.0,2,2.0,1,1,2,19,16.876389205766454,79.19288090910462,7203.9987651799975
Nalgonda,2022,6,2022-06,849.0,61.0,3,3.0,1,1,2,19,16.876389205766454,79.19288090910462,7203.9987651799975
Nalgonda,2022,7,2022-07,458.0,61.0,3,3.0,1,1,2,19,16.876389205766454,79.19288090910462,7203.9987651799975
Nalgonda,2022,8,2022-08,739.0,61.0,3,3.0,1,1,2,19,16.876389205766454,79.19288090910462,7203.9987651799975
Nalgonda,2022,9,2022-09,660.0,61.0,3,3.0,1,1,2,19,16.876389205766454,79.19288090910462,7203.9987651799975
Nalgonda,2022,10,2022-10,648.0,61.0,3,3.0,1,1,2,19,16.876389205766454,79.19288090910462,7203.9987651799975
Nalgonda,2022,11,2022-11,1244.0,61.0,3,3.0,1,1,2,19,16.876389205766454,79.19288090910462,7203.9987651799975
Nalgonda,2022,12,2022-12,873.0,61.0,3,3.0,1,1,2,19,16.876389205766454,79.19288090910462,7203.9987651799975
Nalgonda,2023,1,2023-01,1393.0,116.0,5,3.0,1,1,3,19,16.876389205766454,79.19288090910462,7203.9987651799975
Nalgonda,2023,2,2023-02,2027.0,116.0,5,5.0,1,1,3,19,16.876389205766454,79.19288090910462,7203.9987651799975
Nalgonda,2023,3,2023-03,695.0,116.0,5,5.0,1,1,3,19,16.876389205766454,79.19288090910462,7203.9987651799975
Nalgonda,2023,4,2023-04,1229.0,166.0,7,5.0,1,1,3,19,16.876389205766454,79.19288090910462,7203.9987651799975
Nalgonda,2023,5,2023-05,2016.0,166.0,7,7.0,1,1,3,19,16.876389205766454,79.19288090910462,7203.9987651799975
Nalgonda,2023,6,2023-06,2154.0,166.0,7,7.0,1,1,3,19,16.876389205766454,79.19288090910462,7203.9987651799975
Nalgonda,2023,7,2023-07,2252.0,166.0,7,7.0,1,1,3,19,16.876389205766454,79.19288090910462,7203.9987651799975
Nalgonda,2023,8,2023-08,837.0,171.0,7,6.0,1,1,3,19,16.876389205766454,79.19288090910462,7203.9987651799975
Nalgonda,2023,9,2023-09,2418.0,196.0,8,8.0,1,2,4,19,16.876389205766454,79.19288090910462,7203.9987651799975
Nalgonda,2023,10,2023-10,2361.0,196.0,8,8.0,1,2,4,19,16.876389205766454,79.19288090910462,7203.9987651799975
Nalgonda,2023,11,2023-11,2213.0,226.0,9,8.0,1,3,5,19,16.876389205766454,79.19288090910462,7203.9987651799975
Nalgonda,2023,12,2023-12,3140.0,226.0,9,9.0,1,3,5,19,16.876389205766454,79.19288090910462,7203.9987651799975
Nalgonda,2024,1,2024-01,3223.0,279.0,10,10.0,1,3,5,19,16.876389205766454,79.19288090910462,7203.9987651799975
Nalgonda,2024,2,2024-02,4866.0,279.0,10,10.0,1,3,5,19,16.876389205766454,79.19288090910462,7203.9987651799975
Nalgonda,2024,3,2024-03,3723.0,333.0,11,10.0,1,3,5,19,16.876389205766454,79.19288090910462,7203.9987651799975
Nalgonda,2024,4,2024-04,10648.0,333.0,11,11.0,1,3,5,19,16.876389205766454,79.19288090910462,7203.9987651799975
Nalgonda,2024,5,2024-05,7164.0,333.0,11,11.0,1,3,5,19,16.876389205766454,79.19288090910462,7203.9987651799975
Nalgonda,2024,6,2024-06,8779.0,493.0,14,11.0,1,3,5,19,16.876389205766454,79.19288090910462,7203.9987651799975
Nalgonda,2024,7,2024-07,9005.0,493.0,14,14.0,1,3,5,19,16.876389205766454,79.19288090910462,7203.9987651799975
Nalgonda,2024,8,2024-08,9414.0,493.0,14,14.0,1,3,5,19,16.876389205766454,79.19288090910462,7203.9987651799975
Nalgonda,2024,9,2024-09,13490.0,493.0,14,14.0,1,3,5,19,16.876389205766454,79.19288090910462,7203.9987651799975
Nalgonda,2024,10,2024-10,10609.0,493.0,14,14.0,1,3,5,19,16.876389205766454,79.19288090910462,7203.9987651799975
Nalgonda,2024,11,2024-11,12407.0,493.0,14,14.0,1,3,5,19,16.876389205766454,79.19288090910462,7203.9987651799975
Nalgonda,2024,12,2024-12,12997.0,601.0,16,14.0,1,3,5,19,16.876389205766454,79.19288090910462,7203.9987651799975
Nalgonda,2025,1,2025-01,18073.0,601.0,16,16.0,1,3,5,19,16.876389205766454,79.19288090910462,7203.9987651799975
Nalgonda,2025,2,2025-02,19403.0,601.0,16,16.0,1,3,5,19,16.876389205766454,79.19288090910462,7203.9987651799975
Nalgonda,2025,3,2025-03,17864.0,601.0,16,16.0,1,3,5,19,16.876389205766454,79.19288090910462,7203.9987651799975
Nalgonda,2025,4,2025-04,15219.0,817.0,20,16.0,1,3,6,19,16.876389205766454,79.19288090910462,7203.9987651799975
Nalgonda,2025,5,2025-05,20144.0,1141.0,26,23.0,1,3,8,19,16.876389205766454,79.19288090910462,7203.9987651799975
Nalgonda,2025,6,2025-06,24231.0,1267.0,28,26.0,1,3,8,19,16.876389205766454,79.19288090910462,7203.9987651799975
Nalgonda,2025,7,2025-07,21847.0,1645.0,35,28.0,1,3,8,19,16.876389205766454,79.19288090910462,7203.9987651799975
Nalgonda,2025,8,2025-08,22922.0,1699.0,36,36.0,1,3,8,19,16.876389205766454,79.19288090910462,7203.9987651799975
Nalgonda,2025,10,2025-10,17282.0,1738.0,36,36.0,1,3,8,19,16.876389205766454,79.19288090910462,7203.9987651799975
Nalgonda,2025,11,2025-11,23469.0,1738.0,36,36.0,1,3,8,19,16.876389205766454,79.19288090910462,7203.9987651799975
Nalgonda,2025,12,2025-12,26587.0,1738.0,36,36.0,1,3,8,19,16.876389205766454,79.19288090910462,7203.9987651799975
Nalgonda,2026,1,2026-01,33617.0,1960.0,40,36.0,1,3,8,19,16.876389205766454,79.19288090910462,7203.9987651799975
Nalgonda,2026,2,2026-02,39464.0,2176.0,44,40.0,1,3,8,19,16.876389205766454,79.19288090910462,7203.9987651799975
Nalgonda,2026,3,2026-03,31552.0,2176.0,44,44.0,1,3,8,19,16.876389205766454,79.19288090910462,7203.9987651799975
Nalgonda,2026,4,2026-04,42791.0,2326.0,45,45.0,1,3,8,19,16.876389205766454,79.19288090910462,7203.9987651799975
Nalgonda,2026,5,2026-05,87055.0,2326.0,45,45.0,1,3,8,19,16.876389205766454,79.19288090910462,7203.9987651799975
Nalgonda,2026,6,2026-06,63654.0,2332.0,45,45.0,1,3,8,19,16.876389205766454,79.19288090910462,7203.9987651799975
Nirmal,2023,1,2023-01,522.0,45.0,1,1.0,1,1,1,1,19.11339092477979,78.31465969496338,3719.193060374223
Nirmal,2023,2,2023-02,381.0,45.0,1,1.0,1,1,1,1,19.11339092477979,78.31465969496338,3719.193060374223
Nirmal,2023,3,2023-03,638.0,45.0,1,1.0,1,1,1,1,19.11339092477979,78.31465969496338,3719.193060374223
Nirmal,2023,4,2023-04,346.0,45.0,1,1.0,1,1,1,1,19.11339092477979,78.31465969496338,3719.193060374223
Nirmal,2023,5,2023-05,611.0,45.0,1,1.0,1,1,1,1,19.11339092477979,78.31465969496338,3719.193060374223
Nirmal,2023,6,2023-06,844.0,45.0,1,1.0,1,1,1,1,19.11339092477979,78.31465969496338,3719.193060374223
Nirmal,2023,7,2023-07,808.0,45.0,1,1.0,1,1,1,1,19.11339092477979,78.31465969496338,3719.193060374223
Nirmal,2023,8,2023-08,616.0,45.0,1,1.0,1,1,1,1,19.11339092477979,78.31465969496338,3719.193060374223
Nirmal,2023,9,2023-09,978.0,45.0,1,1.0,1,1,1,1,19.11339092477979,78.31465969496338,3719.193060374223
Nirmal,2023,10,2023-10,364.0,45.0,1,1.0,1,1,1,1,19.11339092477979,78.31465969496338,3719.193060374223
Nirmal,2023,11,2023-11,948.0,45.0,1,1.0,1,1,1,1,19.11339092477979,78.31465969496338,3719.193060374223
Nirmal,2023,12,2023-12,728.0,45.0,1,1.0,1,1,1,1,19.11339092477979,78.31465969496338,3719.193060374223
Nirmal,2024,1,2024-01,1041.0,45.0,1,1.0,1,1,1,1,19.11339092477979,78.31465969496338,3719.193060374223
Nirmal,2024,2,2024-02,656.0,45.0,1,1.0,1,1,1,1,19.11339092477979,78.31465969496338,3719.193060374223
Nirmal,2024,3,2024-03,573.0,45.0,1,1.0,1,1,1,1,19.11339092477979,78.31465969496338,3719.193060374223
Nirmal,2024,4,2024-04,887.0,45.0,1,1.0,1,1,1,1,19.11339092477979,78.31465969496338,3719.193060374223
Nirmal,2024,5,2024-05,1173.0,45.0,1,1.0,1,1,1,1,19.11339092477979,78.31465969496338,3719.193060374223
Nirmal,2024,7,2024-07,965.0,45.0,1,1.0,1,1,1,1,19.11339092477979,78.31465969496338,3719.193060374223
Nirmal,2024,8,2024-08,513.0,45.0,1,1.0,1,1,1,1,19.11339092477979,78.31465969496338,3719.193060374223
Nirmal,2024,9,2024-09,794.0,45.0,1,1.0,1,1,1,1,19.11339092477979,78.31465969496338,3719.193060374223
Nirmal,2024,10,2024-10,468.0,45.0,1,1.0,1,1,1,1,19.11339092477979,78.31465969496338,3719.193060374223
Nirmal,2024,11,2024-11,822.0,45.0,1,1.0,1,1,1,1,19.11339092477979,78.31465969496338,3719.193060374223
Nirmal,2024,12,2024-12,912.0,45.0,1,1.0,1,1,1,1,19.11339092477979,78.31465969496338,3719.193060374223
Nirmal,2025,1,2025-01,1024.0,45.0,1,1.0,1,1,1,1,19.11339092477979,78.31465969496338,3719.193060374223
Nirmal,2025,2,2025-02,1356.0,45.0,1,1.0,1,1,1,1,19.11339092477979,78.31465969496338,3719.193060374223
Nirmal,2025,3,2025-03,1283.0,95.054,3,1.0,1,2,3,1,19.11339092477979,78.31465969496338,3719.193060374223
Nirmal,2025,4,2025-04,1434.0,295.054,7,5.0,1,2,5,1,19.11339092477979,78.31465969496338,3719.193060374223
Nirmal,2025,5,2025-05,1852.0,295.054,7,7.0,1,2,5,1,19.11339092477979,78.31465969496338,3719.193060374223
Nirmal,2025,6,2025-06,1765.0,295.054,7,7.0,1,2,5,1,19.11339092477979,78.31465969496338,3719.193060374223
Nirmal,2025,7,2025-07,1286.0,349.054,8,7.0,1,2,5,1,19.11339092477979,78.31465969496338,3719.193060374223
Nirmal,2025,8,2025-08,2155.0,349.054,8,8.0,1,2,5,1,19.11339092477979,78.31465969496338,3719.193060374223
Nirmal,2025,9,2025-09,2201.0,349.054,8,8.0,1,2,5,1,19.11339092477979,78.31465969496338,3719.193060374223
Nirmal,2025,10,2025-10,3243.0,349.054,8,8.0,1,2,5,1,19.11339092477979,78.31465969496338,3719.193060374223
Nirmal,2025,11,2025-11,3694.0,349.054,8,8.0,1,2,5,1,19.11339092477979,78.31465969496338,3719.193060374223
Nirmal,2025,12,2025-12,3987.0,469.054,9,8.0,1,2,5,1,19.11339092477979,78.31465969496338,3719.193060374223
Nirmal,2026,1,2026-01,6427.0,589.054,10,10.0,1,2,5,1,19.11339092477979,78.31465969496338,3719.193060374223
Nirmal,2026,2,2026-02,6906.0,709.054,11,11.0,1,2,5,1,19.11339092477979,78.31465969496338,3719.193060374223
Nirmal,2026,3,2026-03,5384.0,709.054,11,11.0,1,2,5,1,19.11339092477979,78.31465969496338,3719.193060374223
Nirmal,2026,4,2026-04,5843.0,709.054,11,11.0,1,2,5,1,19.11339092477979,78.31465969496338,3719.193060374223
Nirmal,2026,5,2026-05,7679.0,709.054,11,11.0,1,2,5,1,19.11339092477979,78.31465969496338,3719.193060374223
Nirmal,2026,6,2026-06,12848.0,709.054,11,11.0,1,2,5,1,19.11339092477979,78.31465969496338,3719.193060374223
Nizamabad,2023,1,2023-01,354.0,30075.0,3,2.0,1,2,2,10,18.701624341558382,78.21123096498536,4216.8054981347295
Nizamabad,2023,2,2023-02,483.0,75.0,2,2.0,1,2,2,10,18.701624341558382,78.21123096498536,4216.8054981347295
Nizamabad,2023,3,2023-03,286.0,75.0,2,2.0,1,2,2,10,18.701624341558382,78.21123096498536,4216.8054981347295
Nizamabad,2023,4,2023-04,919.0,75.0,2,2.0,1,2,2,10,18.701624341558382,78.21123096498536,4216.8054981347295
Nizamabad,2023,5,2023-05,702.0,75.0,2,2.0,1,2,2,10,18.701624341558382,78.21123096498536,4216.8054981347295
Nizamabad,2023,6,2023-06,1131.0,75.0,2,2.0,1,2,2,10,18.701624341558382,78.21123096498536,4216.8054981347295
Nizamabad,2023,7,2023-07,1682.0,75.0,2,2.0,1,2,2,10,18.701624341558382,78.21123096498536,4216.8054981347295
Nizamabad,2023,8,2023-08,1312.0,75.0,2,2.0,1,2,2,10,18.701624341558382,78.21123096498536,4216.8054981347295
Nizamabad,2023,9,2023-09,1730.0,75.0,2,2.0,1,2,2,10,18.701624341558382,78.21123096498536,4216.8054981347295
Nizamabad,2023,10,2023-10,1730.0,105.0,3,2.0,1,3,3,10,18.701624341558382,78.21123096498536,4216.8054981347295
Nizamabad,2023,11,2023-11,1802.0,135.0,4,3.0,1,3,4,10,18.701624341558382,78.21123096498536,4216.8054981347295
Nizamabad,2023,12,2023-12,1517.0,135.0,4,4.0,1,3,4,10,18.701624341558382,78.21123096498536,4216.8054981347295
Nizamabad,2024,1,2024-01,1782.0,189.0,5,4.0,1,3,4,10,18.701624341558382,78.21123096498536,4216.8054981347295
Nizamabad,2024,2,2024-02,2005.0,189.0,5,5.0,1,3,4,10,18.701624341558382,78.21123096498536,4216.8054981347295
Nizamabad,2024,3,2024-03,2200.0,189.0,5,5.0,1,3,4,10,18.701624341558382,78.21123096498536,4216.8054981347295
Nizamabad,2024,4,2024-04,2608.0,189.0,5,5.0,1,3,4,10,18.701624341558382,78.21123096498536,4216.8054981347295
Nizamabad,2024,5,2024-05,3562.0,189.0,5,5.0,1,3,4,10,18.701624341558382,78.21123096498536,4216.8054981347295
Nizamabad,2024,6,2024-06,2767.0,189.0,5,5.0,1,3,4,10,18.701624341558382,78.21123096498536,4216.8054981347295
Nizamabad,2024,7,2024-07,3380.0,189.0,5,5.0,1,3,4,10,18.701624341558382,78.21123096498536,4216.8054981347295
Nizamabad,2024,8,2024-08,2562.0,189.0,5,5.0,1,3,4,10,18.701624341558382,78.21123096498536,4216.8054981347295
Nizamabad,2024,9,2024-09,2026.0,189.0,5,5.0,1,3,4,10,18.701624341558382,78.21123096498536,4216.8054981347295
Nizamabad,2024,10,2024-10,2520.0,189.0,5,5.0,1,3,4,10,18.701624341558382,78.21123096498536,4216.8054981347295
Nizamabad,2024,11,2024-11,11557.0,239.0,6,6.0,1,4,5,10,18.701624341558382,78.21123096498536,4216.8054981347295
Nizamabad,2024,12,2024-12,6500.0,239.0,6,6.0,1,4,5,10,18.701624341558382,78.21123096498536,4216.8054981347295
Nizamabad,2025,1,2025-01,6472.0,389.0,9,6.0,1,4,6,10,18.701624341558382,78.21123096498536,4216.8054981347295
Nizamabad,2025,2,2025-02,8335.0,439.0,10,9.0,1,4,6,10,18.701624341558382,78.21123096498536,4216.8054981347295
Nizamabad,2025,3,2025-03,9974.0,594.0,13,11.0,1,4,7,10,18.701624341558382,78.21123096498536,4216.8054981347295
Nizamabad,2025,4,2025-04,8439.0,744.108,18,15.0,1,4,9,10,18.701624341558382,78.21123096498536,4216.8054981347295
Nizamabad,2025,5,2025-05,10352.0,844.108,20,18.0,1,4,9,10,18.701624341558382,78.21123096498536,4216.8054981347295
Nizamabad,2025,6,2025-06,15692.0,844.162,21,20.0,1,4,9,10,18.701624341558382,78.21123096498536,4216.8054981347295
Nizamabad,2025,7,2025-07,10768.0,948.324,26,21.0,1,4,11,10,18.701624341558382,78.21123096498536,4216.8054981347295
Nizamabad,2025,8,2025-08,26004.0,1056.216,26,26.0,1,4,11,10,18.701624341558382,78.21123096498536,4216.8054981347295
Nizamabad,2025,9,2025-09,19062.0,1142.216,28,26.0,1,4,11,10,18.701624341558382,78.21123096498536,4216.8054981347295
Nizamabad,2025,10,2025-10,17897.0,1142.216,28,28.0,1,4,11,10,18.701624341558382,78.21123096498536,4216.8054981347295
Nizamabad,2025,11,2025-11,21081.0,1250.108,28,28.0,1,4,11,10,18.701624341558382,78.21123096498536,4216.8054981347295
Nizamabad,2025,12,2025-12,23708.0,1300.054,28,28.0,1,4,11,10,18.701624341558382,78.21123096498536,4216.8054981347295
Nizamabad,2026,1,2026-01,46370.0,1532.054,31,30.0,1,4,12,10,18.701624341558382,78.21123096498536,4216.8054981347295
Nizamabad,2026,2,2026-02,30841.0,1588.054,32,31.0,1,4,12,10,18.701624341558382,78.21123096498536,4216.8054981347295
Nizamabad,2026,3,2026-03,34343.0,1588.054,32,32.0,1,4,12,10,18.701624341558382,78.21123096498536,4216.8054981347295
Nizamabad,2026,4,2026-04,23204.0,1642.0,32,32.0,1,4,12,10,18.701624341558382,78.21123096498536,4216.8054981347295
Nizamabad,2026,5,2026-05,30044.0,1642.0,32,32.0,1,4,12,10,18.701624341558382,78.21123096498536,4216.8054981347295
Nizamabad,2026,6,2026-06,31542.0,1882.0,34,32.0,1,4,13,10,18.701624341558382,78.21123096498536,4216.8054981347295
Peddapalli,2023,1,2023-01,284.0,90.0,3,3.0,1,2,3,3,18.620166559696884,79.4536806438775,2193.575419134703
Peddapalli,2023,2,2023-02,403.0,90.0,3,3.0,1,2,3,3,18.620166559696884,79.4536806438775,2193.575419134703
Peddapalli,2023,3,2023-03,332.0,90.0,3,3.0,1,2,3,3,18.620166559696884,79.4536806438775,2193.575419134703
Peddapalli,2023,4,2023-04,478.0,90.0,3,3.0,1,2,3,3,18.620166559696884,79.4536806438775,2193.575419134703
Peddapalli,2023,5,2023-05,551.0,90.0,3,3.0,1,2,3,3,18.620166559696884,79.4536806438775,2193.575419134703
Peddapalli,2023,6,2023-06,606.0,90.0,3,3.0,1,2,3,3,18.620166559696884,79.4536806438775,2193.575419134703
Peddapalli,2023,7,2023-07,160.0,90.0,3,3.0,1,2,3,3,18.620166559696884,79.4536806438775,2193.575419134703
Peddapalli,2023,8,2023-08,475.0,90.0,3,3.0,1,2,3,3,18.620166559696884,79.4536806438775,2193.575419134703
Peddapalli,2023,9,2023-09,464.0,90.0,3,3.0,1,2,3,3,18.620166559696884,79.4536806438775,2193.575419134703
Peddapalli,2023,10,2023-10,424.0,90.0,3,3.0,1,2,3,3,18.620166559696884,79.4536806438775,2193.575419134703
Peddapalli,2023,11,2023-11,1078.0,90.0,3,3.0,1,2,3,3,18.620166559696884,79.4536806438775,2193.575419134703
Peddapalli,2023,12,2023-12,684.0,90.0,3,3.0,1,2,3,3,18.620166559696884,79.4536806438775,2193.575419134703
Peddapalli,2024,1,2024-01,731.0,90.0,3,3.0,1,2,3,3,18.620166559696884,79.4536806438775,2193.575419134703
Peddapalli,2024,2,2024-02,838.0,90.0,3,3.0,1,2,3,3,18.620166559696884,79.4536806438775,2193.575419134703
Peddapalli,2024,3,2024-03,794.0,90.0,3,3.0,1,2,3,3,18.620166559696884,79.4536806438775,2193.575419134703
Peddapalli,2024,4,2024-04,578.0,90.0,3,3.0,1,2,3,3,18.620166559696884,79.4536806438775,2193.575419134703
Peddapalli,2024,5,2024-05,816.0,90.0,3,3.0,1,2,3,3,18.620166559696884,79.4536806438775,2193.575419134703
Peddapalli,2024,7,2024-07,641.0,90.0,3,3.0,1,2,3,3,18.620166559696884,79.4536806438775,2193.575419134703
Peddapalli,2024,8,2024-08,580.0,90.0,3,3.0,1,2,3,3,18.620166559696884,79.4536806438775,2193.575419134703
Peddapalli,2024,9,2024-09,903.0,90.0,3,3.0,1,2,3,3,18.620166559696884,79.4536806438775,2193.575419134703
Peddapalli,2024,10,2024-10,631.0,90.0,3,3.0,1,2,3,3,18.620166559696884,79.4536806438775,2193.575419134703
Peddapalli,2024,11,2024-11,1201.0,90.0,3,3.0,1,2,3,3,18.620166559696884,79.4536806438775,2193.575419134703
Peddapalli,2024,12,2024-12,534.0,90.0,3,3.0,1,2,3,3,18.620166559696884,79.4536806438775,2193.575419134703
Peddapalli,2025,1,2025-01,1500.0,90.0,3,3.0,1,2,3,3,18.620166559696884,79.4536806438775,2193.575419134703
Peddapalli,2025,2,2025-02,1529.0,90.0,3,3.0,1,2,3,3,18.620166559696884,79.4536806438775,2193.575419134703
Peddapalli,2025,3,2025-03,2667.0,140.0,4,3.0,1,2,4,3,18.620166559696884,79.4536806438775,2193.575419134703
Peddapalli,2025,4,2025-04,1937.0,140.0,4,4.0,1,2,4,3,18.620166559696884,79.4536806438775,2193.575419134703
Peddapalli,2025,5,2025-05,1616.0,190.0,5,4.0,1,2,4,3,18.620166559696884,79.4536806438775,2193.575419134703
Peddapalli,2025,6,2025-06,2618.0,190.0,5,5.0,1,2,4,3,18.620166559696884,79.4536806438775,2193.575419134703
Peddapalli,2025,7,2025-07,2761.0,244.0,6,5.0,1,2,4,3,18.620166559696884,79.4536806438775,2193.575419134703
Peddapalli,2025,8,2025-08,2982.0,244.0,6,6.0,1,2,4,3,18.620166559696884,79.4536806438775,2193.575419134703
Peddapalli,2025,9,2025-09,2679.0,244.0,6,6.0,1,2,4,3,18.620166559696884,79.4536806438775,2193.575419134703
Peddapalli,2025,10,2025-10,3468.0,244.0,6,6.0,1,2,4,3,18.620166559696884,79.4536806438775,2193.575419134703
Peddapalli,2025,11,2025-11,3505.0,412.0,9,6.0,1,2,5,3,18.620166559696884,79.4536806438775,2193.575419134703
Peddapalli,2025,12,2025-12,3567.0,498.0,11,10.0,1,2,6,3,18.620166559696884,79.4536806438775,2193.575419134703
Peddapalli,2026,1,2026-01,3398.0,498.0,11,11.0,1,2,6,3,18.620166559696884,79.4536806438775,2193.575419134703
Peddapalli,2026,2,2026-02,3964.0,498.0,11,11.0,1,2,6,3,18.620166559696884,79.4536806438775,2193.575419134703
Peddapalli,2026,3,2026-03,3868.0,528.0,12,11.0,1,2,6,3,18.620166559696884,79.4536806438775,2193.575419134703
Peddapalli,2026,4,2026-04,5821.0,528.0,12,12.0,1,2,6,3,18.620166559696884,79.4536806438775,2193.575419134703
Peddapalli,2026,5,2026-05,8227.0,528.0,12,12.0,1,2,6,3,18.620166559696884,79.4536806438775,2193.575419134703
Peddapalli,2026,6,2026-06,8405.0,528.0,12,12.0,1,2,6,3,18.620166559696884,79.4536806438775,2193.575419134703
Rajanna Sircilla,2026,4,2026-04,2587.0,80.0,2,2.0,1,1,2,2,18.414077116741232,78.76343751929087,1809.3938935220497
Rajanna Sircilla,2026,5,2026-05,1745.0,80.0,2,2.0,1,1,2,2,18.414077116741232,78.76343751929087,1809.3938935220497
Rajanna Sircilla,2026,6,2026-06,3327.0,80.0,2,2.0,1,1,2,2,18.414077116741232,78.76343751929087,1809.3938935220497
Ranga Reddy,2021,6,2021-06,177.0,155.0,8,8.0,2,5,7,129,17.13094792118452,78.41255276864116,5002.066948810028
Ranga Reddy,2021,7,2021-07,429.0,155.0,8,8.0,2,5,7,129,17.13094792118452,78.41255276864116,5002.066948810028
Ranga Reddy,2021,8,2021-08,239.0,178.0,10,8.0,2,5,7,129,17.13094792118452,78.41255276864116,5002.066948810028
Ranga Reddy,2021,9,2021-09,2321.0,183.0,11,10.0,2,5,7,129,17.13094792118452,78.41255276864116,5002.066948810028
Ranga Reddy,2021,10,2021-10,3439.0,183.0,11,11.0,2,5,7,129,17.13094792118452,78.41255276864116,5002.066948810028
Ranga Reddy,2021,11,2021-11,6548.0,188.0,12,11.0,2,5,7,129,17.13094792118452,78.41255276864116,5002.066948810028
Ranga Reddy,2021,12,2021-12,7261.0,188.0,12,12.0,2,5,7,129,17.13094792118452,78.41255276864116,5002.066948810028
Ranga Reddy,2022,1,2022-01,8208.0,188.0,12,12.0,2,5,7,129,17.13094792118452,78.41255276864116,5002.066948810028
Ranga Reddy,2022,2,2022-02,8108.0,188.0,12,12.0,2,5,7,129,17.13094792118452,78.41255276864116,5002.066948810028
Ranga Reddy,2022,3,2022-03,8372.0,188.0,12,12.0,2,5,7,129,17.13094792118452,78.41255276864116,5002.066948810028
Ranga Reddy,2022,4,2022-04,9589.0,188.0,12,12.0,2,5,7,129,17.13094792118452,78.41255276864116,5002.066948810028
Ranga Reddy,2022,6,2022-06,8014.0,223.0,14,13.0,2,5,7,129,17.13094792118452,78.41255276864116,5002.066948810028
Ranga Reddy,2022,7,2022-07,8451.0,223.0,14,14.0,2,5,7,129,17.13094792118452,78.41255276864116,5002.066948810028
Ranga Reddy,2022,8,2022-08,8185.0,223.0,14,14.0,2,5,7,129,17.13094792118452,78.41255276864116,5002.066948810028
Ranga Reddy,2022,9,2022-09,10776.0,223.0,14,14.0,2,5,7,129,17.13094792118452,78.41255276864116,5002.066948810028
Ranga Reddy,2022,10,2022-10,13107.0,228.0,15,14.0,2,5,7,129,17.13094792118452,78.41255276864116,5002.066948810028
Ranga Reddy,2022,11,2022-11,11738.0,228.0,15,15.0,2,5,7,129,17.13094792118452,78.41255276864116,5002.066948810028
Ranga Reddy,2022,12,2022-12,14553.0,240.0,16,15.0,2,5,8,129,17.13094792118452,78.41255276864116,5002.066948810028
Ranga Reddy,2023,1,2023-01,13869.0,258.0,18,16.0,2,5,8,129,17.13094792118452,78.41255276864116,5002.066948810028
Ranga Reddy,2023,2,2023-02,14547.0,264.0,17,16.0,2,5,8,129,17.13094792118452,78.41255276864116,5002.066948810028
Ranga Reddy,2023,3,2023-03,16479.0,388.0,19,17.0,2,5,8,129,17.13094792118452,78.41255276864116,5002.066948810028
Ranga Reddy,2023,4,2023-04,15990.0,388.0,19,18.0,2,5,8,129,17.13094792118452,78.41255276864116,5002.066948810028
Ranga Reddy,2023,5,2023-05,20121.0,514.0,23,19.0,2,5,8,129,17.13094792118452,78.41255276864116,5002.066948810028
Ranga Reddy,2023,6,2023-06,23513.0,534.0,25,23.0,2,5,9,129,17.13094792118452,78.41255276864116,5002.066948810028
Ranga Reddy,2023,7,2023-07,20892.0,564.0,26,24.0,2,5,9,129,17.13094792118452,78.41255276864116,5002.066948810028
Ranga Reddy,2023,8,2023-08,39849.0,725.0,29,27.0,2,5,9,129,17.13094792118452,78.41255276864116,5002.066948810028
Ranga Reddy,2023,9,2023-09,36920.0,779.0,30,28.0,2,5,9,129,17.13094792118452,78.41255276864116,5002.066948810028
Ranga Reddy,2023,10,2023-10,35837.0,873.0,32,29.0,2,5,10,129,17.13094792118452,78.41255276864116,5002.066948810028
Ranga Reddy,2023,11,2023-11,40915.0,881.0,33,31.0,2,5,11,129,17.13094792118452,78.41255276864116,5002.066948810028
Ranga Reddy,2023,12,2023-12,48464.0,965.0,35,32.0,2,5,11,129,17.13094792118452,78.41255276864116,5002.066948810028
Ranga Reddy,2024,1,2024-01,45119.0,965.0,35,33.0,2,5,11,129,17.13094792118452,78.41255276864116,5002.066948810028
Ranga Reddy,2024,2,2024-02,48886.0,1100.0,37,36.0,2,5,11,129,17.13094792118452,78.41255276864116,5002.066948810028
Ranga Reddy,2024,3,2024-03,52234.0,1172.0,39,37.0,2,6,12,129,17.13094792118452,78.41255276864116,5002.066948810028
Ranga Reddy,2024,4,2024-04,54691.0,1226.0,40,40.0,2,6,12,129,17.13094792118452,78.41255276864116,5002.066948810028
Ranga Reddy,2024,5,2024-05,59240.0,1321.0,41,40.0,2,6,12,129,17.13094792118452,78.41255276864116,5002.066948810028
Ranga Reddy,2024,6,2024-06,64671.0,1321.0,41,41.0,2,6,12,129,17.13094792118452,78.41255276864116,5002.066948810028
Ranga Reddy,2024,7,2024-07,62999.0,1375.0,42,41.0,2,6,12,129,17.13094792118452,78.41255276864116,5002.066948810028
Ranga Reddy,2024,8,2024-08,66475.0,1429.0,43,43.0,2,6,12,129,17.13094792118452,78.41255276864116,5002.066948810028
Ranga Reddy,2024,9,2024-09,76588.0,1699.0,48,46.0,2,6,12,129,17.13094792118452,78.41255276864116,5002.066948810028
Ranga Reddy,2024,10,2024-10,63995.0,1783.0,49,48.0,2,6,12,129,17.13094792118452,78.41255276864116,5002.066948810028
Ranga Reddy,2024,11,2024-11,80025.0,1783.0,49,48.0,2,6,12,129,17.13094792118452,78.41255276864116,5002.066948810028
Ranga Reddy,2024,12,2024-12,64554.0,1778.0,48,48.0,2,6,12,129,17.13094792118452,78.41255276864116,5002.066948810028
Ranga Reddy,2025,1,2025-01,77310.0,1936.0,51,48.0,2,6,12,129,17.13094792118452,78.41255276864116,5002.066948810028
Ranga Reddy,2025,2,2025-02,83276.0,2059.0,54,51.0,2,6,12,129,17.13094792118452,78.41255276864116,5002.066948810028
Ranga Reddy,2025,3,2025-03,91044.0,2383.0,60,54.0,2,6,12,129,17.13094792118452,78.41255276864116,5002.066948810028
Ranga Reddy,2025,4,2025-04,115344.0,3139.0,74,67.0,2,6,13,129,17.13094792118452,78.41255276864116,5002.066948810028
Ranga Reddy,2025,5,2025-05,146118.0,3624.0,83,76.0,2,6,14,129,17.13094792118452,78.41255276864116,5002.066948810028
Ranga Reddy,2025,6,2025-06,149844.0,3947.0,89,86.0,2,6,14,129,17.13094792118452,78.41255276864116,5002.066948810028
Ranga Reddy,2025,7,2025-07,144038.0,4055.0,91,89.0,2,6,14,129,17.13094792118452,78.41255276864116,5002.066948810028
Ranga Reddy,2025,8,2025-08,165386.0,4270.0,95,93.0,2,6,14,129,17.13094792118452,78.41255276864116,5002.066948810028
Ranga Reddy,2025,10,2025-10,182121.0,4507.0,99,98.0,2,6,14,129,17.13094792118452,78.41255276864116,5002.066948810028
Ranga Reddy,2025,11,2025-11,183952.0,4624.0,102,99.0,2,6,14,129,17.13094792118452,78.41255276864116,5002.066948810028
Ranga Reddy,2025,12,2025-12,202498.0,4886.0,105,102.0,2,6,14,129,17.13094792118452,78.41255276864116,5002.066948810028
Ranga Reddy,2026,1,2026-01,230785.0,5048.0,108,106.0,2,6,14,129,17.13094792118452,78.41255276864116,5002.066948810028
Ranga Reddy,2026,2,2026-02,234759.0,5324.0,113,107.0,2,6,14,129,17.13094792118452,78.41255276864116,5002.066948810028
Ranga Reddy,2026,3,2026-03,237376.0,5407.0,115,113.0,2,6,14,129,17.13094792118452,78.41255276864116,5002.066948810028
Ranga Reddy,2026,4,2026-04,305496.0,5402.0,114,114.0,2,6,14,129,17.13094792118452,78.41255276864116,5002.066948810028
Ranga Reddy,2026,5,2026-05,360729.0,5444.0,114,113.0,2,6,14,129,17.13094792118452,78.41255276864116,5002.066948810028
Ranga Reddy,2026,6,2026-06,387272.0,5606.0,117,114.0,2,6,14,129,17.13094792118452,78.41255276864116,5002.066948810028
Sangareddy,2021,7,2021-07,9.0,22.0,1,1.0,1,1,1,18,17.785308465824144,77.87426478490553,4460.5550039511645
Sangareddy,2021,8,2021-08,22.0,22.0,1,1.0,1,1,1,18,17.785308465824144,77.87426478490553,4460.5550039511645
Sangareddy,2021,9,2021-09,26.0,22.0,1,1.0,1,1,1,18,17.785308465824144,77.87426478490553,4460.5550039511645
Sangareddy,2021,10,2021-10,23.0,22.0,1,1.0,1,1,1,18,17.785308465824144,77.87426478490553,4460.5550039511645
Sangareddy,2021,11,2021-11,29.0,22.0,1,1.0,1,1,1,18,17.785308465824144,77.87426478490553,4460.5550039511645
Sangareddy,2021,12,2021-12,24.0,22.0,1,1.0,1,1,1,18,17.785308465824144,77.87426478490553,4460.5550039511645
Sangareddy,2022,1,2022-01,24.0,22.0,1,1.0,1,1,1,18,17.785308465824144,77.87426478490553,4460.5550039511645
Sangareddy,2022,2,2022-02,24.0,22.0,1,1.0,1,1,1,18,17.785308465824144,77.87426478490553,4460.5550039511645
Sangareddy,2022,3,2022-03,44.0,22.0,1,1.0,1,1,1,18,17.785308465824144,77.87426478490553,4460.5550039511645
Sangareddy,2022,4,2022-04,42.0,22.0,1,1.0,1,1,1,18,17.785308465824144,77.87426478490553,4460.5550039511645
Sangareddy,2022,6,2022-06,38.0,22.0,1,1.0,1,1,1,18,17.785308465824144,77.87426478490553,4460.5550039511645
Sangareddy,2022,7,2022-07,36.0,22.0,1,1.0,1,1,1,18,17.785308465824144,77.87426478490553,4460.5550039511645
Sangareddy,2022,8,2022-08,22.0,22.0,1,1.0,1,1,1,18,17.785308465824144,77.87426478490553,4460.5550039511645
Sangareddy,2022,9,2022-09,8.0,22.0,1,1.0,1,1,1,18,17.785308465824144,77.87426478490553,4460.5550039511645
Sangareddy,2022,10,2022-10,5.0,22.0,1,1.0,1,1,1,18,17.785308465824144,77.87426478490553,4460.5550039511645
Sangareddy,2022,11,2022-11,6.0,52.0,2,1.0,1,2,2,18,17.785308465824144,77.87426478490553,4460.5550039511645
Sangareddy,2022,12,2022-12,123.0,52.0,2,2.0,1,2,2,18,17.785308465824144,77.87426478490553,4460.5550039511645
Sangareddy,2023,1,2023-01,69.0,52.0,2,2.0,1,2,2,18,17.785308465824144,77.87426478490553,4460.5550039511645
Sangareddy,2023,2,2023-02,29.0,82.0,3,2.0,1,2,3,18,17.785308465824144,77.87426478490553,4460.5550039511645
Sangareddy,2023,3,2023-03,146.0,197.0,7,3.0,1,3,5,18,17.785308465824144,77.87426478490553,4460.5550039511645
Sangareddy,2023,4,2023-04,1937.0,257.0,9,7.0,1,3,6,18,17.785308465824144,77.87426478490553,4460.5550039511645
Sangareddy,2023,5,2023-05,4525.0,287.0,10,10.0,1,3,6,18,17.785308465824144,77.87426478490553,4460.5550039511645
Sangareddy,2023,6,2023-06,3779.0,349.0,13,10.0,1,3,6,18,17.785308465824144,77.87426478490553,4460.5550039511645
Sangareddy,2023,7,2023-07,7571.0,403.0,14,13.0,1,3,6,18,17.785308465824144,77.87426478490553,4460.5550039511645
Sangareddy,2023,8,2023-08,11829.0,457.0,15,14.0,1,4,7,18,17.785308465824144,77.87426478490553,4460.5550039511645
Sangareddy,2023,9,2023-09,8358.0,482.0,16,16.0,1,4,7,18,17.785308465824144,77.87426478490553,4460.5550039511645
Sangareddy,2023,10,2023-10,8239.0,482.0,16,16.0,1,4,7,18,17.785308465824144,77.87426478490553,4460.5550039511645
Sangareddy,2023,11,2023-11,10701.0,482.0,16,16.0,1,4,7,18,17.785308465824144,77.87426478490553,4460.5550039511645
Sangareddy,2023,12,2023-12,19030.0,536.0,17,16.0,1,4,7,18,17.785308465824144,77.87426478490553,4460.5550039511645
Sangareddy,2024,1,2024-01,17757.0,536.0,17,17.0,1,4,7,18,17.785308465824144,77.87426478490553,4460.5550039511645
Sangareddy,2024,2,2024-02,14701.0,542.0,17,17.0,1,4,7,18,17.785308465824144,77.87426478490553,4460.5550039511645
Sangareddy,2024,3,2024-03,19072.0,545.0,18,17.0,1,4,7,18,17.785308465824144,77.87426478490553,4460.5550039511645
Sangareddy,2024,4,2024-04,15458.0,599.0,19,17.0,1,4,7,18,17.785308465824144,77.87426478490553,4460.5550039511645
Sangareddy,2024,5,2024-05,20989.0,599.0,19,18.0,1,4,7,18,17.785308465824144,77.87426478490553,4460.5550039511645
Sangareddy,2024,6,2024-06,26057.0,620.0,19,18.0,1,4,7,18,17.785308465824144,77.87426478490553,4460.5550039511645
Sangareddy,2024,7,2024-07,20136.0,620.0,19,18.0,1,4,7,18,17.785308465824144,77.87426478490553,4460.5550039511645
Sangareddy,2024,8,2024-08,24400.0,620.0,19,18.0,1,4,7,18,17.785308465824144,77.87426478490553,4460.5550039511645
Sangareddy,2024,9,2024-09,8318.0,620.0,19,18.0,1,4,7,18,17.785308465824144,77.87426478490553,4460.5550039511645
Sangareddy,2024,10,2024-10,7397.0,620.0,19,18.0,1,4,7,18,17.785308465824144,77.87426478490553,4460.5550039511645
Sangareddy,2024,11,2024-11,14372.0,620.0,19,18.0,1,4,7,18,17.785308465824144,77.87426478490553,4460.5550039511645
Sangareddy,2024,12,2024-12,15717.0,620.0,19,18.0,1,4,7,18,17.785308465824144,77.87426478490553,4460.5550039511645
Sangareddy,2025,1,2025-01,16157.0,674.0,20,19.0,1,4,7,18,17.785308465824144,77.87426478490553,4460.5550039511645
Sangareddy,2025,2,2025-02,18331.0,890.0,24,19.0,1,4,7,18,17.785308465824144,77.87426478490553,4460.5550039511645
Sangareddy,2025,3,2025-03,16397.0,890.0,24,23.0,1,4,7,18,17.785308465824144,77.87426478490553,4460.5550039511645
Sangareddy,2025,4,2025-04,20908.0,890.0,24,23.0,1,4,7,18,17.785308465824144,77.87426478490553,4460.5550039511645
Sangareddy,2025,5,2025-05,18435.0,1106.0,28,27.0,1,4,8,18,17.785308465824144,77.87426478490553,4460.5550039511645
Sangareddy,2025,6,2025-06,14755.0,1430.0,34,28.0,1,4,8,18,17.785308465824144,77.87426478490553,4460.5550039511645
Sangareddy,2025,7,2025-07,12854.0,1538.0,36,33.0,1,4,8,18,17.785308465824144,77.87426478490553,4460.5550039511645
Sangareddy,2025,8,2025-08,21840.0,1700.0,39,35.0,1,4,8,18,17.785308465824144,77.87426478490553,4460.5550039511645
Sangareddy,2025,10,2025-10,31087.0,1700.0,39,38.0,1,4,8,18,17.785308465824144,77.87426478490553,4460.5550039511645
Sangareddy,2025,11,2025-11,26905.0,1708.0,40,38.0,1,4,8,18,17.785308465824144,77.87426478490553,4460.5550039511645
Sangareddy,2025,12,2025-12,47594.0,1708.0,40,39.0,1,4,8,18,17.785308465824144,77.87426478490553,4460.5550039511645
Sangareddy,2026,1,2026-01,44400.0,1708.0,40,39.0,1,4,8,18,17.785308465824144,77.87426478490553,4460.5550039511645
Sangareddy,2026,2,2026-02,47903.0,1716.0,41,39.0,1,4,8,18,17.785308465824144,77.87426478490553,4460.5550039511645
Sangareddy,2026,3,2026-03,46702.0,1790.0,42,41.0,1,4,8,18,17.785308465824144,77.87426478490553,4460.5550039511645
Sangareddy,2026,4,2026-04,44206.0,1851.0,43,41.0,1,4,8,18,17.785308465824144,77.87426478490553,4460.5550039511645
Sangareddy,2026,5,2026-05,66773.0,1905.0,44,42.0,1,4,9,18,17.785308465824144,77.87426478490553,4460.5550039511645
Sangareddy,2026,6,2026-06,80690.0,2019.04,46,43.0,1,4,9,18,17.785308465824144,77.87426478490553,4460.5550039511645
Siddipet,2022,4,2022-04,0.0,30.0,1,0.0,1,1,1,4,18.02159496047411,78.85692001486474,3727.798868371362
Siddipet,2022,6,2022-06,240.0,30.0,1,1.0,1,1,1,4,18.02159496047411,78.85692001486474,3727.798868371362
Siddipet,2022,7,2022-07,65.0,30.0,1,1.0,1,1,1,4,18.02159496047411,78.85692001486474,3727.798868371362
Siddipet,2022,8,2022-08,1747.0,85.0,3,2.0,1,2,3,4,18.02159496047411,78.85692001486474,3727.798868371362
Siddipet,2022,9,2022-09,830.0,85.0,3,3.0,1,2,3,4,18.02159496047411,78.85692001486474,3727.798868371362
Siddipet,2022,10,2022-10,1408.0,85.0,3,3.0,1,2,3,4,18.02159496047411,78.85692001486474,3727.798868371362
Siddipet,2022,11,2022-11,1458.0,85.0,3,3.0,1,2,3,4,18.02159496047411,78.85692001486474,3727.798868371362
Siddipet,2022,12,2022-12,1739.0,85.0,3,3.0,1,2,3,4,18.02159496047411,78.85692001486474,3727.798868371362
Siddipet,2023,1,2023-01,2174.0,85.0,3,3.0,1,2,3,4,18.02159496047411,78.85692001486474,3727.798868371362
Siddipet,2023,2,2023-02,2456.0,85.0,3,3.0,1,2,3,4,18.02159496047411,78.85692001486474,3727.798868371362
Siddipet,2023,3,2023-03,1974.0,85.0,3,3.0,1,2,3,4,18.02159496047411,78.85692001486474,3727.798868371362
Siddipet,2023,4,2023-04,1960.0,85.0,3,3.0,1,2,3,4,18.02159496047411,78.85692001486474,3727.798868371362
Siddipet,2023,5,2023-05,2904.0,85.0,3,3.0,1,2,3,4,18.02159496047411,78.85692001486474,3727.798868371362
Siddipet,2023,6,2023-06,2679.0,85.0,3,3.0,1,2,3,4,18.02159496047411,78.85692001486474,3727.798868371362
Siddipet,2023,7,2023-07,2355.0,85.0,3,3.0,1,2,3,4,18.02159496047411,78.85692001486474,3727.798868371362
Siddipet,2023,8,2023-08,1053.0,85.0,3,3.0,1,2,3,4,18.02159496047411,78.85692001486474,3727.798868371362
Siddipet,2023,9,2023-09,766.0,85.0,3,3.0,1,2,3,4,18.02159496047411,78.85692001486474,3727.798868371362
Siddipet,2023,10,2023-10,744.0,85.0,3,3.0,1,2,3,4,18.02159496047411,78.85692001486474,3727.798868371362
Siddipet,2023,11,2023-11,1412.0,139.0,4,3.0,1,2,4,4,18.02159496047411,78.85692001486474,3727.798868371362
Siddipet,2023,12,2023-12,2145.0,139.0,4,4.0,1,2,4,4,18.02159496047411,78.85692001486474,3727.798868371362
Siddipet,2024,1,2024-01,2520.0,139.0,4,4.0,1,2,4,4,18.02159496047411,78.85692001486474,3727.798868371362
Siddipet,2024,2,2024-02,2469.0,139.0,4,4.0,1,2,4,4,18.02159496047411,78.85692001486474,3727.798868371362
Siddipet,2024,3,2024-03,3049.0,193.0,5,4.0,1,2,4,4,18.02159496047411,78.85692001486474,3727.798868371362
Siddipet,2024,4,2024-04,3818.0,193.0,5,5.0,1,2,4,4,18.02159496047411,78.85692001486474,3727.798868371362
Siddipet,2024,5,2024-05,4422.0,193.0,5,5.0,1,2,4,4,18.02159496047411,78.85692001486474,3727.798868371362
Siddipet,2024,6,2024-06,4644.0,193.0,5,5.0,1,2,4,4,18.02159496047411,78.85692001486474,3727.798868371362
Siddipet,2024,7,2024-07,4221.0,193.0,5,5.0,1,2,4,4,18.02159496047411,78.85692001486474,3727.798868371362
Siddipet,2024,8,2024-08,3674.0,193.0,5,5.0,1,2,4,4,18.02159496047411,78.85692001486474,3727.798868371362
Siddipet,2024,9,2024-09,4290.0,193.0,5,5.0,1,2,4,4,18.02159496047411,78.85692001486474,3727.798868371362
Siddipet,2024,10,2024-10,3350.0,193.0,5,5.0,1,2,4,4,18.02159496047411,78.85692001486474,3727.798868371362
Siddipet,2024,11,2024-11,8633.0,193.0,5,5.0,1,2,4,4,18.02159496047411,78.85692001486474,3727.798868371362
Siddipet,2024,12,2024-12,6904.0,247.0,6,5.0,1,2,4,4,18.02159496047411,78.85692001486474,3727.798868371362
Siddipet,2025,1,2025-01,7029.0,625.0,13,6.0,1,2,4,4,18.02159496047411,78.85692001486474,3727.798868371362
Siddipet,2025,2,2025-02,7194.0,787.0,16,14.0,1,2,5,4,18.02159496047411,78.85692001486474,3727.798868371362
Siddipet,2025,3,2025-03,6579.0,841.0,17,16.0,1,2,6,4,18.02159496047411,78.85692001486474,3727.798868371362
Siddipet,2025,4,2025-04,5761.0,841.0,17,17.0,1,2,6,4,18.02159496047411,78.85692001486474,3727.798868371362
Siddipet,2025,5,2025-05,7247.0,841.0,17,17.0,1,2,6,4,18.02159496047411,78.85692001486474,3727.798868371362
Siddipet,2025,6,2025-06,7383.0,841.0,17,17.0,1,2,6,4,18.02159496047411,78.85692001486474,3727.798868371362
Siddipet,2025,7,2025-07,6723.0,841.0,17,17.0,1,2,6,4,18.02159496047411,78.85692001486474,3727.798868371362
Siddipet,2025,8,2025-08,7450.0,841.0,17,17.0,1,2,6,4,18.02159496047411,78.85692001486474,3727.798868371362
Siddipet,2025,10,2025-10,8840.0,895.0,18,17.0,1,2,6,4,18.02159496047411,78.85692001486474,3727.798868371362
Siddipet,2025,11,2025-11,10245.0,895.0,18,18.0,1,2,6,4,18.02159496047411,78.85692001486474,3727.798868371362
Siddipet,2025,12,2025-12,10726.0,895.0,18,18.0,1,2,6,4,18.02159496047411,78.85692001486474,3727.798868371362
Siddipet,2026,1,2026-01,14309.0,895.0,18,18.0,1,2,6,4,18.02159496047411,78.85692001486474,3727.798868371362
Siddipet,2026,2,2026-02,17544.0,895.0,18,18.0,1,2,6,4,18.02159496047411,78.85692001486474,3727.798868371362
Siddipet,2026,3,2026-03,15134.0,895.0,18,18.0,1,2,6,4,18.02159496047411,78.85692001486474,3727.798868371362
Siddipet,2026,4,2026-04,18003.0,895.0,18,18.0,1,2,6,4,18.02159496047411,78.85692001486474,3727.798868371362
Siddipet,2026,5,2026-05,26209.0,895.0,18,18.0,1,2,6,4,18.02159496047411,78.85692001486474,3727.798868371362
Siddipet,2026,6,2026-06,29358.0,1003.0,20,18.0,1,2,6,4,18.02159496047411,78.85692001486474,3727.798868371362
Suryapet,2021,8,2021-08,0.0,66.0,4,0.0,1,2,2,14,17.080453682764272,79.75463695883276,3592.814807333747
Suryapet,2021,9,2021-09,47.0,66.0,4,4.0,1,2,2,14,17.080453682764272,79.75463695883276,3592.814807333747
Suryapet,2021,10,2021-10,77.0,66.0,4,4.0,1,2,2,14,17.080453682764272,79.75463695883276,3592.814807333747
Suryapet,2021,11,2021-11,135.0,66.0,4,4.0,1,2,2,14,17.080453682764272,79.75463695883276,3592.814807333747
Suryapet,2021,12,2021-12,314.0,66.0,4,4.0,1,2,2,14,17.080453682764272,79.75463695883276,3592.814807333747
Suryapet,2022,1,2022-01,309.0,66.0,4,4.0,1,2,2,14,17.080453682764272,79.75463695883276,3592.814807333747
Suryapet,2022,2,2022-02,68.0,66.0,4,4.0,1,2,2,14,17.080453682764272,79.75463695883276,3592.814807333747
Suryapet,2022,3,2022-03,70.0,66.0,4,4.0,1,2,2,14,17.080453682764272,79.75463695883276,3592.814807333747
Suryapet,2022,4,2022-04,39.0,66.0,4,4.0,1,2,2,14,17.080453682764272,79.75463695883276,3592.814807333747
Suryapet,2022,6,2022-06,38.0,66.0,4,4.0,1,2,2,14,17.080453682764272,79.75463695883276,3592.814807333747
Suryapet,2022,7,2022-07,34.0,66.0,4,4.0,1,2,2,14,17.080453682764272,79.75463695883276,3592.814807333747
Suryapet,2022,8,2022-08,57.0,66.0,4,4.0,1,2,2,14,17.080453682764272,79.75463695883276,3592.814807333747
Suryapet,2022,9,2022-09,79.0,66.0,4,4.0,1,2,2,14,17.080453682764272,79.75463695883276,3592.814807333747
Suryapet,2022,10,2022-10,50.0,66.0,4,4.0,1,2,2,14,17.080453682764272,79.75463695883276,3592.814807333747
Suryapet,2022,11,2022-11,94.0,66.0,4,4.0,1,2,2,14,17.080453682764272,79.75463695883276,3592.814807333747
Suryapet,2022,12,2022-12,74.0,66.0,4,4.0,1,2,2,14,17.080453682764272,79.75463695883276,3592.814807333747
Suryapet,2023,1,2023-01,50.0,96.0,5,4.0,1,2,2,14,17.080453682764272,79.75463695883276,3592.814807333747
Suryapet,2023,2,2023-02,1227.0,96.0,5,5.0,1,2,2,14,17.080453682764272,79.75463695883276,3592.814807333747
Suryapet,2023,3,2023-03,396.0,96.0,5,5.0,1,2,2,14,17.080453682764272,79.75463695883276,3592.814807333747
Suryapet,2023,4,2023-04,897.0,96.0,5,5.0,1,2,2,14,17.080453682764272,79.75463695883276,3592.814807333747
Suryapet,2023,5,2023-05,857.0,96.0,5,5.0,1,2,2,14,17.080453682764272,79.75463695883276,3592.814807333747
Suryapet,2023,6,2023-06,680.0,96.0,5,5.0,1,2,2,14,17.080453682764272,79.75463695883276,3592.814807333747
Suryapet,2023,7,2023-07,508.0,141.0,6,5.0,1,2,3,14,17.080453682764272,79.75463695883276,3592.814807333747
Suryapet,2023,8,2023-08,782.0,247.0,8,8.0,1,2,3,14,17.080453682764272,79.75463695883276,3592.814807333747
Suryapet,2023,9,2023-09,3518.0,277.0,9,9.0,1,2,4,14,17.080453682764272,79.75463695883276,3592.814807333747
Suryapet,2023,10,2023-10,4292.0,331.0,10,9.0,1,2,4,14,17.080453682764272,79.75463695883276,3592.814807333747
Suryapet,2023,11,2023-11,5261.0,331.0,10,10.0,1,2,4,14,17.080453682764272,79.75463695883276,3592.814807333747
Suryapet,2023,12,2023-12,8098.0,331.0,10,10.0,1,2,4,14,17.080453682764272,79.75463695883276,3592.814807333747
Suryapet,2024,1,2024-01,5267.0,331.0,10,10.0,1,2,4,14,17.080453682764272,79.75463695883276,3592.814807333747
Suryapet,2024,2,2024-02,15054.0,331.0,10,10.0,1,2,4,14,17.080453682764272,79.75463695883276,3592.814807333747
Suryapet,2024,3,2024-03,6355.0,331.0,10,10.0,1,2,4,14,17.080453682764272,79.75463695883276,3592.814807333747
Suryapet,2024,4,2024-04,12885.0,331.0,10,10.0,1,2,4,14,17.080453682764272,79.75463695883276,3592.814807333747
Suryapet,2024,5,2024-05,10240.0,331.0,10,10.0,1,2,4,14,17.080453682764272,79.75463695883276,3592.814807333747
Suryapet,2024,6,2024-06,12553.0,331.0,10,10.0,1,2,4,14,17.080453682764272,79.75463695883276,3592.814807333747
Suryapet,2024,7,2024-07,9794.0,331.0,10,10.0,1,2,4,14,17.080453682764272,79.75463695883276,3592.814807333747
Suryapet,2024,8,2024-08,5662.0,331.0,10,10.0,1,2,4,14,17.080453682764272,79.75463695883276,3592.814807333747
Suryapet,2024,9,2024-09,8375.0,331.0,10,10.0,1,2,4,14,17.080453682764272,79.75463695883276,3592.814807333747
Suryapet,2024,10,2024-10,6607.0,384.0,11,11.0,1,2,4,14,17.080453682764272,79.75463695883276,3592.814807333747
Suryapet,2024,11,2024-11,15053.0,384.0,11,11.0,1,2,4,14,17.080453682764272,79.75463695883276,3592.814807333747
Suryapet,2024,12,2024-12,13306.0,453.0,12,11.0,1,2,4,14,17.080453682764272,79.75463695883276,3592.814807333747
Suryapet,2025,1,2025-01,20030.0,561.0,14,12.0,1,2,5,14,17.080453682764272,79.75463695883276,3592.814807333747
Suryapet,2025,2,2025-02,18484.0,757.0,17,14.0,1,2,5,14,17.080453682764272,79.75463695883276,3592.814807333747
Suryapet,2025,3,2025-03,17384.0,1147.0,24,19.0,1,2,5,14,17.080453682764272,79.75463695883276,3592.814807333747
Suryapet,2025,4,2025-04,17046.0,1201.0,25,24.0,1,2,5,14,17.080453682764272,79.75463695883276,3592.814807333747
Suryapet,2025,5,2025-05,24770.0,1309.0,27,25.0,1,2,5,14,17.080453682764272,79.75463695883276,3592.814807333747
Suryapet,2025,6,2025-06,24571.0,1309.0,27,27.0,1,2,5,14,17.080453682764272,79.75463695883276,3592.814807333747
Suryapet,2025,7,2025-07,19853.0,1309.0,27,27.0,1,2,5,14,17.080453682764272,79.75463695883276,3592.814807333747
Suryapet,2025,8,2025-08,21661.0,1309.0,27,27.0,1,2,5,14,17.080453682764272,79.75463695883276,3592.814807333747
Suryapet,2025,10,2025-10,27865.0,1309.0,27,27.0,1,2,5,14,17.080453682764272,79.75463695883276,3592.814807333747
Suryapet,2025,11,2025-11,32963.0,1309.0,27,27.0,1,2,5,14,17.080453682764272,79.75463695883276,3592.814807333747
Suryapet,2025,12,2025-12,36896.0,1309.0,27,27.0,1,2,5,14,17.080453682764272,79.75463695883276,3592.814807333747
Suryapet,2026,1,2026-01,36811.0,1309.0,27,27.0,1,2,5,14,17.080453682764272,79.75463695883276,3592.814807333747
Suryapet,2026,2,2026-02,37763.0,1369.0,28,27.0,1,2,5,14,17.080453682764272,79.75463695883276,3592.814807333747
Suryapet,2026,3,2026-03,34712.0,1369.0,28,28.0,1,2,5,14,17.080453682764272,79.75463695883276,3592.814807333747
Suryapet,2026,4,2026-04,35853.0,1369.0,28,28.0,1,2,5,14,17.080453682764272,79.75463695883276,3592.814807333747
Suryapet,2026,5,2026-05,44828.0,1423.0,29,28.0,1,2,6,14,17.080453682764272,79.75463695883276,3592.814807333747
Suryapet,2026,6,2026-06,45994.0,1429.0,29,29.0,1,2,6,14,17.080453682764272,79.75463695883276,3592.814807333747
Vikarabad,2025,4,2025-04,0.0,54.0,1,0.0,1,1,1,3,17.24621515915895,77.75071359645821,3712.198771085446
Vikarabad,2025,5,2025-05,0.0,54.0,1,1.0,1,1,1,3,17.24621515915895,77.75071359645821,3712.198771085446
Vikarabad,2025,6,2025-06,0.0,54.0,1,1.0,1,1,1,3,17.24621515915895,77.75071359645821,3712.198771085446
Vikarabad,2025,7,2025-07,0.0,54.0,1,1.0,1,1,1,3,17.24621515915895,77.75071359645821,3712.198771085446
Vikarabad,2025,8,2025-08,0.0,54.0,1,1.0,1,1,1,3,17.24621515915895,77.75071359645821,3712.198771085446
Vikarabad,2025,10,2025-10,0.0,54.0,1,1.0,1,1,1,3,17.24621515915895,77.75071359645821,3712.198771085446
Vikarabad,2025,11,2025-11,0.0,54.0,1,1.0,1,1,1,3,17.24621515915895,77.75071359645821,3712.198771085446
Vikarabad,2025,12,2025-12,0.0,54.0,1,1.0,1,1,1,3,17.24621515915895,77.75071359645821,3712.198771085446
Vikarabad,2026,1,2026-01,0.0,54.0,1,1.0,1,1,1,3,17.24621515915895,77.75071359645821,3712.198771085446
Vikarabad,2026,2,2026-02,0.0,108.0,2,1.0,1,1,1,3,17.24621515915895,77.75071359645821,3712.198771085446
Vikarabad,2026,3,2026-03,19.0,162.0,3,3.0,1,1,1,3,17.24621515915895,77.75071359645821,3712.198771085446
Vikarabad,2026,4,2026-04,0.0,162.0,3,3.0,1,1,1,3,17.24621515915895,77.75071359645821,3712.198771085446
Vikarabad,2026,5,2026-05,0.0,162.0,3,3.0,1,1,1,3,17.24621515915895,77.75071359645821,3712.198771085446
Vikarabad,2026,6,2026-06,4.0,162.0,3,3.0,1,1,1,3,17.24621515915895,77.75071359645821,3712.198771085446
Wanaparthy,2023,2,2023-02,0.0,55.0,1,0.0,1,1,1,5,16.28955019453262,78.04247735891539,2229.6014079239103
Wanaparthy,2023,3,2023-03,127.0,55.0,1,1.0,1,1,1,5,16.28955019453262,78.04247735891539,2229.6014079239103
Wanaparthy,2023,4,2023-04,496.0,55.0,1,1.0,1,1,1,5,16.28955019453262,78.04247735891539,2229.6014079239103
Wanaparthy,2023,5,2023-05,917.0,55.0,1,1.0,1,1,1,5,16.28955019453262,78.04247735891539,2229.6014079239103
Wanaparthy,2023,6,2023-06,1859.0,55.0,1,1.0,1,1,1,5,16.28955019453262,78.04247735891539,2229.6014079239103
Wanaparthy,2023,7,2023-07,1920.0,55.0,1,1.0,1,1,1,5,16.28955019453262,78.04247735891539,2229.6014079239103
Wanaparthy,2023,8,2023-08,1944.0,55.0,1,1.0,1,1,1,5,16.28955019453262,78.04247735891539,2229.6014079239103
Wanaparthy,2023,9,2023-09,1944.0,55.0,1,1.0,1,1,1,5,16.28955019453262,78.04247735891539,2229.6014079239103
Wanaparthy,2023,10,2023-10,1383.0,80.0,2,1.0,1,1,1,5,16.28955019453262,78.04247735891539,2229.6014079239103
Wanaparthy,2023,11,2023-11,1652.0,80.0,2,2.0,1,1,1,5,16.28955019453262,78.04247735891539,2229.6014079239103
Wanaparthy,2023,12,2023-12,2019.0,80.0,2,2.0,1,1,1,5,16.28955019453262,78.04247735891539,2229.6014079239103
Wanaparthy,2024,1,2024-01,2799.0,80.0,2,2.0,1,1,1,5,16.28955019453262,78.04247735891539,2229.6014079239103
Wanaparthy,2024,2,2024-02,2493.0,80.0,2,2.0,1,1,1,5,16.28955019453262,78.04247735891539,2229.6014079239103
Wanaparthy,2024,3,2024-03,2680.0,80.0,2,2.0,1,1,1,5,16.28955019453262,78.04247735891539,2229.6014079239103
Wanaparthy,2024,4,2024-04,2098.0,80.0,2,2.0,1,1,1,5,16.28955019453262,78.04247735891539,2229.6014079239103
Wanaparthy,2024,5,2024-05,2387.0,80.0,2,2.0,1,1,1,5,16.28955019453262,78.04247735891539,2229.6014079239103
Wanaparthy,2024,6,2024-06,2184.0,80.0,2,2.0,1,1,1,5,16.28955019453262,78.04247735891539,2229.6014079239103
Wanaparthy,2024,7,2024-07,1119.0,80.0,2,2.0,1,1,1,5,16.28955019453262,78.04247735891539,2229.6014079239103
Wanaparthy,2024,8,2024-08,1109.0,80.0,2,2.0,1,1,1,5,16.28955019453262,78.04247735891539,2229.6014079239103
Wanaparthy,2024,9,2024-09,1001.0,80.0,2,2.0,1,1,1,5,16.28955019453262,78.04247735891539,2229.6014079239103
Wanaparthy,2024,10,2024-10,1490.0,80.0,2,2.0,1,1,1,5,16.28955019453262,78.04247735891539,2229.6014079239103
Wanaparthy,2024,11,2024-11,2056.0,80.0,2,2.0,1,1,1,5,16.28955019453262,78.04247735891539,2229.6014079239103
Wanaparthy,2024,12,2024-12,1941.0,80.0,2,2.0,1,1,1,5,16.28955019453262,78.04247735891539,2229.6014079239103
Wanaparthy,2025,1,2025-01,2176.0,188.0,4,2.0,1,1,1,5,16.28955019453262,78.04247735891539,2229.6014079239103
Wanaparthy,2025,2,2025-02,1550.0,188.0,4,4.0,1,1,1,5,16.28955019453262,78.04247735891539,2229.6014079239103
Wanaparthy,2025,3,2025-03,1712.0,188.0,4,4.0,1,1,1,5,16.28955019453262,78.04247735891539,2229.6014079239103
Wanaparthy,2025,4,2025-04,1298.0,188.0,4,4.0,1,1,1,5,16.28955019453262,78.04247735891539,2229.6014079239103
Wanaparthy,2025,5,2025-05,2087.0,296.0,6,4.0,1,1,2,5,16.28955019453262,78.04247735891539,2229.6014079239103
Wanaparthy,2025,6,2025-06,2144.0,296.0,6,6.0,1,1,2,5,16.28955019453262,78.04247735891539,2229.6014079239103
Wanaparthy,2025,7,2025-07,1015.0,296.0,6,6.0,1,1,2,5,16.28955019453262,78.04247735891539,2229.6014079239103
Wanaparthy,2025,8,2025-08,3315.0,296.0,6,6.0,1,1,2,5,16.28955019453262,78.04247735891539,2229.6014079239103
Wanaparthy,2025,10,2025-10,3817.0,296.0,6,6.0,1,1,2,5,16.28955019453262,78.04247735891539,2229.6014079239103
Wanaparthy,2025,11,2025-11,5715.0,350.0,7,6.0,1,1,2,5,16.28955019453262,78.04247735891539,2229.6014079239103
Wanaparthy,2025,12,2025-12,4295.0,350.0,7,7.0,1,1,2,5,16.28955019453262,78.04247735891539,2229.6014079239103
Wanaparthy,2026,1,2026-01,10005.0,350.0,7,7.0,1,1,2,5,16.28955019453262,78.04247735891539,2229.6014079239103
Wanaparthy,2026,2,2026-02,8572.0,350.0,7,7.0,1,1,2,5,16.28955019453262,78.04247735891539,2229.6014079239103
Wanaparthy,2026,3,2026-03,6548.0,350.0,7,7.0,1,1,2,5,16.28955019453262,78.04247735891539,2229.6014079239103
Wanaparthy,2026,4,2026-04,4844.0,350.0,7,7.0,1,1,2,5,16.28955019453262,78.04247735891539,2229.6014079239103
Wanaparthy,2026,5,2026-05,3803.0,350.0,7,7.0,1,1,2,5,16.28955019453262,78.04247735891539,2229.6014079239103
Wanaparthy,2026,6,2026-06,4354.0,350.0,7,7.0,1,1,2,5,16.28955019453262,78.04247735891539,2229.6014079239103
Warangal,2023,1,2023-01,224.0,60.0,2,2.0,1,1,1,3,17.866192088329413,79.75106414913724,1749.5927673209285
Warangal,2023,2,2023-02,789.0,30.0,1,1.0,1,1,1,3,17.866192088329413,79.75106414913724,1749.5927673209285
Warangal,2023,3,2023-03,347.0,30.0,1,1.0,1,1,1,3,17.866192088329413,79.75106414913724,1749.5927673209285
Warangal,2023,4,2023-04,1966.0,60.0,2,2.0,1,1,1,3,17.866192088329413,79.75106414913724,1749.5927673209285
Warangal,2023,5,2023-05,4209.0,60.0,2,2.0,1,1,1,3,17.866192088329413,79.75106414913724,1749.5927673209285
Warangal,2023,6,2023-06,2713.0,60.0,2,2.0,1,1,1,3,17.866192088329413,79.75106414913724,1749.5927673209285
Warangal,2023,7,2023-07,1368.0,60.0,2,2.0,1,1,1,3,17.866192088329413,79.75106414913724,1749.5927673209285
Warangal,2023,8,2023-08,937.0,60.0,2,2.0,1,1,1,3,17.866192088329413,79.75106414913724,1749.5927673209285
Warangal,2023,9,2023-09,1632.0,60.0,2,2.0,1,1,1,3,17.866192088329413,79.75106414913724,1749.5927673209285
Warangal,2023,10,2023-10,1851.0,60.0,2,2.0,1,1,1,3,17.866192088329413,79.75106414913724,1749.5927673209285
Warangal,2023,11,2023-11,1497.0,60.0,2,2.0,1,1,1,3,17.866192088329413,79.75106414913724,1749.5927673209285
Warangal,2023,12,2023-12,423.0,30.0,1,1.0,1,1,1,3,17.866192088329413,79.75106414913724,1749.5927673209285
Warangal,2024,1,2024-01,514.0,30.0,1,1.0,1,1,1,3,17.866192088329413,79.75106414913724,1749.5927673209285
Warangal,2024,2,2024-02,291.0,30.0,1,1.0,1,1,1,3,17.866192088329413,79.75106414913724,1749.5927673209285
Warangal,2024,3,2024-03,858.0,30.0,1,1.0,1,1,1,3,17.866192088329413,79.75106414913724,1749.5927673209285
Warangal,2024,4,2024-04,949.0,30.0,1,1.0,1,1,1,3,17.866192088329413,79.75106414913724,1749.5927673209285
Warangal,2024,5,2024-05,986.0,30.0,1,1.0,1,1,1,3,17.866192088329413,79.75106414913724,1749.5927673209285
Warangal,2024,7,2024-07,1066.0,30.0,1,1.0,1,1,1,3,17.866192088329413,79.75106414913724,1749.5927673209285
Warangal,2024,8,2024-08,1116.0,30.0,1,1.0,1,1,1,3,17.866192088329413,79.75106414913724,1749.5927673209285
Warangal,2024,9,2024-09,887.0,30.0,1,1.0,1,1,1,3,17.866192088329413,79.75106414913724,1749.5927673209285
Warangal,2024,10,2024-10,665.0,30.0,1,1.0,1,1,1,3,17.866192088329413,79.75106414913724,1749.5927673209285
Warangal,2024,11,2024-11,568.0,30.0,1,1.0,1,1,1,3,17.866192088329413,79.75106414913724,1749.5927673209285
Warangal,2024,12,2024-12,807.0,30.0,1,1.0,1,1,1,3,17.866192088329413,79.75106414913724,1749.5927673209285
Warangal,2025,1,2025-01,752.0,30.0,1,1.0,1,1,1,3,17.866192088329413,79.75106414913724,1749.5927673209285
Warangal,2025,2,2025-02,1162.0,30.0,1,1.0,1,1,1,3,17.866192088329413,79.75106414913724,1749.5927673209285
Warangal,2025,3,2025-03,724.0,30.0,1,1.0,1,1,1,3,17.866192088329413,79.75106414913724,1749.5927673209285
Warangal,2025,4,2025-04,757.0,80.0,2,2.0,1,2,2,3,17.866192088329413,79.75106414913724,1749.5927673209285
Warangal,2025,5,2025-05,1386.0,130.053,4,3.0,1,2,4,3,17.866192088329413,79.75106414913724,1749.5927673209285
Warangal,2025,6,2025-06,2225.0,183.053,5,5.0,1,2,4,3,17.866192088329413,79.75106414913724,1749.5927673209285
Warangal,2025,7,2025-07,686.0,183.053,5,5.0,1,2,4,3,17.866192088329413,79.75106414913724,1749.5927673209285
Warangal,2025,8,2025-08,1226.0,236.0,5,5.0,1,2,4,3,17.866192088329413,79.75106414913724,1749.5927673209285
Warangal,2025,9,2025-09,931.0,236.0,5,5.0,1,2,4,3,17.866192088329413,79.75106414913724,1749.5927673209285
Warangal,2025,10,2025-10,2242.0,236.0,5,5.0,1,2,4,3,17.866192088329413,79.75106414913724,1749.5927673209285
Warangal,2025,11,2025-11,1834.0,292.0,6,5.0,1,2,4,3,17.866192088329413,79.75106414913724,1749.5927673209285
Warangal,2025,12,2025-12,2841.0,348.0,7,6.0,1,2,4,3,17.866192088329413,79.75106414913724,1749.5927673209285
Warangal,2026,1,2026-01,18759.0,348.0,7,7.0,1,2,4,3,17.866192088329413,79.75106414913724,1749.5927673209285
Warangal,2026,2,2026-02,18937.0,348.0,7,7.0,1,2,4,3,17.866192088329413,79.75106414913724,1749.5927673209285
Warangal,2026,3,2026-03,18780.0,348.0,7,7.0,1,2,4,3,17.866192088329413,79.75106414913724,1749.5927673209285
Warangal,2026,4,2026-04,3772.0,348.0,7,7.0,1,2,4,3,17.866192088329413,79.75106414913724,1749.5927673209285
Warangal,2026,5,2026-05,5987.0,348.0,7,7.0,1,2,4,3,17.866192088329413,79.75106414913724,1749.5927673209285
Warangal,2026,6,2026-06,4841.0,348.0,7,7.0,1,2,4,3,17.866192088329413,79.75106414913724,1749.5927673209285
Yadadri Bhuvanagiri,2021,9,2021-09,57.0,40.0,1,1.0,1,1,1,11,17.45116876980778,78.97868677858561,3229.8470269890395
Yadadri Bhuvanagiri,2021,10,2021-10,109.0,40.0,1,1.0,1,1,1,11,17.45116876980778,78.97868677858561,3229.8470269890395
Yadadri Bhuvanagiri,2021,11,2021-11,151.0,40.0,1,1.0,1,1,1,11,17.45116876980778,78.97868677858561,3229.8470269890395
Yadadri Bhuvanagiri,2021,12,2021-12,211.0,40.0,1,1.0,1,1,1,11,17.45116876980778,78.97868677858561,3229.8470269890395
Yadadri Bhuvanagiri,2022,1,2022-01,244.0,40.0,1,1.0,1,1,1,11,17.45116876980778,78.97868677858561,3229.8470269890395
Yadadri Bhuvanagiri,2022,2,2022-02,30.0,40.0,1,1.0,1,1,1,11,17.45116876980778,78.97868677858561,3229.8470269890395
Yadadri Bhuvanagiri,2022,3,2022-03,56.0,40.0,1,1.0,1,1,1,11,17.45116876980778,78.97868677858561,3229.8470269890395
Yadadri Bhuvanagiri,2022,4,2022-04,65.0,40.0,1,1.0,1,1,1,11,17.45116876980778,78.97868677858561,3229.8470269890395
Yadadri Bhuvanagiri,2022,6,2022-06,82.0,40.0,1,1.0,1,1,1,11,17.45116876980778,78.97868677858561,3229.8470269890395
Yadadri Bhuvanagiri,2022,7,2022-07,159.0,40.0,1,1.0,1,1,1,11,17.45116876980778,78.97868677858561,3229.8470269890395
Yadadri Bhuvanagiri,2022,8,2022-08,107.0,40.0,1,1.0,1,1,1,11,17.45116876980778,78.97868677858561,3229.8470269890395
Yadadri Bhuvanagiri,2022,9,2022-09,93.0,40.0,1,1.0,1,1,1,11,17.45116876980778,78.97868677858561,3229.8470269890395
Yadadri Bhuvanagiri,2022,10,2022-10,98.0,40.0,1,1.0,1,1,1,11,17.45116876980778,78.97868677858561,3229.8470269890395
Yadadri Bhuvanagiri,2022,11,2022-11,65.0,40.0,1,1.0,1,1,1,11,17.45116876980778,78.97868677858561,3229.8470269890395
Yadadri Bhuvanagiri,2022,12,2022-12,42.0,40.0,1,1.0,1,1,1,11,17.45116876980778,78.97868677858561,3229.8470269890395
Yadadri Bhuvanagiri,2023,1,2023-01,52.0,40.0,1,1.0,1,1,1,11,17.45116876980778,78.97868677858561,3229.8470269890395
Yadadri Bhuvanagiri,2023,2,2023-02,47.0,40.0,1,1.0,1,1,1,11,17.45116876980778,78.97868677858561,3229.8470269890395
Yadadri Bhuvanagiri,2023,3,2023-03,37.0,40.0,1,1.0,1,1,1,11,17.45116876980778,78.97868677858561,3229.8470269890395
Yadadri Bhuvanagiri,2023,4,2023-04,46.0,40.0,1,1.0,1,1,1,11,17.45116876980778,78.97868677858561,3229.8470269890395
Yadadri Bhuvanagiri,2023,5,2023-05,49.0,95.0,2,1.0,1,2,2,11,17.45116876980778,78.97868677858561,3229.8470269890395
Yadadri Bhuvanagiri,2023,6,2023-06,30.0,95.0,2,2.0,1,2,2,11,17.45116876980778,78.97868677858561,3229.8470269890395
Yadadri Bhuvanagiri,2023,7,2023-07,617.0,95.0,2,2.0,1,2,2,11,17.45116876980778,78.97868677858561,3229.8470269890395
Yadadri Bhuvanagiri,2023,8,2023-08,170.0,95.0,2,2.0,1,2,2,11,17.45116876980778,78.97868677858561,3229.8470269890395
Yadadri Bhuvanagiri,2023,9,2023-09,347.0,95.0,2,2.0,1,2,2,11,17.45116876980778,78.97868677858561,3229.8470269890395
Yadadri Bhuvanagiri,2023,10,2023-10,240.0,149.0,3,2.0,1,2,2,11,17.45116876980778,78.97868677858561,3229.8470269890395
Yadadri Bhuvanagiri,2023,11,2023-11,1523.0,204.0,4,4.0,1,2,2,11,17.45116876980778,78.97868677858561,3229.8470269890395
Yadadri Bhuvanagiri,2023,12,2023-12,1992.0,258.0,5,4.0,1,2,2,11,17.45116876980778,78.97868677858561,3229.8470269890395
Yadadri Bhuvanagiri,2024,1,2024-01,2541.0,312.0,6,6.0,1,2,2,11,17.45116876980778,78.97868677858561,3229.8470269890395
Yadadri Bhuvanagiri,2024,2,2024-02,4575.0,312.0,6,6.0,1,2,2,11,17.45116876980778,78.97868677858561,3229.8470269890395
Yadadri Bhuvanagiri,2024,3,2024-03,4310.0,312.0,6,6.0,1,2,2,11,17.45116876980778,78.97868677858561,3229.8470269890395
Yadadri Bhuvanagiri,2024,4,2024-04,4897.0,312.0,6,6.0,1,2,2,11,17.45116876980778,78.97868677858561,3229.8470269890395
Yadadri Bhuvanagiri,2024,5,2024-05,7093.0,312.0,6,6.0,1,2,2,11,17.45116876980778,78.97868677858561,3229.8470269890395
Yadadri Bhuvanagiri,2024,6,2024-06,8448.0,312.0,6,6.0,1,2,2,11,17.45116876980778,78.97868677858561,3229.8470269890395
Yadadri Bhuvanagiri,2024,7,2024-07,5977.0,312.0,6,6.0,1,2,2,11,17.45116876980778,78.97868677858561,3229.8470269890395
Yadadri Bhuvanagiri,2024,8,2024-08,6781.0,312.0,6,6.0,1,2,2,11,17.45116876980778,78.97868677858561,3229.8470269890395
Yadadri Bhuvanagiri,2024,9,2024-09,7504.0,312.0,6,6.0,1,2,2,11,17.45116876980778,78.97868677858561,3229.8470269890395
Yadadri Bhuvanagiri,2024,10,2024-10,5970.0,312.0,6,6.0,1,2,2,11,17.45116876980778,78.97868677858561,3229.8470269890395
Yadadri Bhuvanagiri,2024,11,2024-11,10447.0,312.0,6,6.0,1,2,2,11,17.45116876980778,78.97868677858561,3229.8470269890395
Yadadri Bhuvanagiri,2024,12,2024-12,7827.0,337.0,7,7.0,1,2,2,11,17.45116876980778,78.97868677858561,3229.8470269890395
Yadadri Bhuvanagiri,2025,1,2025-01,10715.0,337.0,7,7.0,1,2,2,11,17.45116876980778,78.97868677858561,3229.8470269890395
Yadadri Bhuvanagiri,2025,2,2025-02,10618.0,553.0,11,11.0,1,2,2,11,17.45116876980778,78.97868677858561,3229.8470269890395
Yadadri Bhuvanagiri,2025,3,2025-03,10822.0,769.0,15,11.0,1,2,2,11,17.45116876980778,78.97868677858561,3229.8470269890395
Yadadri Bhuvanagiri,2025,4,2025-04,12156.0,1255.0,24,16.0,1,2,4,11,17.45116876980778,78.97868677858561,3229.8470269890395
Yadadri Bhuvanagiri,2025,5,2025-05,16116.0,1309.0,25,24.0,1,2,4,11,17.45116876980778,78.97868677858561,3229.8470269890395
Yadadri Bhuvanagiri,2025,6,2025-06,15567.0,1363.0,26,25.0,1,2,4,11,17.45116876980778,78.97868677858561,3229.8470269890395
Yadadri Bhuvanagiri,2025,7,2025-07,14920.0,1363.0,26,26.0,1,2,4,11,17.45116876980778,78.97868677858561,3229.8470269890395
Yadadri Bhuvanagiri,2025,8,2025-08,12664.0,1363.0,26,26.0,1,2,4,11,17.45116876980778,78.97868677858561,3229.8470269890395
Yadadri Bhuvanagiri,2025,10,2025-10,16177.0,1363.0,26,26.0,1,2,4,11,17.45116876980778,78.97868677858561,3229.8470269890395
Yadadri Bhuvanagiri,2025,11,2025-11,17868.0,1363.0,26,26.0,1,2,4,11,17.45116876980778,78.97868677858561,3229.8470269890395
Yadadri Bhuvanagiri,2025,12,2025-12,20758.0,1364.38,26,26.0,1,2,4,11,17.45116876980778,78.97868677858561,3229.8470269890395
Yadadri Bhuvanagiri,2026,1,2026-01,23543.0,1418.38,27,26.0,1,2,4,11,17.45116876980778,78.97868677858561,3229.8470269890395
Yadadri Bhuvanagiri,2026,2,2026-02,23699.0,1538.38,29,27.0,1,2,4,11,17.45116876980778,78.97868677858561,3229.8470269890395
Yadadri Bhuvanagiri,2026,3,2026-03,23944.0,1652.38,31,29.0,1,2,5,11,17.45116876980778,78.97868677858561,3229.8470269890395
Yadadri Bhuvanagiri,2026,4,2026-04,28020.0,1712.38,32,32.0,1,2,5,11,17.45116876980778,78.97868677858561,3229.8470269890395
Yadadri Bhuvanagiri,2026,5,2026-05,35691.0,1712.38,32,32.0,1,2,5,11,17.45116876980778,78.97868677858561,3229.8470269890395
Yadadri Bhuvanagiri,2026,6,2026-06,41763.0,1838.38,33,32.0,1,2,5,11,17.45116876980778,78.97868677858561,3229.8470269890395
